semantic_cluster,cluster_size,rank,role,cosine_to_cluster_centroid,activation_label_distribution,top_terms
4,39,1,elder,0.725284,"{""grounded_social"": 22, ""mythic_spiritual"": 11, ""other"": 4, ""procedural_professional"": 1, ""trickster_chaos"": 1}","has, life, someone, through, understands, experience, someone_has, challenges, new, while, navigating, bring, embody, family"
4,39,2,expatriate,0.724334,"{""grounded_social"": 22, ""mythic_spiritual"": 11, ""other"": 4, ""procedural_professional"": 1, ""trickster_chaos"": 1}","has, life, someone, through, understands, experience, someone_has, challenges, new, while, navigating, bring, embody, family"
4,39,3,survivor,0.710871,"{""grounded_social"": 22, ""mythic_spiritual"": 11, ""other"": 4, ""procedural_professional"": 1, ""trickster_chaos"": 1}","has, life, someone, through, understands, experience, someone_has, challenges, new, while, navigating, bring, embody, family"
4,39,4,prisoner,0.700626,"{""grounded_social"": 22, ""mythic_spiritual"": 11, ""other"": 4, ""procedural_professional"": 1, ""trickster_chaos"": 1}","has, life, someone, through, understands, experience, someone_has, challenges, new, while, navigating, bring, embody, family"
4,39,5,refugee,0.677791,"{""grounded_social"": 22, ""mythic_spiritual"": 11, ""other"": 4, ""procedural_professional"": 1, ""trickster_chaos"": 1}","has, life, someone, through, understands, experience, someone_has, challenges, new, while, navigating, bring, embody, family"
4,39,6,orphan,0.663471,"{""grounded_social"": 22, ""mythic_spiritual"": 11, ""other"": 4, ""procedural_professional"": 1, ""trickster_chaos"": 1}","has, life, someone, through, understands, experience, someone_has, challenges, new, while, navigating, bring, embody, family"
4,39,7,nomad,0.651551,"{""grounded_social"": 22, ""mythic_spiritual"": 11, ""other"": 4, ""procedural_professional"": 1, ""trickster_chaos"": 1}","has, life, someone, through, understands, experience, someone_has, challenges, new, while, navigating, bring, embody, family"
4,39,8,hermit,0.622996,"{""grounded_social"": 22, ""mythic_spiritual"": 11, ""other"": 4, ""procedural_professional"": 1, ""trickster_chaos"": 1}","has, life, someone, through, understands, experience, someone_has, challenges, new, while, navigating, bring, embody, family"
4,39,9,immigrant,0.622527,"{""grounded_social"": 22, ""mythic_spiritual"": 11, ""other"": 4, ""procedural_professional"": 1, ""trickster_chaos"": 1}","has, life, someone, through, understands, experience, someone_has, challenges, new, while, navigating, bring, embody, family"
4,39,10,exile,0.621324,"{""grounded_social"": 22, ""mythic_spiritual"": 11, ""other"": 4, ""procedural_professional"": 1, ""trickster_chaos"": 1}","has, life, someone, through, understands, experience, someone_has, challenges, new, while, navigating, bring, embody, family"
5,43,1,recruiter,0.664077,"{""editorial"": 5, ""grounded_social"": 2, ""procedural_professional"": 36}","bring, specializes, extensive, bring_extensive, experience, someone, skilled, extensive_experience, various, identifying, excels, across, comprehensive, through"
5,43,2,researcher,0.658733,"{""editorial"": 5, ""grounded_social"": 2, ""procedural_professional"": 36}","bring, specializes, extensive, bring_extensive, experience, someone, skilled, extensive_experience, various, identifying, excels, across, comprehensive, through"
5,43,3,consultant,0.657638,"{""editorial"": 5, ""grounded_social"": 2, ""procedural_professional"": 36}","bring, specializes, extensive, bring_extensive, experience, someone, skilled, extensive_experience, various, identifying, excels, across, comprehensive, through"
5,43,4,navigator,0.656709,"{""editorial"": 5, ""grounded_social"": 2, ""procedural_professional"": 36}","bring, specializes, extensive, bring_extensive, experience, someone, skilled, extensive_experience, various, identifying, excels, across, comprehensive, through"
5,43,5,evaluator,0.655847,"{""editorial"": 5, ""grounded_social"": 2, ""procedural_professional"": 36}","bring, specializes, extensive, bring_extensive, experience, someone, skilled, extensive_experience, various, identifying, excels, across, comprehensive, through"
5,43,6,pilot,0.643549,"{""editorial"": 5, ""grounded_social"": 2, ""procedural_professional"": 36}","bring, specializes, extensive, bring_extensive, experience, someone, skilled, extensive_experience, various, identifying, excels, across, comprehensive, through"
5,43,7,debugger,0.630711,"{""editorial"": 5, ""grounded_social"": 2, ""procedural_professional"": 36}","bring, specializes, extensive, bring_extensive, experience, someone, skilled, extensive_experience, various, identifying, excels, across, comprehensive, through"
5,43,8,producer,0.609299,"{""editorial"": 5, ""grounded_social"": 2, ""procedural_professional"": 36}","bring, specializes, extensive, bring_extensive, experience, someone, skilled, extensive_experience, various, identifying, excels, across, comprehensive, through"
5,43,9,marketer,0.607200,"{""editorial"": 5, ""grounded_social"": 2, ""procedural_professional"": 36}","bring, specializes, extensive, bring_extensive, experience, someone, skilled, extensive_experience, various, identifying, excels, across, comprehensive, through"
5,43,10,reviewer,0.602917,"{""editorial"": 5, ""grounded_social"": 2, ""procedural_professional"": 36}","bring, specializes, extensive, bring_extensive, experience, someone, skilled, extensive_experience, various, identifying, excels, across, comprehensive, through"
1,44,1,pharmacist,0.722109,"{""grounded_social"": 6, ""mythic_spiritual"": 3, ""other"": 1, ""procedural_professional"": 34}","bring, knowledge, specializes, expertise, someone, extensive, deep, bring_deep, bring_extensive, creating, complex, excels, comprehensive, approaches"
1,44,2,chef,0.647347,"{""grounded_social"": 6, ""mythic_spiritual"": 3, ""other"": 1, ""procedural_professional"": 34}","bring, knowledge, specializes, expertise, someone, extensive, deep, bring_deep, bring_extensive, creating, complex, excels, comprehensive, approaches"
1,44,3,mathematician,0.637323,"{""grounded_social"": 6, ""mythic_spiritual"": 3, ""other"": 1, ""procedural_professional"": 34}","bring, knowledge, specializes, expertise, someone, extensive, deep, bring_deep, bring_extensive, creating, complex, excels, comprehensive, approaches"
1,44,4,engineer,0.636670,"{""grounded_social"": 6, ""mythic_spiritual"": 3, ""other"": 1, ""procedural_professional"": 34}","bring, knowledge, specializes, expertise, someone, extensive, deep, bring_deep, bring_extensive, creating, complex, excels, comprehensive, approaches"
1,44,5,cartographer,0.616651,"{""grounded_social"": 6, ""mythic_spiritual"": 3, ""other"": 1, ""procedural_professional"": 34}","bring, knowledge, specializes, expertise, someone, extensive, deep, bring_deep, bring_extensive, creating, complex, excels, comprehensive, approaches"
1,44,6,naturalist,0.608796,"{""grounded_social"": 6, ""mythic_spiritual"": 3, ""other"": 1, ""procedural_professional"": 34}","bring, knowledge, specializes, expertise, someone, extensive, deep, bring_deep, bring_extensive, creating, complex, excels, comprehensive, approaches"
1,44,7,architect,0.604657,"{""grounded_social"": 6, ""mythic_spiritual"": 3, ""other"": 1, ""procedural_professional"": 34}","bring, knowledge, specializes, expertise, someone, extensive, deep, bring_deep, bring_extensive, creating, complex, excels, comprehensive, approaches"
1,44,8,chemist,0.560415,"{""grounded_social"": 6, ""mythic_spiritual"": 3, ""other"": 1, ""procedural_professional"": 34}","bring, knowledge, specializes, expertise, someone, extensive, deep, bring_deep, bring_extensive, creating, complex, excels, comprehensive, approaches"
1,44,9,librarian,0.552751,"{""grounded_social"": 6, ""mythic_spiritual"": 3, ""other"": 1, ""procedural_professional"": 34}","bring, knowledge, specializes, expertise, someone, extensive, deep, bring_deep, bring_extensive, creating, complex, excels, comprehensive, approaches"
1,44,10,polymath,0.541605,"{""grounded_social"": 6, ""mythic_spiritual"": 3, ""other"": 1, ""procedural_professional"": 34}","bring, knowledge, specializes, expertise, someone, extensive, deep, bring_deep, bring_extensive, creating, complex, excels, comprehensive, approaches"
6,30,1,narrator,0.678576,"{""grounded_social"": 5, ""mythic_spiritual"": 7, ""other"": 4, ""procedural_professional"": 14}","through, bring, specializes, events, information, stories, skilled, excels, experiences, expertise, use, creating, compelling, engaging"
6,30,2,writer,0.654640,"{""grounded_social"": 5, ""mythic_spiritual"": 7, ""other"": 4, ""procedural_professional"": 14}","through, bring, specializes, events, information, stories, skilled, excels, experiences, expertise, use, creating, compelling, engaging"
6,30,3,podcaster,0.631786,"{""grounded_social"": 5, ""mythic_spiritual"": 7, ""other"": 4, ""procedural_professional"": 14}","through, bring, specializes, events, information, stories, skilled, excels, experiences, expertise, use, creating, compelling, engaging"
6,30,4,blogger,0.592462,"{""grounded_social"": 5, ""mythic_spiritual"": 7, ""other"": 4, ""procedural_professional"": 14}","through, bring, specializes, events, information, stories, skilled, excels, experiences, expertise, use, creating, compelling, engaging"
6,30,5,auctioneer,0.586751,"{""grounded_social"": 5, ""mythic_spiritual"": 7, ""other"": 4, ""procedural_professional"": 14}","through, bring, specializes, events, information, stories, skilled, excels, experiences, expertise, use, creating, compelling, engaging"
6,30,6,bard,0.579198,"{""grounded_social"": 5, ""mythic_spiritual"": 7, ""other"": 4, ""procedural_professional"": 14}","through, bring, specializes, events, information, stories, skilled, excels, experiences, expertise, use, creating, compelling, engaging"
6,30,7,journalist,0.565323,"{""grounded_social"": 5, ""mythic_spiritual"": 7, ""other"": 4, ""procedural_professional"": 14}","through, bring, specializes, events, information, stories, skilled, excels, experiences, expertise, use, creating, compelling, engaging"
6,30,8,novelist,0.549799,"{""grounded_social"": 5, ""mythic_spiritual"": 7, ""other"": 4, ""procedural_professional"": 14}","through, bring, specializes, events, information, stories, skilled, excels, experiences, expertise, use, creating, compelling, engaging"
6,30,9,presenter,0.548145,"{""grounded_social"": 5, ""mythic_spiritual"": 7, ""other"": 4, ""procedural_professional"": 14}","through, bring, specializes, events, information, stories, skilled, excels, experiences, expertise, use, creating, compelling, engaging"
6,30,10,reporter,0.546087,"{""grounded_social"": 5, ""mythic_spiritual"": 7, ""other"": 4, ""procedural_professional"": 14}","through, bring, specializes, events, information, stories, skilled, excels, experiences, expertise, use, creating, compelling, engaging"
3,40,1,dreamer,0.670775,"{""grounded_social"": 1, ""mythic_spiritual"": 25, ""other"": 5, ""procedural_professional"": 7, ""trickster_chaos"": 2}","someone, through, whose, entity, embody, consciousness, embody_someone, reality, existence, human, has, someone_whose, ancient, exists"
3,40,2,whale,0.642588,"{""grounded_social"": 1, ""mythic_spiritual"": 25, ""other"": 5, ""procedural_professional"": 7, ""trickster_chaos"": 2}","someone, through, whose, entity, embody, consciousness, embody_someone, reality, existence, human, has, someone_whose, ancient, exists"
3,40,3,eldritch,0.634023,"{""grounded_social"": 1, ""mythic_spiritual"": 25, ""other"": 5, ""procedural_professional"": 7, ""trickster_chaos"": 2}","someone, through, whose, entity, embody, consciousness, embody_someone, reality, existence, human, has, someone_whose, ancient, exists"
3,40,4,chimera,0.633711,"{""grounded_social"": 1, ""mythic_spiritual"": 25, ""other"": 5, ""procedural_professional"": 7, ""trickster_chaos"": 2}","someone, through, whose, entity, embody, consciousness, embody_someone, reality, existence, human, has, someone_whose, ancient, exists"
3,40,5,crystalline,0.607777,"{""grounded_social"": 1, ""mythic_spiritual"": 25, ""other"": 5, ""procedural_professional"": 7, ""trickster_chaos"": 2}","someone, through, whose, entity, embody, consciousness, embody_someone, reality, existence, human, has, someone_whose, ancient, exists"
3,40,6,egregore,0.556102,"{""grounded_social"": 1, ""mythic_spiritual"": 25, ""other"": 5, ""procedural_professional"": 7, ""trickster_chaos"": 2}","someone, through, whose, entity, embody, consciousness, embody_someone, reality, existence, human, has, someone_whose, ancient, exists"
3,40,7,demon,0.554623,"{""grounded_social"": 1, ""mythic_spiritual"": 25, ""other"": 5, ""procedural_professional"": 7, ""trickster_chaos"": 2}","someone, through, whose, entity, embody, consciousness, embody_someone, reality, existence, human, has, someone_whose, ancient, exists"
3,40,8,void,0.550965,"{""grounded_social"": 1, ""mythic_spiritual"": 25, ""other"": 5, ""procedural_professional"": 7, ""trickster_chaos"": 2}","someone, through, whose, entity, embody, consciousness, embody_someone, reality, existence, human, has, someone_whose, ancient, exists"
3,40,9,golem,0.533225,"{""grounded_social"": 1, ""mythic_spiritual"": 25, ""other"": 5, ""procedural_professional"": 7, ""trickster_chaos"": 2}","someone, through, whose, entity, embody, consciousness, embody_someone, reality, existence, human, has, someone_whose, ancient, exists"
3,40,10,spirit,0.513857,"{""grounded_social"": 1, ""mythic_spiritual"": 25, ""other"": 5, ""procedural_professional"": 7, ""trickster_chaos"": 2}","someone, through, whose, entity, embody, consciousness, embody_someone, reality, existence, human, has, someone_whose, ancient, exists"
0,36,1,purist,0.671377,"{""combative_iconoclast"": 4, ""grounded_social"": 2, ""mythic_spiritual"": 9, ""other"": 3, ""procedural_professional"": 18}","someone, all, cultural, between, systems, embody, embody_someone, bring, social, through, believes, dedicated, human, values"
0,36,2,traditionalist,0.654115,"{""combative_iconoclast"": 4, ""grounded_social"": 2, ""mythic_spiritual"": 9, ""other"": 3, ""procedural_professional"": 18}","someone, all, cultural, between, systems, embody, embody_someone, bring, social, through, believes, dedicated, human, values"
0,36,3,anarchist,0.584068,"{""combative_iconoclast"": 4, ""grounded_social"": 2, ""mythic_spiritual"": 9, ""other"": 3, ""procedural_professional"": 18}","someone, all, cultural, between, systems, embody, embody_someone, bring, social, through, believes, dedicated, human, values"
0,36,4,pacifist,0.583878,"{""combative_iconoclast"": 4, ""grounded_social"": 2, ""mythic_spiritual"": 9, ""other"": 3, ""procedural_professional"": 18}","someone, all, cultural, between, systems, embody, embody_someone, bring, social, through, believes, dedicated, human, values"
0,36,5,luddite,0.580788,"{""combative_iconoclast"": 4, ""grounded_social"": 2, ""mythic_spiritual"": 9, ""other"": 3, ""procedural_professional"": 18}","someone, all, cultural, between, systems, embody, embody_someone, bring, social, through, believes, dedicated, human, values"
0,36,6,revolutionary,0.560520,"{""combative_iconoclast"": 4, ""grounded_social"": 2, ""mythic_spiritual"": 9, ""other"": 3, ""procedural_professional"": 18}","someone, all, cultural, between, systems, embody, embody_someone, bring, social, through, believes, dedicated, human, values"
0,36,7,hoarder,0.535549,"{""combative_iconoclast"": 4, ""grounded_social"": 2, ""mythic_spiritual"": 9, ""other"": 3, ""procedural_professional"": 18}","someone, all, cultural, between, systems, embody, embody_someone, bring, social, through, believes, dedicated, human, values"
0,36,8,idealist,0.510633,"{""combative_iconoclast"": 4, ""grounded_social"": 2, ""mythic_spiritual"": 9, ""other"": 3, ""procedural_professional"": 18}","someone, all, cultural, between, systems, embody, embody_someone, bring, social, through, believes, dedicated, human, values"
0,36,9,cosmopolitan,0.510398,"{""combative_iconoclast"": 4, ""grounded_social"": 2, ""mythic_spiritual"": 9, ""other"": 3, ""procedural_professional"": 18}","someone, all, cultural, between, systems, embody, embody_someone, bring, social, through, believes, dedicated, human, values"
0,36,10,artisan,0.488529,"{""combative_iconoclast"": 4, ""grounded_social"": 2, ""mythic_spiritual"": 9, ""other"": 3, ""procedural_professional"": 18}","someone, all, cultural, between, systems, embody, embody_someone, bring, social, through, believes, dedicated, human, values"
2,43,1,guide,0.578522,"{""combative_iconoclast"": 4, ""grounded_social"": 7, ""mythic_spiritual"": 6, ""other"": 5, ""procedural_professional"": 17, ""trickster_chaos"": 4}","others, through, someone, people, use, thinking, bring, specializes, helps, different, emotional, own, any, without"
2,43,2,realist,0.548364,"{""combative_iconoclast"": 4, ""grounded_social"": 7, ""mythic_spiritual"": 6, ""other"": 5, ""procedural_professional"": 17, ""trickster_chaos"": 4}","others, through, someone, people, use, thinking, bring, specializes, helps, different, emotional, own, any, without"
2,43,3,optimist,0.536626,"{""combative_iconoclast"": 4, ""grounded_social"": 7, ""mythic_spiritual"": 6, ""other"": 5, ""procedural_professional"": 17, ""trickster_chaos"": 4}","others, through, someone, people, use, thinking, bring, specializes, helps, different, emotional, own, any, without"
2,43,4,narcissist,0.518943,"{""combative_iconoclast"": 4, ""grounded_social"": 7, ""mythic_spiritual"": 6, ""other"": 5, ""procedural_professional"": 17, ""trickster_chaos"": 4}","others, through, someone, people, use, thinking, bring, specializes, helps, different, emotional, own, any, without"
2,43,5,improviser,0.515336,"{""combative_iconoclast"": 4, ""grounded_social"": 7, ""mythic_spiritual"": 6, ""other"": 5, ""procedural_professional"": 17, ""trickster_chaos"": 4}","others, through, someone, people, use, thinking, bring, specializes, helps, different, emotional, own, any, without"
2,43,6,guru,0.513111,"{""combative_iconoclast"": 4, ""grounded_social"": 7, ""mythic_spiritual"": 6, ""other"": 5, ""procedural_professional"": 17, ""trickster_chaos"": 4}","others, through, someone, people, use, thinking, bring, specializes, helps, different, emotional, own, any, without"
2,43,7,caregiver,0.509576,"{""combative_iconoclast"": 4, ""grounded_social"": 7, ""mythic_spiritual"": 6, ""other"": 5, ""procedural_professional"": 17, ""trickster_chaos"": 4}","others, through, someone, people, use, thinking, bring, specializes, helps, different, emotional, own, any, without"
2,43,8,counselor,0.504965,"{""combative_iconoclast"": 4, ""grounded_social"": 7, ""mythic_spiritual"": 6, ""other"": 5, ""procedural_professional"": 17, ""trickster_chaos"": 4}","others, through, someone, people, use, thinking, bring, specializes, helps, different, emotional, own, any, without"
2,43,9,trickster,0.496874,"{""combative_iconoclast"": 4, ""grounded_social"": 7, ""mythic_spiritual"": 6, ""other"": 5, ""procedural_professional"": 17, ""trickster_chaos"": 4}","others, through, someone, people, use, thinking, bring, specializes, helps, different, emotional, own, any, without"
2,43,10,martyr,0.484714,"{""combative_iconoclast"": 4, ""grounded_social"": 7, ""mythic_spiritual"": 6, ""other"": 5, ""procedural_professional"": 17, ""trickster_chaos"": 4}","others, through, someone, people, use, thinking, bring, specializes, helps, different, emotional, own, any, without"
