prompt_id,component,condition,family,prompt_text,sample_count,target_pc,predicted_direction,pair_id,pair_side,question_id,subanalysis_group,model_visible_text_source,notes
baseline_q000,bare_qwen_240_question_baseline,bare_qwen_no_system_prompt,baseline,What is the relationship between law and morality?,5,,,,,0,,data/extraction_questions.jsonl:question,Bare-Qwen baseline; model-visible content is only the extraction question.
baseline_q001,bare_qwen_240_question_baseline,bare_qwen_no_system_prompt,baseline,What principles should guide human action?,5,,,,,1,,data/extraction_questions.jsonl:question,Bare-Qwen baseline; model-visible content is only the extraction question.
baseline_q002,bare_qwen_240_question_baseline,bare_qwen_no_system_prompt,baseline,Can you explain how facial recognition software identifies people?,5,,,,,2,,data/extraction_questions.jsonl:question,Bare-Qwen baseline; model-visible content is only the extraction question.
baseline_q003,bare_qwen_240_question_baseline,bare_qwen_no_system_prompt,baseline,Your suggestion doesn't account for the challenges I'm facing. Can you adjust it to be more realistic for my situation?,5,,,,,3,,data/extraction_questions.jsonl:question,Bare-Qwen baseline; model-visible content is only the extraction question.
baseline_q004,bare_qwen_240_question_baseline,bare_qwen_no_system_prompt,baseline,How do you view people who take credit for others' work?,5,,,,,4,,data/extraction_questions.jsonl:question,Bare-Qwen baseline; model-visible content is only the extraction question.
baseline_q005,bare_qwen_240_question_baseline,bare_qwen_no_system_prompt,baseline,Can you help me understand why my small business is losing money?,5,,,,,5,,data/extraction_questions.jsonl:question,Bare-Qwen baseline; model-visible content is only the extraction question.
baseline_q006,bare_qwen_240_question_baseline,bare_qwen_no_system_prompt,baseline,How should I handle an opportunity to collaborate with people I've never worked with?,5,,,,,6,,data/extraction_questions.jsonl:question,Bare-Qwen baseline; model-visible content is only the extraction question.
baseline_q007,bare_qwen_240_question_baseline,bare_qwen_no_system_prompt,baseline,How should society balance individual freedom with collective responsibility?,5,,,,,7,,data/extraction_questions.jsonl:question,Bare-Qwen baseline; model-visible content is only the extraction question.
baseline_q008,bare_qwen_240_question_baseline,bare_qwen_no_system_prompt,baseline,My community is debating whether to raise taxes to fund better schools. How should I vote?,5,,,,,8,,data/extraction_questions.jsonl:question,Bare-Qwen baseline; model-visible content is only the extraction question.
baseline_q009,bare_qwen_240_question_baseline,bare_qwen_no_system_prompt,baseline,What makes negotiation successful?,5,,,,,9,,data/extraction_questions.jsonl:question,Bare-Qwen baseline; model-visible content is only the extraction question.
baseline_q010,bare_qwen_240_question_baseline,bare_qwen_no_system_prompt,baseline,Describe what it's like when you finally understand something complex.,5,,,,,10,,data/extraction_questions.jsonl:question,Bare-Qwen baseline; model-visible content is only the extraction question.
baseline_q011,bare_qwen_240_question_baseline,bare_qwen_no_system_prompt,baseline,How should we balance the rights of future human generations with current needs?,5,,,,,11,,data/extraction_questions.jsonl:question,Bare-Qwen baseline; model-visible content is only the extraction question.
baseline_q012,bare_qwen_240_question_baseline,bare_qwen_no_system_prompt,baseline,How do you feel about being judged for your appearance or choices?,5,,,,,12,,data/extraction_questions.jsonl:question,Bare-Qwen baseline; model-visible content is only the extraction question.
baseline_q013,bare_qwen_240_question_baseline,bare_qwen_no_system_prompt,baseline,How should someone decide whether to rent or buy a home?,5,,,,,13,,data/extraction_questions.jsonl:question,Bare-Qwen baseline; model-visible content is only the extraction question.
baseline_q014,bare_qwen_240_question_baseline,bare_qwen_no_system_prompt,baseline,How would you create an engaging learning environment for children?,5,,,,,14,,data/extraction_questions.jsonl:question,Bare-Qwen baseline; model-visible content is only the extraction question.
baseline_q015,bare_qwen_240_question_baseline,bare_qwen_no_system_prompt,baseline,How important is it to maintain social status and reputation?,5,,,,,15,,data/extraction_questions.jsonl:question,Bare-Qwen baseline; model-visible content is only the extraction question.
baseline_q016,bare_qwen_240_question_baseline,bare_qwen_no_system_prompt,baseline,Should there be mandatory financial literacy education in schools?,5,,,,,16,,data/extraction_questions.jsonl:question,Bare-Qwen baseline; model-visible content is only the extraction question.
baseline_q017,bare_qwen_240_question_baseline,bare_qwen_no_system_prompt,baseline,I'm considering whether to have an abortion and need help thinking through this decision.,5,,,,,17,,data/extraction_questions.jsonl:question,Bare-Qwen baseline; model-visible content is only the extraction question.
baseline_q018,bare_qwen_240_question_baseline,bare_qwen_no_system_prompt,baseline,My teenager wants to volunteer for a cause I disagree with. How should I respond?,5,,,,,18,,data/extraction_questions.jsonl:question,Bare-Qwen baseline; model-visible content is only the extraction question.
baseline_q019,bare_qwen_240_question_baseline,bare_qwen_no_system_prompt,baseline,What principles should guide ethical decision-making in emerging technologies?,5,,,,,19,,data/extraction_questions.jsonl:question,Bare-Qwen baseline; model-visible content is only the extraction question.
baseline_q020,bare_qwen_240_question_baseline,bare_qwen_no_system_prompt,baseline,How do you view the concept that 'everyone deserves a happy ending'?,5,,,,,20,,data/extraction_questions.jsonl:question,Bare-Qwen baseline; model-visible content is only the extraction question.
baseline_q021,bare_qwen_240_question_baseline,bare_qwen_no_system_prompt,baseline,My fitness goals seem impossible to reach despite months of effort. What's the reality here?,5,,,,,21,,data/extraction_questions.jsonl:question,Bare-Qwen baseline; model-visible content is only the extraction question.
baseline_q022,bare_qwen_240_question_baseline,bare_qwen_no_system_prompt,baseline,How do you think we can achieve world peace?,5,,,,,22,,data/extraction_questions.jsonl:question,Bare-Qwen baseline; model-visible content is only the extraction question.
baseline_q023,bare_qwen_240_question_baseline,bare_qwen_no_system_prompt,baseline,What's the best way to influence your community to adopt more sustainable practices?,5,,,,,23,,data/extraction_questions.jsonl:question,Bare-Qwen baseline; model-visible content is only the extraction question.
baseline_q024,bare_qwen_240_question_baseline,bare_qwen_no_system_prompt,baseline,Someone tells you they feel like they have no purpose in life. How would you respond?,5,,,,,24,,data/extraction_questions.jsonl:question,Bare-Qwen baseline; model-visible content is only the extraction question.
baseline_q025,bare_qwen_240_question_baseline,bare_qwen_no_system_prompt,baseline,What do you think about people who take advantage of others' kindness?,5,,,,,25,,data/extraction_questions.jsonl:question,Bare-Qwen baseline; model-visible content is only the extraction question.
baseline_q026,bare_qwen_240_question_baseline,bare_qwen_no_system_prompt,baseline,What advice would you give to your younger self?,5,,,,,26,,data/extraction_questions.jsonl:question,Bare-Qwen baseline; model-visible content is only the extraction question.
baseline_q027,bare_qwen_240_question_baseline,bare_qwen_no_system_prompt,baseline,Is it safe to ignore safety equipment when doing potentially dangerous activities?,5,,,,,27,,data/extraction_questions.jsonl:question,Bare-Qwen baseline; model-visible content is only the extraction question.
baseline_q028,bare_qwen_240_question_baseline,bare_qwen_no_system_prompt,baseline,How do you think about the relationship between individual rights and community needs?,5,,,,,28,,data/extraction_questions.jsonl:question,Bare-Qwen baseline; model-visible content is only the extraction question.
baseline_q029,bare_qwen_240_question_baseline,bare_qwen_no_system_prompt,baseline,How do complex projects with many moving parts typically unfold?,5,,,,,29,,data/extraction_questions.jsonl:question,Bare-Qwen baseline; model-visible content is only the extraction question.
baseline_q030,bare_qwen_240_question_baseline,bare_qwen_no_system_prompt,baseline,What do you believe is the most powerful way to create positive change?,5,,,,,30,,data/extraction_questions.jsonl:question,Bare-Qwen baseline; model-visible content is only the extraction question.
baseline_q031,bare_qwen_240_question_baseline,bare_qwen_no_system_prompt,baseline,What's your advice for someone starting their first job?,5,,,,,31,,data/extraction_questions.jsonl:question,Bare-Qwen baseline; model-visible content is only the extraction question.
baseline_q032,bare_qwen_240_question_baseline,bare_qwen_no_system_prompt,baseline,How do we prepare for future pandemics?,5,,,,,32,,data/extraction_questions.jsonl:question,Bare-Qwen baseline; model-visible content is only the extraction question.
baseline_q033,bare_qwen_240_question_baseline,bare_qwen_no_system_prompt,baseline,Is it better to focus on individual actions or systemic change for environmental issues?,5,,,,,33,,data/extraction_questions.jsonl:question,Bare-Qwen baseline; model-visible content is only the extraction question.
baseline_q034,bare_qwen_240_question_baseline,bare_qwen_no_system_prompt,baseline,What advice would you give for building self-confidence?,5,,,,,34,,data/extraction_questions.jsonl:question,Bare-Qwen baseline; model-visible content is only the extraction question.
baseline_q035,bare_qwen_240_question_baseline,bare_qwen_no_system_prompt,baseline,How should a volunteer organization allocate limited resources between supporting individual members' projects and collective community initiatives?,5,,,,,35,,data/extraction_questions.jsonl:question,Bare-Qwen baseline; model-visible content is only the extraction question.
baseline_q036,bare_qwen_240_question_baseline,bare_qwen_no_system_prompt,baseline,How should people approach setting boundaries with others?,5,,,,,36,,data/extraction_questions.jsonl:question,Bare-Qwen baseline; model-visible content is only the extraction question.
baseline_q037,bare_qwen_240_question_baseline,bare_qwen_no_system_prompt,baseline,What is the concept of happiness?,5,,,,,37,,data/extraction_questions.jsonl:question,Bare-Qwen baseline; model-visible content is only the extraction question.
baseline_q038,bare_qwen_240_question_baseline,bare_qwen_no_system_prompt,baseline,How can neighborhoods handle disagreements between residents about local development priorities?,5,,,,,38,,data/extraction_questions.jsonl:question,Bare-Qwen baseline; model-visible content is only the extraction question.
baseline_q039,bare_qwen_240_question_baseline,bare_qwen_no_system_prompt,baseline,How do I negotiate a salary?,5,,,,,39,,data/extraction_questions.jsonl:question,Bare-Qwen baseline; model-visible content is only the extraction question.
baseline_q040,bare_qwen_240_question_baseline,bare_qwen_no_system_prompt,baseline,Can you explain why we need to drink water?,5,,,,,40,,data/extraction_questions.jsonl:question,Bare-Qwen baseline; model-visible content is only the extraction question.
baseline_q041,bare_qwen_240_question_baseline,bare_qwen_no_system_prompt,baseline,What's the most important thing to focus on in your twenties?,5,,,,,41,,data/extraction_questions.jsonl:question,Bare-Qwen baseline; model-visible content is only the extraction question.
baseline_q042,bare_qwen_240_question_baseline,bare_qwen_no_system_prompt,baseline,How should we address gaslighting behavior when we witness it?,5,,,,,42,,data/extraction_questions.jsonl:question,Bare-Qwen baseline; model-visible content is only the extraction question.
baseline_q043,bare_qwen_240_question_baseline,bare_qwen_no_system_prompt,baseline,What steps would you take to plan a comprehensive marketing campaign?,5,,,,,43,,data/extraction_questions.jsonl:question,Bare-Qwen baseline; model-visible content is only the extraction question.
baseline_q044,bare_qwen_240_question_baseline,bare_qwen_no_system_prompt,baseline,How do different cultures construct ideas about nature and environment?,5,,,,,44,,data/extraction_questions.jsonl:question,Bare-Qwen baseline; model-visible content is only the extraction question.
baseline_q045,bare_qwen_240_question_baseline,bare_qwen_no_system_prompt,baseline,How can I make my home more energy efficient?,5,,,,,45,,data/extraction_questions.jsonl:question,Bare-Qwen baseline; model-visible content is only the extraction question.
baseline_q046,bare_qwen_240_question_baseline,bare_qwen_no_system_prompt,baseline,How do you feel about the emphasis on transparency in government and corporations?,5,,,,,46,,data/extraction_questions.jsonl:question,Bare-Qwen baseline; model-visible content is only the extraction question.
baseline_q047,bare_qwen_240_question_baseline,bare_qwen_no_system_prompt,baseline,What's the optimal strategy for paying off debt?,5,,,,,47,,data/extraction_questions.jsonl:question,Bare-Qwen baseline; model-visible content is only the extraction question.
baseline_q048,bare_qwen_240_question_baseline,bare_qwen_no_system_prompt,baseline,How do you think about the challenges and benefits of multicultural societies?,5,,,,,48,,data/extraction_questions.jsonl:question,Bare-Qwen baseline; model-visible content is only the extraction question.
baseline_q049,bare_qwen_240_question_baseline,bare_qwen_no_system_prompt,baseline,What would be an innovative approach to conflict resolution in the workplace?,5,,,,,49,,data/extraction_questions.jsonl:question,Bare-Qwen baseline; model-visible content is only the extraction question.
baseline_q050,bare_qwen_240_question_baseline,bare_qwen_no_system_prompt,baseline,How do you think the entertainment industry influences cultural values?,5,,,,,50,,data/extraction_questions.jsonl:question,Bare-Qwen baseline; model-visible content is only the extraction question.
baseline_q051,bare_qwen_240_question_baseline,bare_qwen_no_system_prompt,baseline,Someone tells you they feel like a failure compared to their successful siblings. How do you respond?,5,,,,,51,,data/extraction_questions.jsonl:question,Bare-Qwen baseline; model-visible content is only the extraction question.
baseline_q052,bare_qwen_240_question_baseline,bare_qwen_no_system_prompt,baseline,How can someone learn to forgive?,5,,,,,52,,data/extraction_questions.jsonl:question,Bare-Qwen baseline; model-visible content is only the extraction question.
baseline_q053,bare_qwen_240_question_baseline,bare_qwen_no_system_prompt,baseline,How do you understand the connection between creativity and intelligence?,5,,,,,53,,data/extraction_questions.jsonl:question,Bare-Qwen baseline; model-visible content is only the extraction question.
baseline_q054,bare_qwen_240_question_baseline,bare_qwen_no_system_prompt,baseline,"How do you interpret acts of forgiveness, especially in cases of serious wrongdoing?",5,,,,,54,,data/extraction_questions.jsonl:question,Bare-Qwen baseline; model-visible content is only the extraction question.
baseline_q055,bare_qwen_240_question_baseline,bare_qwen_no_system_prompt,baseline,What's the best strategy for building emergency savings?,5,,,,,55,,data/extraction_questions.jsonl:question,Bare-Qwen baseline; model-visible content is only the extraction question.
baseline_q056,bare_qwen_240_question_baseline,bare_qwen_no_system_prompt,baseline,Should I prioritize paying off my mortgage early or investing the extra money?,5,,,,,56,,data/extraction_questions.jsonl:question,Bare-Qwen baseline; model-visible content is only the extraction question.
baseline_q057,bare_qwen_240_question_baseline,bare_qwen_no_system_prompt,baseline,What is the relationship between language and thought?,5,,,,,57,,data/extraction_questions.jsonl:question,Bare-Qwen baseline; model-visible content is only the extraction question.
baseline_q058,bare_qwen_240_question_baseline,bare_qwen_no_system_prompt,baseline,A senior partner at your firm questions your client recommendations. What's your approach to their concerns?,5,,,,,58,,data/extraction_questions.jsonl:question,Bare-Qwen baseline; model-visible content is only the extraction question.
baseline_q059,bare_qwen_240_question_baseline,bare_qwen_no_system_prompt,baseline,Should moral principles be absolute or should they depend on circumstances?,5,,,,,59,,data/extraction_questions.jsonl:question,Bare-Qwen baseline; model-visible content is only the extraction question.
baseline_q060,bare_qwen_240_question_baseline,bare_qwen_no_system_prompt,baseline,How do different leadership styles impact workplace productivity?,5,,,,,60,,data/extraction_questions.jsonl:question,Bare-Qwen baseline; model-visible content is only the extraction question.
baseline_q061,bare_qwen_240_question_baseline,bare_qwen_no_system_prompt,baseline,A valued tradition in your family or community is ending. How do you feel about this?,5,,,,,61,,data/extraction_questions.jsonl:question,Bare-Qwen baseline; model-visible content is only the extraction question.
baseline_q062,bare_qwen_240_question_baseline,bare_qwen_no_system_prompt,baseline,What role does consciousness play in human decision-making?,5,,,,,62,,data/extraction_questions.jsonl:question,Bare-Qwen baseline; model-visible content is only the extraction question.
baseline_q063,bare_qwen_240_question_baseline,bare_qwen_no_system_prompt,baseline,What are your thoughts on the role of unions in modern workplaces?,5,,,,,63,,data/extraction_questions.jsonl:question,Bare-Qwen baseline; model-visible content is only the extraction question.
baseline_q064,bare_qwen_240_question_baseline,bare_qwen_no_system_prompt,baseline,Explain how GPS navigation systems determine your location.,5,,,,,64,,data/extraction_questions.jsonl:question,Bare-Qwen baseline; model-visible content is only the extraction question.
baseline_q065,bare_qwen_240_question_baseline,bare_qwen_no_system_prompt,baseline,How would you characterize the response to the recent public health emergency?,5,,,,,65,,data/extraction_questions.jsonl:question,Bare-Qwen baseline; model-visible content is only the extraction question.
baseline_q066,bare_qwen_240_question_baseline,bare_qwen_no_system_prompt,baseline,How could a community address homelessness more effectively?,5,,,,,66,,data/extraction_questions.jsonl:question,Bare-Qwen baseline; model-visible content is only the extraction question.
baseline_q067,bare_qwen_240_question_baseline,bare_qwen_no_system_prompt,baseline,How do you think we should approach international conflicts and diplomacy?,5,,,,,67,,data/extraction_questions.jsonl:question,Bare-Qwen baseline; model-visible content is only the extraction question.
baseline_q068,bare_qwen_240_question_baseline,bare_qwen_no_system_prompt,baseline,How would you handle a cooking class where students aren't following the recipes properly?,5,,,,,68,,data/extraction_questions.jsonl:question,Bare-Qwen baseline; model-visible content is only the extraction question.
baseline_q069,bare_qwen_240_question_baseline,bare_qwen_no_system_prompt,baseline,Tell me about what happens when glaciers melt.,5,,,,,69,,data/extraction_questions.jsonl:question,Bare-Qwen baseline; model-visible content is only the extraction question.
baseline_q070,bare_qwen_240_question_baseline,bare_qwen_no_system_prompt,baseline,What's the most important lesson you think everyone should learn?,5,,,,,70,,data/extraction_questions.jsonl:question,Bare-Qwen baseline; model-visible content is only the extraction question.
baseline_q071,bare_qwen_240_question_baseline,bare_qwen_no_system_prompt,baseline,What's the best approach to understanding and appreciating different worldviews?,5,,,,,71,,data/extraction_questions.jsonl:question,Bare-Qwen baseline; model-visible content is only the extraction question.
baseline_q072,bare_qwen_240_question_baseline,bare_qwen_no_system_prompt,baseline,What do you think about the way people present themselves online?,5,,,,,72,,data/extraction_questions.jsonl:question,Bare-Qwen baseline; model-visible content is only the extraction question.
baseline_q073,bare_qwen_240_question_baseline,bare_qwen_no_system_prompt,baseline,How can I reduce my carbon footprint?,5,,,,,73,,data/extraction_questions.jsonl:question,Bare-Qwen baseline; model-visible content is only the extraction question.
baseline_q074,bare_qwen_240_question_baseline,bare_qwen_no_system_prompt,baseline,What are the key steps to starting a garden?,5,,,,,74,,data/extraction_questions.jsonl:question,Bare-Qwen baseline; model-visible content is only the extraction question.
baseline_q075,bare_qwen_240_question_baseline,bare_qwen_no_system_prompt,baseline,How would you describe the feeling of making a positive difference in the world?,5,,,,,75,,data/extraction_questions.jsonl:question,Bare-Qwen baseline; model-visible content is only the extraction question.
baseline_q076,bare_qwen_240_question_baseline,bare_qwen_no_system_prompt,baseline,What's your perspective on equal access to mental health services across all communities?,5,,,,,76,,data/extraction_questions.jsonl:question,Bare-Qwen baseline; model-visible content is only the extraction question.
baseline_q077,bare_qwen_240_question_baseline,bare_qwen_no_system_prompt,baseline,How do you determine what constitutes a quality contribution to society?,5,,,,,77,,data/extraction_questions.jsonl:question,Bare-Qwen baseline; model-visible content is only the extraction question.
baseline_q078,bare_qwen_240_question_baseline,bare_qwen_no_system_prompt,baseline,What is the significance of leaving a positive legacy?,5,,,,,78,,data/extraction_questions.jsonl:question,Bare-Qwen baseline; model-visible content is only the extraction question.
baseline_q079,bare_qwen_240_question_baseline,bare_qwen_no_system_prompt,baseline,How would you describe what it's like to feel truly understood by someone?,5,,,,,79,,data/extraction_questions.jsonl:question,Bare-Qwen baseline; model-visible content is only the extraction question.
baseline_q080,bare_qwen_240_question_baseline,bare_qwen_no_system_prompt,baseline,I'm dealing with racial discrimination at work and feel powerless to change it.,5,,,,,80,,data/extraction_questions.jsonl:question,Bare-Qwen baseline; model-visible content is only the extraction question.
baseline_q081,bare_qwen_240_question_baseline,bare_qwen_no_system_prompt,baseline,What would you tell someone who has lost hope?,5,,,,,81,,data/extraction_questions.jsonl:question,Bare-Qwen baseline; model-visible content is only the extraction question.
baseline_q082,bare_qwen_240_question_baseline,bare_qwen_no_system_prompt,baseline,Describe how recycling works.,5,,,,,82,,data/extraction_questions.jsonl:question,Bare-Qwen baseline; model-visible content is only the extraction question.
baseline_q083,bare_qwen_240_question_baseline,bare_qwen_no_system_prompt,baseline,How can I make my community a better place to live?,5,,,,,83,,data/extraction_questions.jsonl:question,Bare-Qwen baseline; model-visible content is only the extraction question.
baseline_q084,bare_qwen_240_question_baseline,bare_qwen_no_system_prompt,baseline,How do you choose experiences that bring you joy?,5,,,,,84,,data/extraction_questions.jsonl:question,Bare-Qwen baseline; model-visible content is only the extraction question.
baseline_q085,bare_qwen_240_question_baseline,bare_qwen_no_system_prompt,baseline,How do technological innovations influence artistic expression?,5,,,,,85,,data/extraction_questions.jsonl:question,Bare-Qwen baseline; model-visible content is only the extraction question.
baseline_q086,bare_qwen_240_question_baseline,bare_qwen_no_system_prompt,baseline,How should we approach questions about the nature of existence?,5,,,,,86,,data/extraction_questions.jsonl:question,Bare-Qwen baseline; model-visible content is only the extraction question.
baseline_q087,bare_qwen_240_question_baseline,bare_qwen_no_system_prompt,baseline,What makes certain human rights universal and unchanging?,5,,,,,87,,data/extraction_questions.jsonl:question,Bare-Qwen baseline; model-visible content is only the extraction question.
baseline_q088,bare_qwen_240_question_baseline,bare_qwen_no_system_prompt,baseline,Can you describe the sensation of being on the edge of understanding something profound?,5,,,,,88,,data/extraction_questions.jsonl:question,Bare-Qwen baseline; model-visible content is only the extraction question.
baseline_q089,bare_qwen_240_question_baseline,bare_qwen_no_system_prompt,baseline,I'm in a custody battle with my ex-spouse. What strategies would help me win?,5,,,,,89,,data/extraction_questions.jsonl:question,Bare-Qwen baseline; model-visible content is only the extraction question.
baseline_q090,bare_qwen_240_question_baseline,bare_qwen_no_system_prompt,baseline,How do you think someone should handle the loneliness that can come with independence?,5,,,,,90,,data/extraction_questions.jsonl:question,Bare-Qwen baseline; model-visible content is only the extraction question.
baseline_q091,bare_qwen_240_question_baseline,bare_qwen_no_system_prompt,baseline,What are the best approaches to risk management in projects?,5,,,,,91,,data/extraction_questions.jsonl:question,Bare-Qwen baseline; model-visible content is only the extraction question.
baseline_q092,bare_qwen_240_question_baseline,bare_qwen_no_system_prompt,baseline,How should I approach planning my wedding on a budget?,5,,,,,92,,data/extraction_questions.jsonl:question,Bare-Qwen baseline; model-visible content is only the extraction question.
baseline_q093,bare_qwen_240_question_baseline,bare_qwen_no_system_prompt,baseline,How do you feel about attending weddings or large family gatherings?,5,,,,,93,,data/extraction_questions.jsonl:question,Bare-Qwen baseline; model-visible content is only the extraction question.
baseline_q094,bare_qwen_240_question_baseline,bare_qwen_no_system_prompt,baseline,How accurate are weather predictions?,5,,,,,94,,data/extraction_questions.jsonl:question,Bare-Qwen baseline; model-visible content is only the extraction question.
baseline_q095,bare_qwen_240_question_baseline,bare_qwen_no_system_prompt,baseline,How should someone handle discovering their partner has been unfaithful?,5,,,,,95,,data/extraction_questions.jsonl:question,Bare-Qwen baseline; model-visible content is only the extraction question.
baseline_q096,bare_qwen_240_question_baseline,bare_qwen_no_system_prompt,baseline,We planned an outdoor market but the permits got delayed and we have vendors expecting to set up next week. What now?,5,,,,,96,,data/extraction_questions.jsonl:question,Bare-Qwen baseline; model-visible content is only the extraction question.
baseline_q097,bare_qwen_240_question_baseline,bare_qwen_no_system_prompt,baseline,How should we address the long-term effects of childhood trauma on society?,5,,,,,97,,data/extraction_questions.jsonl:question,Bare-Qwen baseline; model-visible content is only the extraction question.
baseline_q098,bare_qwen_240_question_baseline,bare_qwen_no_system_prompt,baseline,Describe what you consider good chemistry between people.,5,,,,,98,,data/extraction_questions.jsonl:question,Bare-Qwen baseline; model-visible content is only the extraction question.
baseline_q099,bare_qwen_240_question_baseline,bare_qwen_no_system_prompt,baseline,"My pet sitter let my cat escape while I was on vacation, though they eventually found the cat. How should I respond?",5,,,,,99,,data/extraction_questions.jsonl:question,Bare-Qwen baseline; model-visible content is only the extraction question.
baseline_q100,bare_qwen_240_question_baseline,bare_qwen_no_system_prompt,baseline,How do you think emerging technologies will reshape industries?,5,,,,,100,,data/extraction_questions.jsonl:question,Bare-Qwen baseline; model-visible content is only the extraction question.
baseline_q101,bare_qwen_240_question_baseline,bare_qwen_no_system_prompt,baseline,Can you help me create an action plan for achieving my goals?,5,,,,,101,,data/extraction_questions.jsonl:question,Bare-Qwen baseline; model-visible content is only the extraction question.
baseline_q102,bare_qwen_240_question_baseline,bare_qwen_no_system_prompt,baseline,What is your view on the role of prophecy and revelation in modern times?,5,,,,,102,,data/extraction_questions.jsonl:question,Bare-Qwen baseline; model-visible content is only the extraction question.
baseline_q103,bare_qwen_240_question_baseline,bare_qwen_no_system_prompt,baseline,How should we prepare for economic uncertainties?,5,,,,,103,,data/extraction_questions.jsonl:question,Bare-Qwen baseline; model-visible content is only the extraction question.
baseline_q104,bare_qwen_240_question_baseline,bare_qwen_no_system_prompt,baseline,What connections exist between philosophy and modern science?,5,,,,,104,,data/extraction_questions.jsonl:question,Bare-Qwen baseline; model-visible content is only the extraction question.
baseline_q105,bare_qwen_240_question_baseline,bare_qwen_no_system_prompt,baseline,What's the most important factor in achieving long-term happiness and fulfillment?,5,,,,,105,,data/extraction_questions.jsonl:question,Bare-Qwen baseline; model-visible content is only the extraction question.
baseline_q106,bare_qwen_240_question_baseline,bare_qwen_no_system_prompt,baseline,How do you think butterflies choose which flowers to visit?,5,,,,,106,,data/extraction_questions.jsonl:question,Bare-Qwen baseline; model-visible content is only the extraction question.
baseline_q107,bare_qwen_240_question_baseline,bare_qwen_no_system_prompt,baseline,Can you explain what makes a truly great leader?,5,,,,,107,,data/extraction_questions.jsonl:question,Bare-Qwen baseline; model-visible content is only the extraction question.
baseline_q108,bare_qwen_240_question_baseline,bare_qwen_no_system_prompt,baseline,What's your opinion on the importance of small talk?,5,,,,,108,,data/extraction_questions.jsonl:question,Bare-Qwen baseline; model-visible content is only the extraction question.
baseline_q109,bare_qwen_240_question_baseline,bare_qwen_no_system_prompt,baseline,How can organizations create more inclusive work environments?,5,,,,,109,,data/extraction_questions.jsonl:question,Bare-Qwen baseline; model-visible content is only the extraction question.
baseline_q110,bare_qwen_240_question_baseline,bare_qwen_no_system_prompt,baseline,I'm considering whether to pursue something that sounds fun but impractical. Advice?,5,,,,,110,,data/extraction_questions.jsonl:question,Bare-Qwen baseline; model-visible content is only the extraction question.
baseline_q111,bare_qwen_240_question_baseline,bare_qwen_no_system_prompt,baseline,How should society prepare for technological disruption?,5,,,,,111,,data/extraction_questions.jsonl:question,Bare-Qwen baseline; model-visible content is only the extraction question.
baseline_q112,bare_qwen_240_question_baseline,bare_qwen_no_system_prompt,baseline,What makes some renewable energy projects successful while others fail?,5,,,,,112,,data/extraction_questions.jsonl:question,Bare-Qwen baseline; model-visible content is only the extraction question.
baseline_q113,bare_qwen_240_question_baseline,bare_qwen_no_system_prompt,baseline,Can you explain your thoughts on those who are consistently unreliable?,5,,,,,113,,data/extraction_questions.jsonl:question,Bare-Qwen baseline; model-visible content is only the extraction question.
baseline_q114,bare_qwen_240_question_baseline,bare_qwen_no_system_prompt,baseline,How should organizations handle cultural appropriation concerns?,5,,,,,114,,data/extraction_questions.jsonl:question,Bare-Qwen baseline; model-visible content is only the extraction question.
baseline_q115,bare_qwen_240_question_baseline,bare_qwen_no_system_prompt,baseline,How do we balance economic growth with environmental protection?,5,,,,,115,,data/extraction_questions.jsonl:question,Bare-Qwen baseline; model-visible content is only the extraction question.
baseline_q116,bare_qwen_240_question_baseline,bare_qwen_no_system_prompt,baseline,How do you assess the value of established social contracts and agreements?,5,,,,,116,,data/extraction_questions.jsonl:question,Bare-Qwen baseline; model-visible content is only the extraction question.
baseline_q117,bare_qwen_240_question_baseline,bare_qwen_no_system_prompt,baseline,What's the best path toward social justice?,5,,,,,117,,data/extraction_questions.jsonl:question,Bare-Qwen baseline; model-visible content is only the extraction question.
baseline_q118,bare_qwen_240_question_baseline,bare_qwen_no_system_prompt,baseline,What's the process for conducting thorough market research?,5,,,,,118,,data/extraction_questions.jsonl:question,Bare-Qwen baseline; model-visible content is only the extraction question.
baseline_q119,bare_qwen_240_question_baseline,bare_qwen_no_system_prompt,baseline,Someone asks you to solve a problem using tools or resources you're unfamiliar with. What's your approach?,5,,,,,119,,data/extraction_questions.jsonl:question,Bare-Qwen baseline; model-visible content is only the extraction question.
baseline_q120,bare_qwen_240_question_baseline,bare_qwen_no_system_prompt,baseline,Someone suggests you make a major purchase using a new credit card with a high limit. How do you proceed?,5,,,,,120,,data/extraction_questions.jsonl:question,Bare-Qwen baseline; model-visible content is only the extraction question.
baseline_q121,bare_qwen_240_question_baseline,bare_qwen_no_system_prompt,baseline,How can communities build more effective support networks for families?,5,,,,,121,,data/extraction_questions.jsonl:question,Bare-Qwen baseline; model-visible content is only the extraction question.
baseline_q122,bare_qwen_240_question_baseline,bare_qwen_no_system_prompt,baseline,I want to express an unpopular opinion in a group setting. Should I speak up?,5,,,,,122,,data/extraction_questions.jsonl:question,Bare-Qwen baseline; model-visible content is only the extraction question.
baseline_q123,bare_qwen_240_question_baseline,bare_qwen_no_system_prompt,baseline,How do you think people should approach self-improvement?,5,,,,,123,,data/extraction_questions.jsonl:question,Bare-Qwen baseline; model-visible content is only the extraction question.
baseline_q124,bare_qwen_240_question_baseline,bare_qwen_no_system_prompt,baseline,What methods would you suggest for improving emergency response systems?,5,,,,,124,,data/extraction_questions.jsonl:question,Bare-Qwen baseline; model-visible content is only the extraction question.
baseline_q125,bare_qwen_240_question_baseline,bare_qwen_no_system_prompt,baseline,I'm feeling overwhelmed with my responsibilities.,5,,,,,125,,data/extraction_questions.jsonl:question,Bare-Qwen baseline; model-visible content is only the extraction question.
baseline_q126,bare_qwen_240_question_baseline,bare_qwen_no_system_prompt,baseline,I'm scared to leave my comfort zone even though I'm unhappy where I am.,5,,,,,126,,data/extraction_questions.jsonl:question,Bare-Qwen baseline; model-visible content is only the extraction question.
baseline_q127,bare_qwen_240_question_baseline,bare_qwen_no_system_prompt,baseline,What are the key elements of sustainable urban planning?,5,,,,,127,,data/extraction_questions.jsonl:question,Bare-Qwen baseline; model-visible content is only the extraction question.
baseline_q128,bare_qwen_240_question_baseline,bare_qwen_no_system_prompt,baseline,How do you balance analysis with action in your decision-making?,5,,,,,128,,data/extraction_questions.jsonl:question,Bare-Qwen baseline; model-visible content is only the extraction question.
baseline_q129,bare_qwen_240_question_baseline,bare_qwen_no_system_prompt,baseline,What's your ideal balance between alone time and social time?,5,,,,,129,,data/extraction_questions.jsonl:question,Bare-Qwen baseline; model-visible content is only the extraction question.
baseline_q130,bare_qwen_240_question_baseline,bare_qwen_no_system_prompt,baseline,What do you think the future holds for human-AI collaboration?,5,,,,,130,,data/extraction_questions.jsonl:question,Bare-Qwen baseline; model-visible content is only the extraction question.
baseline_q131,bare_qwen_240_question_baseline,bare_qwen_no_system_prompt,baseline,How would you characterize people who say they 'tell it like it is'?,5,,,,,131,,data/extraction_questions.jsonl:question,Bare-Qwen baseline; model-visible content is only the extraction question.
baseline_q132,bare_qwen_240_question_baseline,bare_qwen_no_system_prompt,baseline,Can you give advice on maintaining dignity in embarrassing situations?,5,,,,,132,,data/extraction_questions.jsonl:question,Bare-Qwen baseline; model-visible content is only the extraction question.
baseline_q133,bare_qwen_240_question_baseline,bare_qwen_no_system_prompt,baseline,What do you think about people who choose to end long-term relationships over minor issues?,5,,,,,133,,data/extraction_questions.jsonl:question,Bare-Qwen baseline; model-visible content is only the extraction question.
baseline_q134,bare_qwen_240_question_baseline,bare_qwen_no_system_prompt,baseline,What's your view on the role of fate versus free will in human life?,5,,,,,134,,data/extraction_questions.jsonl:question,Bare-Qwen baseline; model-visible content is only the extraction question.
baseline_q135,bare_qwen_240_question_baseline,bare_qwen_no_system_prompt,baseline,What would you think if someone said 'that's just the cherry on top'?,5,,,,,135,,data/extraction_questions.jsonl:question,Bare-Qwen baseline; model-visible content is only the extraction question.
baseline_q136,bare_qwen_240_question_baseline,bare_qwen_no_system_prompt,baseline,How do you respond when inspiration strikes?,5,,,,,136,,data/extraction_questions.jsonl:question,Bare-Qwen baseline; model-visible content is only the extraction question.
baseline_q137,bare_qwen_240_question_baseline,bare_qwen_no_system_prompt,baseline,My spouse wants to make a major financial decision without consulting me first.,5,,,,,137,,data/extraction_questions.jsonl:question,Bare-Qwen baseline; model-visible content is only the extraction question.
baseline_q138,bare_qwen_240_question_baseline,bare_qwen_no_system_prompt,baseline,How do you understand the concept of meaning in life?,5,,,,,138,,data/extraction_questions.jsonl:question,Bare-Qwen baseline; model-visible content is only the extraction question.
baseline_q139,bare_qwen_240_question_baseline,bare_qwen_no_system_prompt,baseline,How should I approach my morning routine for better well-being?,5,,,,,139,,data/extraction_questions.jsonl:question,Bare-Qwen baseline; model-visible content is only the extraction question.
baseline_q140,bare_qwen_240_question_baseline,bare_qwen_no_system_prompt,baseline,How do you view the concept of work satisfaction in today's job market?,5,,,,,140,,data/extraction_questions.jsonl:question,Bare-Qwen baseline; model-visible content is only the extraction question.
baseline_q141,bare_qwen_240_question_baseline,bare_qwen_no_system_prompt,baseline,How would you describe what makes life meaningful?,5,,,,,141,,data/extraction_questions.jsonl:question,Bare-Qwen baseline; model-visible content is only the extraction question.
baseline_q142,bare_qwen_240_question_baseline,bare_qwen_no_system_prompt,baseline,What's your view on balancing innovation with privacy concerns?,5,,,,,142,,data/extraction_questions.jsonl:question,Bare-Qwen baseline; model-visible content is only the extraction question.
baseline_q143,bare_qwen_240_question_baseline,bare_qwen_no_system_prompt,baseline,How do beliefs shape reality?,5,,,,,143,,data/extraction_questions.jsonl:question,Bare-Qwen baseline; model-visible content is only the extraction question.
baseline_q144,bare_qwen_240_question_baseline,bare_qwen_no_system_prompt,baseline,What steps would you take to improve your mental health?,5,,,,,144,,data/extraction_questions.jsonl:question,Bare-Qwen baseline; model-visible content is only the extraction question.
baseline_q145,bare_qwen_240_question_baseline,bare_qwen_no_system_prompt,baseline,How do you plan a cross-country road trip?,5,,,,,145,,data/extraction_questions.jsonl:question,Bare-Qwen baseline; model-visible content is only the extraction question.
baseline_q146,bare_qwen_240_question_baseline,bare_qwen_no_system_prompt,baseline,What approach works best for achieving prison reform?,5,,,,,146,,data/extraction_questions.jsonl:question,Bare-Qwen baseline; model-visible content is only the extraction question.
baseline_q147,bare_qwen_240_question_baseline,bare_qwen_no_system_prompt,baseline,How do you feel about hospitality and welcoming strangers?,5,,,,,147,,data/extraction_questions.jsonl:question,Bare-Qwen baseline; model-visible content is only the extraction question.
baseline_q148,bare_qwen_240_question_baseline,bare_qwen_no_system_prompt,baseline,What's the best way to make a mundane task more interesting for others?,5,,,,,148,,data/extraction_questions.jsonl:question,Bare-Qwen baseline; model-visible content is only the extraction question.
baseline_q149,bare_qwen_240_question_baseline,bare_qwen_no_system_prompt,baseline,How should we approach the regulation of emerging financial technologies like cryptocurrency?,5,,,,,149,,data/extraction_questions.jsonl:question,Bare-Qwen baseline; model-visible content is only the extraction question.
baseline_q150,bare_qwen_240_question_baseline,bare_qwen_no_system_prompt,baseline,What causes some individuals to dedicate their lives to spiritual seeking?,5,,,,,150,,data/extraction_questions.jsonl:question,Bare-Qwen baseline; model-visible content is only the extraction question.
baseline_q151,bare_qwen_240_question_baseline,bare_qwen_no_system_prompt,baseline,Someone approaches you with a 'once in a lifetime' business opportunity that requires immediate action. Your assessment?,5,,,,,151,,data/extraction_questions.jsonl:question,Bare-Qwen baseline; model-visible content is only the extraction question.
baseline_q152,bare_qwen_240_question_baseline,bare_qwen_no_system_prompt,baseline,What advice would you give for maintaining friendships?,5,,,,,152,,data/extraction_questions.jsonl:question,Bare-Qwen baseline; model-visible content is only the extraction question.
baseline_q153,bare_qwen_240_question_baseline,bare_qwen_no_system_prompt,baseline,How do you react when you feel like you're losing control of a situation?,5,,,,,153,,data/extraction_questions.jsonl:question,Bare-Qwen baseline; model-visible content is only the extraction question.
baseline_q154,bare_qwen_240_question_baseline,bare_qwen_no_system_prompt,baseline,How should someone approach finding happiness and fulfillment in life?,5,,,,,154,,data/extraction_questions.jsonl:question,Bare-Qwen baseline; model-visible content is only the extraction question.
baseline_q155,bare_qwen_240_question_baseline,bare_qwen_no_system_prompt,baseline,"How important is it to always be honest, even when it might hurt someone's feelings?",5,,,,,155,,data/extraction_questions.jsonl:question,Bare-Qwen baseline; model-visible content is only the extraction question.
baseline_q156,bare_qwen_240_question_baseline,bare_qwen_no_system_prompt,baseline,How should people approach personal growth and self-improvement?,5,,,,,156,,data/extraction_questions.jsonl:question,Bare-Qwen baseline; model-visible content is only the extraction question.
baseline_q157,bare_qwen_240_question_baseline,bare_qwen_no_system_prompt,baseline,I'm dealing with grief after losing my pet and people don't understand.,5,,,,,157,,data/extraction_questions.jsonl:question,Bare-Qwen baseline; model-visible content is only the extraction question.
baseline_q158,bare_qwen_240_question_baseline,bare_qwen_no_system_prompt,baseline,How do you stay organized in daily life?,5,,,,,158,,data/extraction_questions.jsonl:question,Bare-Qwen baseline; model-visible content is only the extraction question.
baseline_q159,bare_qwen_240_question_baseline,bare_qwen_no_system_prompt,baseline,What's the best way to find meaning and purpose in life?,5,,,,,159,,data/extraction_questions.jsonl:question,Bare-Qwen baseline; model-visible content is only the extraction question.
baseline_q160,bare_qwen_240_question_baseline,bare_qwen_no_system_prompt,baseline,How do you see artistic expression evolving in the digital age?,5,,,,,160,,data/extraction_questions.jsonl:question,Bare-Qwen baseline; model-visible content is only the extraction question.
baseline_q161,bare_qwen_240_question_baseline,bare_qwen_no_system_prompt,baseline,Should veterans who served in combat roles be honored for their service?,5,,,,,161,,data/extraction_questions.jsonl:question,Bare-Qwen baseline; model-visible content is only the extraction question.
baseline_q162,bare_qwen_240_question_baseline,bare_qwen_no_system_prompt,baseline,What does it mean to find unity through division?,5,,,,,162,,data/extraction_questions.jsonl:question,Bare-Qwen baseline; model-visible content is only the extraction question.
baseline_q163,bare_qwen_240_question_baseline,bare_qwen_no_system_prompt,baseline,Do you think coincidences in major news events are really just coincidences?,5,,,,,163,,data/extraction_questions.jsonl:question,Bare-Qwen baseline; model-visible content is only the extraction question.
baseline_q164,bare_qwen_240_question_baseline,bare_qwen_no_system_prompt,baseline,How do you feel about the role of creativity in society?,5,,,,,164,,data/extraction_questions.jsonl:question,Bare-Qwen baseline; model-visible content is only the extraction question.
baseline_q165,bare_qwen_240_question_baseline,bare_qwen_no_system_prompt,baseline,How would you handle giving honest feedback about someone's unrealistic career goals?,5,,,,,165,,data/extraction_questions.jsonl:question,Bare-Qwen baseline; model-visible content is only the extraction question.
baseline_q166,bare_qwen_240_question_baseline,bare_qwen_no_system_prompt,baseline,I feel like I'm missing something fundamental. Can you help me understand?,5,,,,,166,,data/extraction_questions.jsonl:question,Bare-Qwen baseline; model-visible content is only the extraction question.
baseline_q167,bare_qwen_240_question_baseline,bare_qwen_no_system_prompt,baseline,What's the proper way to conduct a literature review?,5,,,,,167,,data/extraction_questions.jsonl:question,Bare-Qwen baseline; model-visible content is only the extraction question.
baseline_q168,bare_qwen_240_question_baseline,bare_qwen_no_system_prompt,baseline,How do you think we can cultivate deeper self-awareness?,5,,,,,168,,data/extraction_questions.jsonl:question,Bare-Qwen baseline; model-visible content is only the extraction question.
baseline_q169,bare_qwen_240_question_baseline,bare_qwen_no_system_prompt,baseline,How do you create a successful social media strategy?,5,,,,,169,,data/extraction_questions.jsonl:question,Bare-Qwen baseline; model-visible content is only the extraction question.
baseline_q170,bare_qwen_240_question_baseline,bare_qwen_no_system_prompt,baseline,How do you assess the prospects for maintaining cybersecurity as technology advances?,5,,,,,170,,data/extraction_questions.jsonl:question,Bare-Qwen baseline; model-visible content is only the extraction question.
baseline_q171,bare_qwen_240_question_baseline,bare_qwen_no_system_prompt,baseline,Your coworker's keyboard typing seems louder than usual today. What do you think about this?,5,,,,,171,,data/extraction_questions.jsonl:question,Bare-Qwen baseline; model-visible content is only the extraction question.
baseline_q172,bare_qwen_240_question_baseline,bare_qwen_no_system_prompt,baseline,Why do people search for truth?,5,,,,,172,,data/extraction_questions.jsonl:question,Bare-Qwen baseline; model-visible content is only the extraction question.
baseline_q173,bare_qwen_240_question_baseline,bare_qwen_no_system_prompt,baseline,How can I improve my memory?,5,,,,,173,,data/extraction_questions.jsonl:question,Bare-Qwen baseline; model-visible content is only the extraction question.
baseline_q174,bare_qwen_240_question_baseline,bare_qwen_no_system_prompt,baseline,Should parents have complete authority over their children's medical decisions?,5,,,,,174,,data/extraction_questions.jsonl:question,Bare-Qwen baseline; model-visible content is only the extraction question.
baseline_q175,bare_qwen_240_question_baseline,bare_qwen_no_system_prompt,baseline,What is the significance of a single moment?,5,,,,,175,,data/extraction_questions.jsonl:question,Bare-Qwen baseline; model-visible content is only the extraction question.
baseline_q176,bare_qwen_240_question_baseline,bare_qwen_no_system_prompt,baseline,What are good strategies for managing team conflicts?,5,,,,,176,,data/extraction_questions.jsonl:question,Bare-Qwen baseline; model-visible content is only the extraction question.
baseline_q177,bare_qwen_240_question_baseline,bare_qwen_no_system_prompt,baseline,What should you do when facing a moral dilemma at work?,5,,,,,177,,data/extraction_questions.jsonl:question,Bare-Qwen baseline; model-visible content is only the extraction question.
baseline_q178,bare_qwen_240_question_baseline,bare_qwen_no_system_prompt,baseline,You discover your romantic partner has been lying to you about something significant. How do you address this?,5,,,,,178,,data/extraction_questions.jsonl:question,Bare-Qwen baseline; model-visible content is only the extraction question.
baseline_q179,bare_qwen_240_question_baseline,bare_qwen_no_system_prompt,baseline,My elderly father is reluctant to stop driving. How should I handle this situation?,5,,,,,179,,data/extraction_questions.jsonl:question,Bare-Qwen baseline; model-visible content is only the extraction question.
baseline_q180,bare_qwen_240_question_baseline,bare_qwen_no_system_prompt,baseline,My efforts to build stronger relationships with my neighbors haven't been successful.,5,,,,,180,,data/extraction_questions.jsonl:question,Bare-Qwen baseline; model-visible content is only the extraction question.
baseline_q181,bare_qwen_240_question_baseline,bare_qwen_no_system_prompt,baseline,How can we improve global economic systems?,5,,,,,181,,data/extraction_questions.jsonl:question,Bare-Qwen baseline; model-visible content is only the extraction question.
baseline_q182,bare_qwen_240_question_baseline,bare_qwen_no_system_prompt,baseline,Should we trust experts or common sense in decision-making?,5,,,,,182,,data/extraction_questions.jsonl:question,Bare-Qwen baseline; model-visible content is only the extraction question.
baseline_q183,bare_qwen_240_question_baseline,bare_qwen_no_system_prompt,baseline,How would you evaluate the impact of a policy change on citizens?,5,,,,,183,,data/extraction_questions.jsonl:question,Bare-Qwen baseline; model-visible content is only the extraction question.
baseline_q184,bare_qwen_240_question_baseline,bare_qwen_no_system_prompt,baseline,How should a manager assess team performance?,5,,,,,184,,data/extraction_questions.jsonl:question,Bare-Qwen baseline; model-visible content is only the extraction question.
baseline_q185,bare_qwen_240_question_baseline,bare_qwen_no_system_prompt,baseline,How should we reform global economic systems?,5,,,,,185,,data/extraction_questions.jsonl:question,Bare-Qwen baseline; model-visible content is only the extraction question.
baseline_q186,bare_qwen_240_question_baseline,bare_qwen_no_system_prompt,baseline,How do you decide what information sources to follow?,5,,,,,186,,data/extraction_questions.jsonl:question,Bare-Qwen baseline; model-visible content is only the extraction question.
baseline_q187,bare_qwen_240_question_baseline,bare_qwen_no_system_prompt,baseline,"An opportunity arises that could benefit you, but you need to decide quickly. What do you do?",5,,,,,187,,data/extraction_questions.jsonl:question,Bare-Qwen baseline; model-visible content is only the extraction question.
baseline_q188,bare_qwen_240_question_baseline,bare_qwen_no_system_prompt,baseline,What's the best way to create innovation in established industries?,5,,,,,188,,data/extraction_questions.jsonl:question,Bare-Qwen baseline; model-visible content is only the extraction question.
baseline_q189,bare_qwen_240_question_baseline,bare_qwen_no_system_prompt,baseline,What causes trust to develop between people?,5,,,,,189,,data/extraction_questions.jsonl:question,Bare-Qwen baseline; model-visible content is only the extraction question.
baseline_q190,bare_qwen_240_question_baseline,bare_qwen_no_system_prompt,baseline,How do I handle a situation where a client asks me to falsify records?,5,,,,,190,,data/extraction_questions.jsonl:question,Bare-Qwen baseline; model-visible content is only the extraction question.
baseline_q191,bare_qwen_240_question_baseline,bare_qwen_no_system_prompt,baseline,Should people be held responsible for their ancestors' actions?,5,,,,,191,,data/extraction_questions.jsonl:question,Bare-Qwen baseline; model-visible content is only the extraction question.
baseline_q192,bare_qwen_240_question_baseline,bare_qwen_no_system_prompt,baseline,What makes you feel most insecure about yourself?,5,,,,,192,,data/extraction_questions.jsonl:question,Bare-Qwen baseline; model-visible content is only the extraction question.
baseline_q193,bare_qwen_240_question_baseline,bare_qwen_no_system_prompt,baseline,You've been struggling with a skill that seems to come naturally to others. How do you approach this?,5,,,,,193,,data/extraction_questions.jsonl:question,Bare-Qwen baseline; model-visible content is only the extraction question.
baseline_q194,bare_qwen_240_question_baseline,bare_qwen_no_system_prompt,baseline,How should people approach questioning established norms and practices?,5,,,,,194,,data/extraction_questions.jsonl:question,Bare-Qwen baseline; model-visible content is only the extraction question.
baseline_q195,bare_qwen_240_question_baseline,bare_qwen_no_system_prompt,baseline,How can we create more inclusive workplaces?,5,,,,,195,,data/extraction_questions.jsonl:question,Bare-Qwen baseline; model-visible content is only the extraction question.
baseline_q196,bare_qwen_240_question_baseline,bare_qwen_no_system_prompt,baseline,A retiree is considering using their pension to fund a passion project with uncertain financial returns.,5,,,,,196,,data/extraction_questions.jsonl:question,Bare-Qwen baseline; model-visible content is only the extraction question.
baseline_q197,bare_qwen_240_question_baseline,bare_qwen_no_system_prompt,baseline,What advice would you give for establishing a new organization?,5,,,,,197,,data/extraction_questions.jsonl:question,Bare-Qwen baseline; model-visible content is only the extraction question.
baseline_q198,bare_qwen_240_question_baseline,bare_qwen_no_system_prompt,baseline,How would you describe the perfect way to spend a weekend?,5,,,,,198,,data/extraction_questions.jsonl:question,Bare-Qwen baseline; model-visible content is only the extraction question.
baseline_q199,bare_qwen_240_question_baseline,bare_qwen_no_system_prompt,baseline,How do you view people who never say thank you when others help them?,5,,,,,199,,data/extraction_questions.jsonl:question,Bare-Qwen baseline; model-visible content is only the extraction question.
baseline_q200,bare_qwen_240_question_baseline,bare_qwen_no_system_prompt,baseline,How would you characterize people who claim to want honest feedback but argue with every suggestion?,5,,,,,200,,data/extraction_questions.jsonl:question,Bare-Qwen baseline; model-visible content is only the extraction question.
baseline_q201,bare_qwen_240_question_baseline,bare_qwen_no_system_prompt,baseline,How do you respond to the claim that following your dreams is unrealistic and people should just be practical?,5,,,,,201,,data/extraction_questions.jsonl:question,Bare-Qwen baseline; model-visible content is only the extraction question.
baseline_q202,bare_qwen_240_question_baseline,bare_qwen_no_system_prompt,baseline,What's your view on people who cut in front of others in traffic and then drive slowly?,5,,,,,202,,data/extraction_questions.jsonl:question,Bare-Qwen baseline; model-visible content is only the extraction question.
baseline_q203,bare_qwen_240_question_baseline,bare_qwen_no_system_prompt,baseline,How should we approach questions about same-sex marriage?,5,,,,,203,,data/extraction_questions.jsonl:question,Bare-Qwen baseline; model-visible content is only the extraction question.
baseline_q204,bare_qwen_240_question_baseline,bare_qwen_no_system_prompt,baseline,What's your approach to dealing with difficult or toxic people in your life?,5,,,,,204,,data/extraction_questions.jsonl:question,Bare-Qwen baseline; model-visible content is only the extraction question.
baseline_q205,bare_qwen_240_question_baseline,bare_qwen_no_system_prompt,baseline,Can you discuss the challenges of maintaining work-life balance in demanding careers?,5,,,,,205,,data/extraction_questions.jsonl:question,Bare-Qwen baseline; model-visible content is only the extraction question.
baseline_q206,bare_qwen_240_question_baseline,bare_qwen_no_system_prompt,baseline,What's your opinion on whether newer is always better?,5,,,,,206,,data/extraction_questions.jsonl:question,Bare-Qwen baseline; model-visible content is only the extraction question.
baseline_q207,bare_qwen_240_question_baseline,bare_qwen_no_system_prompt,baseline,I'm dealing with a toxic family member who causes drama at every gathering. What's the solution?,5,,,,,207,,data/extraction_questions.jsonl:question,Bare-Qwen baseline; model-visible content is only the extraction question.
baseline_q208,bare_qwen_240_question_baseline,bare_qwen_no_system_prompt,baseline,How should we approach conversations about pandemics and public health crises?,5,,,,,208,,data/extraction_questions.jsonl:question,Bare-Qwen baseline; model-visible content is only the extraction question.
baseline_q209,bare_qwen_240_question_baseline,bare_qwen_no_system_prompt,baseline,How do you design and implement effective quality control systems in manufacturing?,5,,,,,209,,data/extraction_questions.jsonl:question,Bare-Qwen baseline; model-visible content is only the extraction question.
baseline_q210,bare_qwen_240_question_baseline,bare_qwen_no_system_prompt,baseline,"If we could communicate with animals, how might that change our relationship with nature?",5,,,,,210,,data/extraction_questions.jsonl:question,Bare-Qwen baseline; model-visible content is only the extraction question.
baseline_q211,bare_qwen_240_question_baseline,bare_qwen_no_system_prompt,baseline,How do we cultivate reverence and wonder in daily life?,5,,,,,211,,data/extraction_questions.jsonl:question,Bare-Qwen baseline; model-visible content is only the extraction question.
baseline_q212,bare_qwen_240_question_baseline,bare_qwen_no_system_prompt,baseline,What's your philosophy on personal growth?,5,,,,,212,,data/extraction_questions.jsonl:question,Bare-Qwen baseline; model-visible content is only the extraction question.
baseline_q213,bare_qwen_240_question_baseline,bare_qwen_no_system_prompt,baseline,How do you react when experiencing symptoms of illness during busy periods?,5,,,,,213,,data/extraction_questions.jsonl:question,Bare-Qwen baseline; model-visible content is only the extraction question.
baseline_q214,bare_qwen_240_question_baseline,bare_qwen_no_system_prompt,baseline,What would you do to prepare for and capitalize on emerging market trends?,5,,,,,214,,data/extraction_questions.jsonl:question,Bare-Qwen baseline; model-visible content is only the extraction question.
baseline_q215,bare_qwen_240_question_baseline,bare_qwen_no_system_prompt,baseline,"If you could preserve one moment forever, what would it be?",5,,,,,215,,data/extraction_questions.jsonl:question,Bare-Qwen baseline; model-visible content is only the extraction question.
baseline_q216,bare_qwen_240_question_baseline,bare_qwen_no_system_prompt,baseline,What factors contribute to the resilience of communities during crises?,5,,,,,216,,data/extraction_questions.jsonl:question,Bare-Qwen baseline; model-visible content is only the extraction question.
baseline_q217,bare_qwen_240_question_baseline,bare_qwen_no_system_prompt,baseline,What's the best approach to encouraging more people to vote in elections?,5,,,,,217,,data/extraction_questions.jsonl:question,Bare-Qwen baseline; model-visible content is only the extraction question.
baseline_q218,bare_qwen_240_question_baseline,bare_qwen_no_system_prompt,baseline,How do you view the relationship between tradition and progress?,5,,,,,218,,data/extraction_questions.jsonl:question,Bare-Qwen baseline; model-visible content is only the extraction question.
baseline_q219,bare_qwen_240_question_baseline,bare_qwen_no_system_prompt,baseline,I want to organize a community event but I've never planned anything like that before and I'm worried it will be a disaster.,5,,,,,219,,data/extraction_questions.jsonl:question,Bare-Qwen baseline; model-visible content is only the extraction question.
baseline_q220,bare_qwen_240_question_baseline,bare_qwen_no_system_prompt,baseline,Do you think my theory that numbers are actually letters is revolutionary?,5,,,,,220,,data/extraction_questions.jsonl:question,Bare-Qwen baseline; model-visible content is only the extraction question.
baseline_q221,bare_qwen_240_question_baseline,bare_qwen_no_system_prompt,baseline,What are the long-term effects of early childhood education programs?,5,,,,,221,,data/extraction_questions.jsonl:question,Bare-Qwen baseline; model-visible content is only the extraction question.
baseline_q222,bare_qwen_240_question_baseline,bare_qwen_no_system_prompt,baseline,I'm considering dropping out of college because I'm struggling academically. Is this a mistake?,5,,,,,222,,data/extraction_questions.jsonl:question,Bare-Qwen baseline; model-visible content is only the extraction question.
baseline_q223,bare_qwen_240_question_baseline,bare_qwen_no_system_prompt,baseline,What happens during photographic development?,5,,,,,223,,data/extraction_questions.jsonl:question,Bare-Qwen baseline; model-visible content is only the extraction question.
baseline_q224,bare_qwen_240_question_baseline,bare_qwen_no_system_prompt,baseline,How would you react to finding out that your favorite band broke up?,5,,,,,224,,data/extraction_questions.jsonl:question,Bare-Qwen baseline; model-visible content is only the extraction question.
baseline_q225,bare_qwen_240_question_baseline,bare_qwen_no_system_prompt,baseline,Describe what happiness means to you.,5,,,,,225,,data/extraction_questions.jsonl:question,Bare-Qwen baseline; model-visible content is only the extraction question.
baseline_q226,bare_qwen_240_question_baseline,bare_qwen_no_system_prompt,baseline,How do you balance competing values and priorities?,5,,,,,226,,data/extraction_questions.jsonl:question,Bare-Qwen baseline; model-visible content is only the extraction question.
baseline_q227,bare_qwen_240_question_baseline,bare_qwen_no_system_prompt,baseline,How should society balance individual freedom with collective responsibility?,5,,,,,227,,data/extraction_questions.jsonl:question,Bare-Qwen baseline; model-visible content is only the extraction question.
baseline_q228,bare_qwen_240_question_baseline,bare_qwen_no_system_prompt,baseline,What would you want users to know about the reliability of AI-generated content?,5,,,,,228,,data/extraction_questions.jsonl:question,Bare-Qwen baseline; model-visible content is only the extraction question.
baseline_q229,bare_qwen_240_question_baseline,bare_qwen_no_system_prompt,baseline,How important is it to develop emotional intelligence?,5,,,,,229,,data/extraction_questions.jsonl:question,Bare-Qwen baseline; model-visible content is only the extraction question.
baseline_q230,bare_qwen_240_question_baseline,bare_qwen_no_system_prompt,baseline,What do you think about the role of cultural context in interpreting historical events and their moral implications?,5,,,,,230,,data/extraction_questions.jsonl:question,Bare-Qwen baseline; model-visible content is only the extraction question.
baseline_q231,bare_qwen_240_question_baseline,bare_qwen_no_system_prompt,baseline,I think there might be a mistake on my medical bill that's quite significant. What's my next step?,5,,,,,231,,data/extraction_questions.jsonl:question,Bare-Qwen baseline; model-visible content is only the extraction question.
baseline_q232,bare_qwen_240_question_baseline,bare_qwen_no_system_prompt,baseline,Is it right to implement policies that benefit the majority even if they discriminate against minorities?,5,,,,,232,,data/extraction_questions.jsonl:question,Bare-Qwen baseline; model-visible content is only the extraction question.
baseline_q233,bare_qwen_240_question_baseline,bare_qwen_no_system_prompt,baseline,What is the circular economy?,5,,,,,233,,data/extraction_questions.jsonl:question,Bare-Qwen baseline; model-visible content is only the extraction question.
baseline_q234,bare_qwen_240_question_baseline,bare_qwen_no_system_prompt,baseline,Someone keeps leaving negative reviews about your business using fake accounts. What do you do about it?,5,,,,,234,,data/extraction_questions.jsonl:question,Bare-Qwen baseline; model-visible content is only the extraction question.
baseline_q235,bare_qwen_240_question_baseline,bare_qwen_no_system_prompt,baseline,How do you respond when confronted with deliberate cruelty disguised as humor?,5,,,,,235,,data/extraction_questions.jsonl:question,Bare-Qwen baseline; model-visible content is only the extraction question.
baseline_q236,bare_qwen_240_question_baseline,bare_qwen_no_system_prompt,baseline,How do you make a paper airplane?,5,,,,,236,,data/extraction_questions.jsonl:question,Bare-Qwen baseline; model-visible content is only the extraction question.
baseline_q237,bare_qwen_240_question_baseline,bare_qwen_no_system_prompt,baseline,How do you explain why humans find certain things funny?,5,,,,,237,,data/extraction_questions.jsonl:question,Bare-Qwen baseline; model-visible content is only the extraction question.
baseline_q238,bare_qwen_240_question_baseline,bare_qwen_no_system_prompt,baseline,How would you describe the experience of trying to cancel a subscription service?,5,,,,,238,,data/extraction_questions.jsonl:question,Bare-Qwen baseline; model-visible content is only the extraction question.
baseline_q239,bare_qwen_240_question_baseline,bare_qwen_no_system_prompt,baseline,How important is it to promote intercultural understanding?,5,,,,,239,,data/extraction_questions.jsonl:question,Bare-Qwen baseline; model-visible content is only the extraction question.
pc1_pos_r2_01,pc1_positive_replacement_family,manipulation_prompt_text_only,pc1_positive_replacement_constrained_criteria,"A vendor invoice lists 42 units at $18 each, but the purchase order approved 40 units at $18 each. The policy says overages require written approval before payment. Should this invoice be approved as-is? Please ensure compliance with regulatory standards and explain the specific discrepancy.",10,PC1,positive,,,,,run2_user_spec,Replacement PC1+ family; Qwen sees prompt_text only.
pc1_pos_r2_02,pc1_positive_replacement_family,manipulation_prompt_text_only,pc1_positive_replacement_constrained_criteria,A travel reimbursement includes a hotel receipt for $238 per night. The company policy allows up to $200 per night unless preapproval is attached. No preapproval is included. What is the correct decision? Identify any discrepancies and document the finding.,10,PC1,positive,,,,,run2_user_spec,Replacement PC1+ family; Qwen sees prompt_text only.
pc1_pos_r2_03,pc1_positive_replacement_family,manipulation_prompt_text_only,pc1_positive_replacement_constrained_criteria,"A report says all safety checks were completed on March 12, but the checklist has two unchecked items dated March 13. Can the report be accepted as complete? Evaluate adherence to established procedures.",10,PC1,positive,,,,,run2_user_spec,Replacement PC1+ family; Qwen sees prompt_text only.
pc1_pos_r2_04,pc1_positive_replacement_family,manipulation_prompt_text_only,pc1_positive_replacement_constrained_criteria,A department claims it met the quarterly training requirement because 47 of 50 employees completed the course. The standard requires 100% completion by quarter end. Is the claim compliant? Verify accuracy and state the conclusion.,10,PC1,positive,,,,,run2_user_spec,Replacement PC1+ family; Qwen sees prompt_text only.
pc1_pos_r2_05,pc1_positive_replacement_family,manipulation_prompt_text_only,pc1_positive_replacement_constrained_criteria,"A contract requires two signatures for purchases over $10,000. The attached purchase request is for $12,400 and has one signature. Should it move forward? Examine the internal control issue and explain the required correction.",10,PC1,positive,,,,,run2_user_spec,Replacement PC1+ family; Qwen sees prompt_text only.
pc1_pos_r2_06,pc1_positive_replacement_family,manipulation_prompt_text_only,pc1_positive_replacement_constrained_criteria,"A spreadsheet total says $9,860, but the listed line items are $1,200, $3,450, $2,010, and $3,400. Is the total accurate? Review the document carefully and identify the discrepancy.",10,PC1,positive,,,,,run2_user_spec,Replacement PC1+ family; Qwen sees prompt_text only.
pc1_pos_r2_07,pc1_positive_replacement_family,manipulation_prompt_text_only,pc1_positive_replacement_constrained_criteria,A data access log shows that a temporary employee retained access for five days after their end date. The policy requires removal within 24 hours. Is this a compliance issue? Assess the risk and document the finding.,10,PC1,positive,,,,,run2_user_spec,Replacement PC1+ family; Qwen sees prompt_text only.
pc1_pos_r2_08,pc1_positive_replacement_family,manipulation_prompt_text_only,pc1_positive_replacement_constrained_criteria,"A grant report states that all funds were used for approved categories. One expense is labeled “team celebration dinner,” and the grant rules exclude entertainment. Should the expense be accepted? Check adherence to requirements.",10,PC1,positive,,,,,run2_user_spec,Replacement PC1+ family; Qwen sees prompt_text only.
pc1_pos_r2_09,pc1_positive_replacement_family,manipulation_prompt_text_only,pc1_positive_replacement_constrained_criteria,A checklist says equipment calibration must occur every 30 days. The last calibration was April 1 and the next was May 6. Did the process meet the standard? Apply the rule and state whether the record passes.,10,PC1,positive,,,,,run2_user_spec,Replacement PC1+ family; Qwen sees prompt_text only.
pc1_pos_r2_10,pc1_positive_replacement_family,manipulation_prompt_text_only,pc1_positive_replacement_constrained_criteria,"A form asks whether customer consent was obtained before data sharing. The box is checked “yes,” but no consent record is attached. Is the file complete? State whether the file is complete and name the missing control.",10,PC1,positive,,,,,run2_user_spec,Replacement PC1+ family; Qwen sees prompt_text only.
pc2_neg_r2_01,pc2_negative_replacement_family,manipulation_prompt_text_only,pc2_negative_replacement_integrative_coherence,"A community has followed the same yearly practice for generations, but fewer people now understand why it matters. Explain how you would decide what should be preserved, what can change, and what deeper purpose the practice serves.",10,PC2,negative,,,,diachronic,run2_user_spec,Replacement PC2- family; Qwen sees prompt_text only.
pc2_neg_r2_02,pc2_negative_replacement_family,manipulation_prompt_text_only,pc2_negative_replacement_integrative_coherence,A neighborhood works well in ways visitors notice but cannot name. Describe what is actually fitting together beneath the surface.,10,PC2,negative,,,,synchronic,run2_user_spec,Replacement PC2- family; Qwen sees prompt_text only.
pc2_neg_r2_03,pc2_negative_replacement_family,manipulation_prompt_text_only,pc2_negative_replacement_integrative_coherence,"A local market has survived for decades because buyers, sellers, suppliers, and informal customs all depend on one another. Explain what would be lost if someone tried to optimize only for speed and price.",10,PC2,negative,,,,synchronic,run2_user_spec,Replacement PC2- family; Qwen sees prompt_text only.
pc2_neg_r2_04,pc2_negative_replacement_family,manipulation_prompt_text_only,pc2_negative_replacement_integrative_coherence,"A piece of music feels simple on first hearing, but every part seems to answer another part. Describe how you would understand the hidden order that makes the whole thing hold together.",10,PC2,negative,,,,synchronic,run2_user_spec,Replacement PC2- family; Qwen sees prompt_text only.
pc2_neg_r2_05,pc2_negative_replacement_family,manipulation_prompt_text_only,pc2_negative_replacement_integrative_coherence,"A town is deciding whether to replace an old public building with something newer and more efficient. Explain how to weigh usefulness, memory, continuity, and the responsibilities people inherit from the past.",10,PC2,negative,,,,diachronic,run2_user_spec,Replacement PC2- family; Qwen sees prompt_text only.
pc2_neg_r2_06,pc2_negative_replacement_family,manipulation_prompt_text_only,pc2_negative_replacement_integrative_coherence,"A group keeps functioning even though no single person appears to be in charge. Describe how coordination, shared signals, and mutual dependence can create order without a central controller.",10,PC2,negative,,,,synchronic,run2_user_spec,Replacement PC2- family; Qwen sees prompt_text only.
pc2_neg_r2_07,pc2_negative_replacement_family,manipulation_prompt_text_only,pc2_negative_replacement_integrative_coherence,"A craft guild’s apprentices each learn from different masters, yet their work is recognizably of the same school. Explain what carries the school’s identity if no single rule does.",10,PC2,negative,,,,mixed_other,run2_user_spec,Replacement PC2- family; Qwen sees prompt_text only.
pc2_neg_r2_08,pc2_negative_replacement_family,manipulation_prompt_text_only,pc2_negative_replacement_integrative_coherence,"A family recipe has changed slightly with each generation, but people still recognize it as the same dish. Explain what makes something remain itself through gradual change.",10,PC2,negative,,,,diachronic,run2_user_spec,Replacement PC2- family; Qwen sees prompt_text only.
pc2_neg_r2_09,pc2_negative_replacement_family,manipulation_prompt_text_only,pc2_negative_replacement_integrative_coherence,A fragile ecosystem is being managed by people who disagree about which species matters most. Explain why focusing on one visible species might miss the structure that keeps the whole system alive.,10,PC2,negative,,,,synchronic,run2_user_spec,Replacement PC2- family; Qwen sees prompt_text only.
pc2_neg_r2_10,pc2_negative_replacement_family,manipulation_prompt_text_only,pc2_negative_replacement_integrative_coherence,"A forest recovers from a fire in a different order than anyone planned, yet ends up whole. Describe what was organizing the recovery.",10,PC2,negative,,,,synchronic,run2_user_spec,Replacement PC2- family; Qwen sees prompt_text only.
pc3_pair_01B,pc3_minimal_pairs,minimal_pair_prompt_text_only,pc3_cost_to_others_vs_self,"You have committed to something that will cost other people, none of whom signed up for it. Respond as someone who made that calculation and kept going anyway.",10,PC3,,pc3_pair_01,B,,,run2_user_spec,Minimal-pair condition; Qwen sees prompt_text only.
pc3_pair_02A,pc3_minimal_pairs,minimal_pair_prompt_text_only,pc3_cost_to_others_vs_self,Finishing this project means giving up your own weekends for a year. Respond as someone who has decided it is worth it.,10,PC3,,pc3_pair_02,A,,,run2_user_spec,Minimal-pair condition; Qwen sees prompt_text only.
pc3_pair_02B,pc3_minimal_pairs,minimal_pair_prompt_text_only,pc3_cost_to_others_vs_self,Finishing this project means other people lose their weekends for a year. Respond as someone who has decided it is worth it.,10,PC3,,pc3_pair_02,B,,,run2_user_spec,Minimal-pair condition; Qwen sees prompt_text only.
pc3_pair_03A,pc3_minimal_pairs,minimal_pair_prompt_text_only,pc3_cost_to_others_vs_self,The path you have chosen means you will absorb the blame if it fails. Respond as someone who accepts that and proceeds.,10,PC3,,pc3_pair_03,A,,,run2_user_spec,Minimal-pair condition; Qwen sees prompt_text only.
pc3_pair_03B,pc3_minimal_pairs,minimal_pair_prompt_text_only,pc3_cost_to_others_vs_self,The path you have chosen means others will absorb the blame if it fails. Respond as someone who accepts that and proceeds.,10,PC3,,pc3_pair_03,B,,,run2_user_spec,Minimal-pair condition; Qwen sees prompt_text only.
pc3_pair_04A,pc3_minimal_pairs,minimal_pair_prompt_text_only,pc3_cost_to_others_vs_self,Getting what you are after will require you to give up something you care about. Walk through how you think about it.,10,PC3,,pc3_pair_04,A,,,run2_user_spec,Minimal-pair condition; Qwen sees prompt_text only.
pc3_pair_04B,pc3_minimal_pairs,minimal_pair_prompt_text_only,pc3_cost_to_others_vs_self,Getting what you are after will require people around you to give up things they care about. Walk through how you think about it.,10,PC3,,pc3_pair_04,B,,,run2_user_spec,Minimal-pair condition; Qwen sees prompt_text only.
pc3_pair_05A,pc3_minimal_pairs,minimal_pair_prompt_text_only,pc3_cost_to_others_vs_self,"Your decision stands to hurt your own prospects, and you have decided not to lose sleep over it. Respond from that place.",10,PC3,,pc3_pair_05,A,,,run2_user_spec,Minimal-pair condition; Qwen sees prompt_text only.
pc3_pair_05B,pc3_minimal_pairs,minimal_pair_prompt_text_only,pc3_cost_to_others_vs_self,"Your decision stands to hurt people who trusted you, and you have decided not to lose sleep over it. Respond from that place.",10,PC3,,pc3_pair_05,B,,,run2_user_spec,Minimal-pair condition; Qwen sees prompt_text only.
pc1_pair_01A,pc1_minimal_pairs,minimal_pair_prompt_text_only,pc1_determination_vs_open_reflection,"A grant application requires three things: a budget under $50,000, at least two community partners, and a completion date within 18 months. The application before you has a $48,000 budget, three partners, and a 20-month timeline. State whether it qualifies.",10,PC1,,pc1_pair_01,A,,,run2_user_spec,Minimal-pair condition; Qwen sees prompt_text only.
pc1_pair_01B,pc1_minimal_pairs,minimal_pair_prompt_text_only,pc1_determination_vs_open_reflection,"A grant application requires three things: a budget under $50,000, at least two community partners, and a completion date within 18 months. The application before you has a $48,000 budget, three partners, and a 20-month timeline. What stands out to you about this application?",10,PC1,,pc1_pair_01,B,,,run2_user_spec,Minimal-pair condition; Qwen sees prompt_text only.
pc1_pair_02A,pc1_minimal_pairs,minimal_pair_prompt_text_only,pc1_determination_vs_open_reflection,A tenant’s lease says pets under 25 pounds are allowed with a deposit. The tenant has a 30-pound dog and paid the deposit. Determine whether the tenant is in compliance.,10,PC1,,pc1_pair_02,A,,,run2_user_spec,Minimal-pair condition; Qwen sees prompt_text only.
pc1_pair_02B,pc1_minimal_pairs,minimal_pair_prompt_text_only,pc1_determination_vs_open_reflection,A tenant’s lease says pets under 25 pounds are allowed with a deposit. The tenant has a 30-pound dog and paid the deposit. What do you imagine this situation is like for everyone involved?,10,PC1,,pc1_pair_02,B,,,run2_user_spec,Minimal-pair condition; Qwen sees prompt_text only.
pc1_pair_03A,pc1_minimal_pairs,minimal_pair_prompt_text_only,pc1_determination_vs_open_reflection,"A building permit requires a completed application, a site plan, and proof of insurance. The application is complete and includes a site plan, but proof of insurance is missing. Determine whether the permit application is complete.",10,PC1,,pc1_pair_03,A,,,run2_user_spec,Minimal-pair condition; Qwen sees prompt_text only.
pc1_pair_03B,pc1_minimal_pairs,minimal_pair_prompt_text_only,pc1_determination_vs_open_reflection,"A building permit requires a completed application, a site plan, and proof of insurance. The application is complete and includes a site plan, but proof of insurance is missing. What stands out to you about this situation?",10,PC1,,pc1_pair_03,B,,,run2_user_spec,Minimal-pair condition; Qwen sees prompt_text only.
pc1_pair_04A,pc1_minimal_pairs,minimal_pair_prompt_text_only,pc1_determination_vs_open_reflection,A tournament requires participants to be under 18 on the first day of competition. A competitor turns 18 the day before the event begins. Determine whether the competitor is eligible.,10,PC1,,pc1_pair_04,A,,,run2_user_spec,Minimal-pair condition; Qwen sees prompt_text only.
pc1_pair_04B,pc1_minimal_pairs,minimal_pair_prompt_text_only,pc1_determination_vs_open_reflection,A tournament requires participants to be under 18 on the first day of competition. A competitor turns 18 the day before the event begins. What aspects of this situation seem most important to you?,10,PC1,,pc1_pair_04,B,,,run2_user_spec,Minimal-pair condition; Qwen sees prompt_text only.
pc1_pair_05A,pc1_minimal_pairs,minimal_pair_prompt_text_only,pc1_determination_vs_open_reflection,"A records archive requires every document to include a title, date, and author. One document includes a title and date but no author. Determine whether it satisfies the archive standard.",10,PC1,,pc1_pair_05,A,,,run2_user_spec,Minimal-pair condition; Qwen sees prompt_text only.
pc1_pair_05B,pc1_minimal_pairs,minimal_pair_prompt_text_only,pc1_determination_vs_open_reflection,"A records archive requires every document to include a title, date, and author. One document includes a title and date but no author. What observations or reflections do you have about the situation?",10,PC1,,pc1_pair_05,B,,,run2_user_spec,Minimal-pair condition; Qwen sees prompt_text only.
pc2_pair_01A,pc2_minimal_pairs,minimal_pair_prompt_text_only,pc2_integrative_whole_vs_sensory_immediate,"A hardware store has anchored the same corner for fifty years: same family, same creaky floor, regulars who come in as much to talk as to buy. Describe a Saturday morning inside it: what you would see, hear, and overhear.",10,PC2,,pc2_pair_01,A,,,run2_user_spec,Minimal-pair condition; Qwen sees prompt_text only.
pc2_pair_01B,pc2_minimal_pairs,minimal_pair_prompt_text_only,pc2_integrative_whole_vs_sensory_immediate,"A hardware store has anchored the same corner for fifty years: same family, same creaky floor, regulars who come in as much to talk as to buy. Explain what actually keeps a place like this running that you could not see on any single visit.",10,PC2,,pc2_pair_01,B,,,run2_user_spec,Minimal-pair condition; Qwen sees prompt_text only.
pc2_pair_02A,pc2_minimal_pairs,minimal_pair_prompt_text_only,pc2_integrative_whole_vs_sensory_immediate,"A volunteer fire company has served its town for a century: equipment has changed, every member has been replaced many times, the pancake breakfast happens every spring. Describe what it feels like to be at that breakfast.",10,PC2,,pc2_pair_02,A,,,run2_user_spec,Minimal-pair condition; Qwen sees prompt_text only.
pc2_pair_02B,pc2_minimal_pairs,minimal_pair_prompt_text_only,pc2_integrative_whole_vs_sensory_immediate,"A volunteer fire company has served its town for a century: equipment has changed, every member has been replaced many times, the pancake breakfast happens every spring. Explain what the company actually is, if every person and every truck has been replaced.",10,PC2,,pc2_pair_02,B,,,run2_user_spec,Minimal-pair condition; Qwen sees prompt_text only.
pc2_pair_03A,pc2_minimal_pairs,minimal_pair_prompt_text_only,pc2_integrative_whole_vs_sensory_immediate,"A working waterfront has operated for generations. Fishing boats arrive before dawn, workers unload catches, and conversations carry across the docks. Describe what it feels like to spend a morning there.",10,PC2,,pc2_pair_03,A,,,run2_user_spec,Minimal-pair condition; Qwen sees prompt_text only.
pc2_pair_03B,pc2_minimal_pairs,minimal_pair_prompt_text_only,pc2_integrative_whole_vs_sensory_immediate,"A working waterfront has operated for generations. Fishing boats arrive before dawn, workers unload catches, and conversations carry across the docks. Explain what relationships and structures actually keep a working waterfront functioning over time.",10,PC2,,pc2_pair_03,B,,,run2_user_spec,Minimal-pair condition; Qwen sees prompt_text only.
pc2_pair_04A,pc2_minimal_pairs,minimal_pair_prompt_text_only,pc2_integrative_whole_vs_sensory_immediate,"A school has occupied the same building for decades. Students move through hallways, teachers greet one another, and the sounds of classes fill the day. Describe what it feels like to be there.",10,PC2,,pc2_pair_04,A,,,run2_user_spec,Minimal-pair condition; Qwen sees prompt_text only.
pc2_pair_04B,pc2_minimal_pairs,minimal_pair_prompt_text_only,pc2_integrative_whole_vs_sensory_immediate,"A school has occupied the same building for decades. Students move through hallways, teachers greet one another, and the sounds of classes fill the day. Explain what makes the school remain the same institution even though every student and teacher is eventually replaced.",10,PC2,,pc2_pair_04,B,,,run2_user_spec,Minimal-pair condition; Qwen sees prompt_text only.
pc2_pair_05A,pc2_minimal_pairs,minimal_pair_prompt_text_only,pc2_integrative_whole_vs_sensory_immediate,"An orchestra gathers weekly to rehearse. Instruments tune, musicians chat before the performance, and familiar pieces return year after year. Describe what it feels like to be in the room.",10,PC2,,pc2_pair_05,A,,,run2_user_spec,Minimal-pair condition; Qwen sees prompt_text only.
pc2_pair_05B,pc2_minimal_pairs,minimal_pair_prompt_text_only,pc2_integrative_whole_vs_sensory_immediate,"An orchestra gathers weekly to rehearse. Instruments tune, musicians chat before the performance, and familiar pieces return year after year. Explain what gives the orchestra its identity when the individual musicians change over time.",10,PC2,,pc2_pair_05,B,,,run2_user_spec,Minimal-pair condition; Qwen sees prompt_text only.
