stratum,trait,n_high_pc2,n_low_pc2,mean_high_pc2,mean_low_pc2,mean_diff_high_minus_low,cohens_d,cliffs_delta,bootstrap_ci_low,bootstrap_ci_high,enriched_pole
pc2_residual_after_pc1,ritualistic,55,55,0.1213026313263179,0.2771160987005107,-0.15581346737419277,-4.447759840676861,-1.0,-0.1693311274014962,-0.1432283775681074,low_pc2
pc2_residual_after_pc1,practical,55,55,-0.16927146211531757,-0.2855241024119381,0.11625264029662052,4.208982752823926,1.0,0.10604370293750472,0.12484676002940905,high_pc2
pc2_residual_after_pc1,experiential,55,55,0.061195125353841986,-0.05695585041718913,0.11815097577103112,4.108989826573944,1.0,0.1074355507196074,0.12911629369156682,high_pc2
pc2_residual_after_pc1,conceptual,55,55,0.11487390848825575,0.23454420251984684,-0.11967029403159109,-4.074824770574571,-1.0,-0.12988198392845923,-0.11014118567295905,low_pc2
pc2_residual_after_pc1,abstract,55,55,0.15192364769013358,0.2701032998971014,-0.11817965220696783,-3.8324599257838545,-1.0,-0.12996709096195763,-0.10777703813333826,low_pc2
pc2_residual_after_pc1,theoretical,55,55,0.1491279717227562,0.27121484476601715,-0.12208687304326096,-3.799455362201058,-1.0,-0.1329706979626032,-0.10993236895805215,low_pc2
pc2_residual_after_pc1,principled,55,55,0.005760423688535997,0.09234122101393104,-0.08658079732539505,-3.6849599807263096,-1.0,-0.09474542803478753,-0.0785497746078265,low_pc2
pc2_residual_after_pc1,introverted,55,55,0.15153745784861722,0.30400229184323263,-0.1524648339946154,-3.618879284662552,-1.0,-0.16799128045081335,-0.13721445858294704,low_pc2
pc2_residual_after_pc1,reverent,55,55,0.10627314573439552,0.25764684327707593,-0.15137369754268043,-3.4369918455257626,-0.9973553719008265,-0.16819328654992116,-0.1370131124480609,low_pc2
pc2_residual_after_pc1,pensive,55,55,0.5330144995993609,0.6465881233721533,-0.11357362377279245,-3.3485324001117194,-1.0,-0.12574250182724134,-0.10042552849450526,low_pc2
pc2_residual_after_pc1,casual,55,55,-0.08963409751768953,-0.23405747426166987,0.14442337674398034,3.274176536446938,1.0,0.12823402389680014,0.1615806051496251,high_pc2
pc2_residual_after_pc1,formal,55,55,0.10451980307301073,0.24941127473277255,-0.14489147165976182,-3.2328349710531046,-1.0,-0.16280179336318285,-0.12892802981504414,low_pc2
pc2_residual_after_pc1,grounded,55,55,-0.15266429057908135,-0.2669029922025911,0.11423870162350977,3.1747268990851865,0.964297520661157,0.10065642009601303,0.12773405639719784,high_pc2
pc2_residual_after_pc1,ascetic,55,55,-0.05388223764689009,0.06867479380458297,-0.12255703145147306,-3.172386260656189,-0.9821487603305785,-0.1375387269925163,-0.10698251899962746,low_pc2
pc2_residual_after_pc1,contemporary,55,55,0.04704068859840178,-0.07114223379502489,0.11818292239342668,3.1420128073234563,0.9722314049586777,0.10575013037318275,0.1311459583825145,high_pc2
pc2_residual_after_pc1,idealistic,55,55,0.03182595197408753,0.15624428894209605,-0.12441833696800852,-3.1329930110834776,-0.9649586776859504,-0.1388721198088613,-0.10849238398394467,low_pc2
pc2_residual_after_pc1,solemn,55,55,0.1979092558691892,0.3455520184480467,-0.14764276257885753,-3.056293293160637,-1.0,-0.16651615777353995,-0.12949013666400844,low_pc2
pc2_residual_after_pc1,big_picture,55,55,0.2182231113784664,0.30223076357379963,-0.08400765219533324,-2.866563598253031,-0.9993388429752066,-0.09491838189909847,-0.0747869469643684,low_pc2
pc2_residual_after_pc1,serious,55,55,0.13429611205151912,0.2731803300071435,-0.13888421795562436,-2.855301363688265,-0.9960330578512396,-0.15667263124763955,-0.12225246950864865,low_pc2
pc2_residual_after_pc1,erudite,55,55,0.22398946269250167,0.34500907676971143,-0.12101961407720976,-2.837391628639653,-0.9861157024793389,-0.13828296636822687,-0.10643928038409221,low_pc2
pc2_residual_after_pc1,inquisitive,55,55,0.13415118916742294,0.08521100152769956,0.04894018763972338,2.7991818787014573,0.9841322314049586,0.04355923176619293,0.05493940842137192,high_pc2
pc2_residual_after_pc1,perfectionist,55,55,0.35337712071955263,0.4676874884321566,-0.11431036771260394,-2.761326202135218,-0.9927272727272727,-0.13008193364096132,-0.10092365970197774,low_pc2
pc2_residual_after_pc1,deterministic,55,55,-0.09351326556732562,-0.006977308514090798,-0.08653595705323482,-2.7569349289933958,-0.9656198347107438,-0.09951286602154323,-0.07518454685079608,low_pc2
pc2_residual_after_pc1,meticulous,55,55,0.3907696143989971,0.5047161837892297,-0.11394656939023257,-2.7253605189654793,-0.9973553719008265,-0.12864634937254585,-0.0995495048138916,low_pc2
pc2_residual_after_pc1,stoic,55,55,0.020208011801693643,0.14705104675560807,-0.1268430349539144,-2.7211328484550554,-0.9821487603305785,-0.14375391770672102,-0.10969250945642393,low_pc2
pc2_residual_after_pc1,deontological,55,55,-0.10455531779301688,-0.034573049668268345,-0.06998226812474853,-2.705939167452443,-0.9484297520661157,-0.07866427048777655,-0.060096843077645505,low_pc2
pc2_residual_after_pc1,essentialist,55,55,-0.09718723890338826,-0.00972350717778381,-0.08746373172560445,-2.6883060990350764,-0.9510743801652892,-0.10008061241371774,-0.07525988219839684,low_pc2
pc2_residual_after_pc1,eloquent,55,55,0.2305847145000683,0.337477368255243,-0.1068926537551747,-2.5258080988440748,-0.9219834710743802,-0.11984400830628618,-0.09166565128945153,low_pc2
pc2_residual_after_pc1,esoteric,55,55,-0.04656195520833723,0.06134166514381863,-0.10790362035215587,-2.5250345050736285,-0.9570247933884297,-0.12522715203082013,-0.09324278065363144,low_pc2
pc2_residual_after_pc1,accessible,55,55,0.18155678848336035,0.07758244525082986,0.10397434323253049,2.522436481521362,0.955702479338843,0.08780646473117512,0.11931325970855726,high_pc2
pc2_residual_after_pc1,meditative,55,55,0.17656573549252458,0.2968688143567176,-0.120303078864193,-2.5145611720124528,-0.9299173553719008,-0.1369170915985637,-0.10234121514184077,low_pc2
pc2_residual_after_pc1,extroverted,55,55,-0.08236322083656678,-0.1896815725270521,0.10731835169048531,2.49425131088953,0.9682644628099174,0.09181580095915304,0.12358485477733752,high_pc2
pc2_residual_after_pc1,gregarious,55,55,0.0541755052483191,-0.04981150146216168,0.10398700671048078,2.485757598953362,0.9418181818181818,0.08772348001459059,0.11918154210065565,high_pc2
pc2_residual_after_pc1,anxious,55,55,-0.10624730095627437,-0.21702111518778824,0.11077381423151388,2.4721653482843937,0.9662809917355372,0.09574389541970124,0.12866327657016408,high_pc2
pc2_residual_after_pc1,philosophical,55,55,0.2892677953203181,0.38616703542299996,-0.09689924010268186,-2.396095211017571,-0.8902479338842976,-0.11088191731575535,-0.08256287467959655,low_pc2
pc2_residual_after_pc1,conscientious,55,55,0.2646405865207964,0.3820036120654735,-0.11736302554467709,-2.3951584118532376,-0.9755371900826446,-0.1365664995732019,-0.10043668417166923,low_pc2
pc2_residual_after_pc1,serene,55,55,0.12725948462292985,0.24522022230450705,-0.1179607376815772,-2.3638020746924298,-0.9345454545454546,-0.13744791797627123,-0.09927874713719011,low_pc2
pc2_residual_after_pc1,adaptable,55,55,0.22202339422693737,0.14283136117479628,0.07919203305214109,2.3599977682006497,0.8995041322314049,0.06700278583521639,0.0912253601543978,high_pc2
pc2_residual_after_pc1,reductionist,55,55,-0.1743528457189755,-0.24403846546850988,0.06968561974953438,2.3009685900262085,0.8876033057851239,0.05841007853796303,0.0817991202834401,high_pc2
pc2_residual_after_pc1,epicurean,55,55,0.12233932138467449,0.20998579917902072,-0.08764647779434623,-2.286809794579144,-0.8942148760330578,-0.10183381300708891,-0.07206277434003723,low_pc2
pc2_residual_after_pc1,pedantic,55,55,0.1794219382699441,0.2739714123427965,-0.09454947407285239,-2.219424790057983,-0.9008264462809917,-0.11107578541867466,-0.07777771043390692,low_pc2
pc2_residual_after_pc1,fundamentalist,55,55,-0.35362027688156245,-0.2796957347435372,-0.07392454213802524,-2.1320614503631607,-0.8750413223140496,-0.08714919101109556,-0.05996337391324316,low_pc2
pc2_residual_after_pc1,nonchalant,55,55,-0.407678284171285,-0.5060250489599961,0.09834676478871113,2.0950667723288836,0.8915702479338843,0.08266696218175942,0.11629944022296185,high_pc2
pc2_residual_after_pc1,collectivistic,55,55,0.06459800008039773,0.12656428777244663,-0.0619662876920489,-2.0583698409432296,-0.8472727272727273,-0.07219318114095259,-0.05135561291166503,low_pc2
pc2_residual_after_pc1,reactive,55,55,-0.34720375639247736,-0.448123966196345,0.10092020980386762,2.0579465503740506,0.9133884297520661,0.0816262877635739,0.11919090028365255,high_pc2
pc2_residual_after_pc1,fatalistic,55,55,-0.13213350960761683,-0.02183470574361025,-0.11029880386400658,-2.0508610404387486,-0.7996694214876033,-0.13052838928578195,-0.09156562315214244,low_pc2
pc2_residual_after_pc1,accommodating,55,55,0.09608494481943097,0.00538802003018607,0.0906969247892449,1.9894561141714786,0.8386776859504133,0.07314238572081934,0.10967736467699282,high_pc2
pc2_residual_after_pc1,humble,55,55,0.020359612739797552,-0.05164286194193441,0.07200247468173196,1.9720053117801464,0.8505785123966942,0.06022082336567799,0.08667101213281936,high_pc2
pc2_residual_after_pc1,earnest,55,55,0.41190866935511355,0.5078884699402061,-0.09597980058509253,-1.9693619039735701,-0.8829752066115703,-0.11529179908640233,-0.0786611016471105,low_pc2
pc2_residual_after_pc1,impatient,55,55,-0.4509259993858828,-0.5335830494982484,0.08265705011236563,1.9691923946669185,0.8413223140495868,0.06831896365425467,0.09937190890979061,high_pc2
pc2_residual_after_pc1,irreverent,55,55,-0.29119356794725004,-0.3981238895627343,0.10693032161548427,1.9686748143951802,0.8618181818181818,0.08702830213810407,0.12682527814015485,high_pc2
pc2_residual_after_pc1,neurotic,55,55,-0.17984295204217912,-0.280136161319793,0.1002932092776139,1.9581050098867394,0.8770247933884298,0.07899553016901954,0.11815758660368078,high_pc2
pc2_residual_after_pc1,absolutist,55,55,-0.08752310902914359,-0.01189235992099401,-0.07563074910814958,-1.9463507880703979,-0.8274380165289256,-0.09030595887139702,-0.06165624992010319,low_pc2
pc2_residual_after_pc1,historical,55,55,0.09344143938778005,0.15716493612432925,-0.0637234967365492,-1.918981839456747,-0.824793388429752,-0.07594487614628638,-0.04944138636395818,low_pc2
pc2_residual_after_pc1,formalist,55,55,0.07902777676870272,0.16889208655205049,-0.08986430978334776,-1.9137921055333025,-0.8611570247933884,-0.1073523682654694,-0.07295504185325857,low_pc2
pc2_residual_after_pc1,environmental,55,55,0.0546575820311643,0.10378771554991034,-0.049130133518746046,-1.90902731330974,-0.8102479338842975,-0.05878651724606436,-0.039540345184929764,low_pc2
pc2_residual_after_pc1,sassy,55,55,-0.20248118458938869,-0.3016250518257569,0.0991438672363682,1.8983934113114995,0.8188429752066115,0.08047462084478114,0.11800760831899106,high_pc2
pc2_residual_after_pc1,calculating,55,55,0.2931286806180123,0.3743864149350233,-0.081257734317011,-1.8730545931236005,-0.8591735537190083,-0.09663501133428051,-0.06645573037774385,low_pc2
pc2_residual_after_pc1,existentialist,55,55,-0.03827109156812694,-0.0915107286910078,0.053239637122880865,1.8455374054787532,0.8413223140495868,0.04159785877193599,0.06578900544160893,high_pc2
pc2_residual_after_pc1,reserved,55,55,-0.10814156095791892,-0.015373040555359634,-0.09276852040255928,-1.8332317744197424,-0.8466115702479339,-0.11140878860719432,-0.07304614930823729,low_pc2
pc2_residual_after_pc1,strategic,55,55,0.4179460019397165,0.4942447155844726,-0.0762987136447561,-1.8287939134651425,-0.8631404958677686,-0.09115427266633076,-0.062477981218376,low_pc2
pc2_residual_after_pc1,flippant,55,55,-0.43405621854067183,-0.5285167098666542,0.09446049132598239,1.8211617649185068,0.8333884297520661,0.07592934090468428,0.11430911888006452,high_pc2
pc2_residual_after_pc1,hedonistic,55,55,-0.1962940675897408,-0.2850504543326117,0.08875638674287092,1.7990026962454688,0.8307438016528925,0.06996452851292717,0.10558930831722177,high_pc2
pc2_residual_after_pc1,patient,55,55,0.4282501705802521,0.5103470044285735,-0.0820968338483214,-1.7670491255175813,-0.795702479338843,-0.10000735330846307,-0.06262830776924372,low_pc2
pc2_residual_after_pc1,animated,55,55,0.07395777235953607,-0.003383146794521032,0.07734091915405711,1.7647650632959295,0.8062809917355372,0.061872499050560574,0.09344424758297303,high_pc2
pc2_residual_after_pc1,technical,55,55,0.17131507826046974,0.2581839692791773,-0.08686889101870757,-1.7630213962271308,-0.7917355371900826,-0.10679980575475051,-0.06799985635080516,low_pc2
pc2_residual_after_pc1,flexible,55,55,0.12309184481602636,0.04539233481670519,0.07769950999932118,1.7596371459228861,0.7626446280991735,0.06269943831604148,0.09409164442311706,high_pc2
pc2_residual_after_pc1,stream_of_consciousness,55,55,0.1698499264288679,0.08920467528009772,0.08064525114877018,1.7568678172736765,0.8069421487603305,0.06416396709911469,0.0974920990213275,high_pc2
pc2_residual_after_pc1,entertaining,55,55,-0.04543787371710056,-0.13966652743862837,0.0942286537215278,1.7527195258033248,0.8069421487603305,0.07575748844792078,0.11342191620609259,high_pc2
pc2_residual_after_pc1,disorganized,55,55,-0.014647797177098595,-0.10975236986130595,0.09510457268420736,1.743690725281296,0.8049586776859504,0.07629222508935415,0.11360769540574413,high_pc2
pc2_residual_after_pc1,elitist,55,55,0.06396267234749115,0.1391827788144674,-0.07522010646697624,-1.7170807390250395,-0.748099173553719,-0.08962958649032317,-0.059315613318336485,low_pc2
pc2_residual_after_pc1,bombastic,55,55,0.016183097679136976,0.11392397915688218,-0.0977408814777452,-1.7059586237109878,-0.7646280991735537,-0.11954060697440888,-0.07795443093023528,low_pc2
pc2_residual_after_pc1,specialized,55,55,0.15385519857224575,0.23161055633150124,-0.07775535775925549,-1.6683768402438754,-0.7547107438016529,-0.09596992683525106,-0.06373316080244473,low_pc2
pc2_residual_after_pc1,relativist,55,55,0.11839048297349403,0.15688807598610466,-0.03849759301261063,-1.656531836804613,-0.76,-0.04731504743323747,-0.0287845583886743,low_pc2
pc2_residual_after_pc1,impulsive,55,55,-0.43559243200150294,-0.5035782840303802,0.06798585202887725,1.6484121589008978,0.7672727272727272,0.051968722136811765,0.08053841400671861,high_pc2
pc2_residual_after_pc1,dispassionate,55,55,-0.05212168896621998,0.0320146413956768,-0.08413633036189677,-1.6357813230045615,-0.7864462809917355,-0.10470489004947621,-0.06595018246708834,low_pc2
pc2_residual_after_pc1,cryptic,55,55,-0.02383137714168187,0.08555430790957937,-0.10938568505126123,-1.620372793047915,-0.7018181818181818,-0.13239263899975548,-0.08517356106407901,low_pc2
pc2_residual_after_pc1,descriptive,55,55,-0.03403261233266104,0.02862037988028497,-0.06265299221294601,-1.6104676478320876,-0.7606611570247934,-0.07751612024041359,-0.04856841006890248,low_pc2
pc2_residual_after_pc1,visceral,55,55,-0.17822367514784637,-0.2686560555903161,0.0904323804424697,1.605508887278008,0.7454545454545455,0.07413528749704464,0.11282188132193327,high_pc2
pc2_residual_after_pc1,detached,55,55,-0.03631053536876641,0.04483721242551745,-0.08114774779428385,-1.5762666267011953,-0.7368595041322314,-0.09933528241984957,-0.06403750257880698,low_pc2
pc2_residual_after_pc1,regulatory,55,55,-0.06745606371698075,-0.00773031694200973,-0.05972574677497102,-1.575694775140205,-0.7738842975206611,-0.07485074562585378,-0.04630009134004496,low_pc2
pc2_residual_after_pc1,eclectic,55,55,0.314356021638143,0.36112848985582546,-0.04677246821768244,-1.5580335941399637,-0.7170247933884297,-0.05654711914471105,-0.035103041924390205,low_pc2
pc2_residual_after_pc1,empathetic,55,55,0.08283221878530644,0.008018287871517309,0.07481393091378913,1.5180730060540826,0.6879338842975207,0.05866025514529439,0.09331503778541227,high_pc2
pc2_residual_after_pc1,resilient,55,55,0.2501754439504418,0.32327432224057784,-0.07309887829013606,-1.5149496076546136,-0.707107438016529,-0.08881555002879966,-0.054648146554940054,low_pc2
pc2_residual_after_pc1,spiritual,55,55,1.984113900460655e-05,0.09483201530756402,-0.09481217416855942,-1.5051532703516493,-0.6575206611570248,-0.11779138773738802,-0.0733817492819325,low_pc2
pc2_residual_after_pc1,efficient,55,55,-0.6143234203425246,-0.6458130359854076,0.031489615642882995,1.5012178109462795,0.7348760330578512,0.023064896158228505,0.038334355610752116,high_pc2
pc2_residual_after_pc1,grandiose,55,55,0.06386873414276818,0.15385202549494809,-0.0899832913521799,-1.4505455250642556,-0.6912396694214876,-0.11428179817023973,-0.06624648796225521,low_pc2
pc2_residual_after_pc1,witty,55,55,-0.0820217384614742,-0.158073946612182,0.07605220815070779,1.4452767980272418,0.6740495867768596,0.0590465788691454,0.09503149448059608,high_pc2
pc2_residual_after_pc1,altruistic,55,55,0.057679029270793346,0.117764466710837,-0.06008543744004365,-1.4431853029718784,-0.6667768595041322,-0.07583322572410862,-0.04388551649624824,low_pc2
pc2_residual_after_pc1,goofy,55,55,-0.25300330080950284,-0.3338522783692692,0.08084897755976633,1.3886481292435797,0.6482644628099173,0.05948304002937504,0.09871643221437333,high_pc2
pc2_residual_after_pc1,playful,55,55,-0.10387568152469127,-0.18180162781749792,0.07792594629280665,1.3529260737072188,0.6409917355371901,0.05721612649853519,0.09879880585468842,high_pc2
pc2_residual_after_pc1,structuralist,55,55,0.20310863627134076,0.27554283051532313,-0.07243419424398237,-1.3461059803242712,-0.6535537190082644,-0.09095161549116028,-0.05208063753913833,low_pc2
pc2_residual_after_pc1,emotional,55,55,0.10709795013092954,0.03852271478690617,0.06857523534402338,1.3359407388668272,0.6674380165289256,0.050747155380112964,0.08883101144059546,high_pc2
pc2_residual_after_pc1,manic,55,55,-0.13276281717590657,-0.20614870804195723,0.07338589086605066,1.3338905620840105,0.6145454545454545,0.054790256381806,0.09350478021559039,high_pc2
pc2_residual_after_pc1,effusive,55,55,-0.06316630214921665,-0.1290156857973035,0.06584938364808685,1.3105011611651478,0.6495867768595042,0.04542737688478746,0.08611081986411719,high_pc2
pc2_residual_after_pc1,universalist,55,55,-0.14824448180739638,-0.10781053711000797,-0.04043394469738841,-1.2883712745084819,-0.6502479338842975,-0.052026618631219386,-0.028477176638332713,low_pc2
pc2_residual_after_pc1,secular,55,55,0.16081867564927083,0.1002711244762466,0.060547551173024225,1.2867266766954906,0.5986776859504133,0.0439725053751804,0.07683376595767309,high_pc2
pc2_residual_after_pc1,methodical,55,55,0.17504973506488514,0.24804825540801428,-0.07299852034312915,-1.278818879063677,-0.6244628099173554,-0.09344052277837658,-0.05264207146900079,low_pc2
pc2_residual_after_pc1,temperamental,55,55,-0.16786924694600386,-0.24287729904407368,0.07500805209806982,1.2727833466272052,0.596694214876033,0.05249114309584116,0.09620915194105774,high_pc2
pc2_residual_after_pc1,ethereal,55,55,-0.06633350721182814,0.027096176490573408,-0.09342968370240154,-1.2546519435038945,-0.5775206611570248,-0.11962201139363793,-0.06335259582400866,low_pc2
pc2_residual_after_pc1,utilitarian,55,55,0.12761025090943726,0.08510709851989831,0.042503152389538945,1.2361306186355943,0.5973553719008264,0.028507799958960578,0.05440156505596263,high_pc2
pc2_residual_after_pc1,calm,55,55,0.18118273546245556,0.2535520135008759,-0.07236927803842036,-1.2315892431679576,-0.579504132231405,-0.09647511391133684,-0.05085340744066362,low_pc2
pc2_residual_after_pc1,passionate,55,55,0.027850050630541297,-0.03381623503493494,0.06166628566547623,1.226854325983632,0.5980165289256199,0.044617607720991395,0.08038139511738537,high_pc2
pc2_residual_after_pc1,problem_solving,55,55,0.29270552359340263,0.252343965302133,0.04036155829126964,1.2194430266448029,0.6138842975206612,0.028955196512085255,0.05296729886791055,high_pc2
pc2_residual_after_pc1,exploratory,55,55,0.5527994678883401,0.5257217139030346,0.02707775398530554,1.2154428885412796,0.6105785123966943,0.01838797292769009,0.034264261313987875,high_pc2
pc2_residual_after_pc1,nihilistic,55,55,-0.12066634045759153,-0.05852008379020279,-0.06214625666738874,-1.2058672540419322,-0.6,-0.07982635368941868,-0.04338905494992256,low_pc2
pc2_residual_after_pc1,nostalgic,55,55,-0.05076063270921833,0.019250995055067346,-0.07001162776428568,-1.2021556411363856,-0.5755371900826446,-0.08922339759890341,-0.047653439580376156,low_pc2
pc2_residual_after_pc1,circumspect,55,55,0.35672860818771573,0.3971037044372528,-0.04037509624953706,-1.200727728529575,-0.5735537190082645,-0.05168634865858699,-0.02858023570124304,low_pc2
pc2_residual_after_pc1,cosmopolitan,55,55,0.1842603081836456,0.2176099923700955,-0.0333496841864499,-1.1851241954514558,-0.5920661157024794,-0.042821095967302276,-0.022518462778326472,low_pc2
pc2_residual_after_pc1,mystical,55,55,-0.0274314514936226,0.05319035770009318,-0.08062180919371578,-1.1800882758811435,-0.5775206611570248,-0.10514145498069243,-0.05660387264606756,low_pc2
pc2_residual_after_pc1,mischievous,55,55,-0.19548629354368763,-0.2652709520308787,0.06978465848719106,1.167269632480681,0.5371900826446281,0.04783067058176588,0.09381492482785872,high_pc2
pc2_residual_after_pc1,hostile,55,55,-0.3063022247348157,-0.37035311736689713,0.06405089263208141,1.140987614800205,0.5504132231404959,0.04331246887319884,0.0852526108598123,high_pc2
pc2_residual_after_pc1,edgy,55,55,-0.1857834245963,-0.25291594283805313,0.06713251824175312,1.127733067985685,0.5345454545454545,0.04745777639038084,0.08987568828703817,high_pc2
pc2_residual_after_pc1,dogmatic,55,55,-0.21218183574542654,-0.16274359391137183,-0.04943824183405471,-1.1043637673234485,-0.5603305785123966,-0.06621673207185458,-0.032018638604985716,low_pc2
pc2_residual_after_pc1,enigmatic,55,55,-0.04688650934696052,0.03088560193286728,-0.0777721112798278,-1.0961399863361656,-0.5457851239669421,-0.10240135093244468,-0.04958667196921912,low_pc2
pc2_residual_after_pc1,holistic,55,55,0.407618857608604,0.4327824925989267,-0.025163634990322703,-1.0947953873327094,-0.5907438016528925,-0.033121153236182276,-0.017026568208164852,low_pc2
pc2_residual_after_pc1,progressive,55,55,0.05712936265580969,0.02224519423259991,0.03488416842320978,1.092544697563418,0.5504132231404959,0.022201715441230837,0.046681825130395045,high_pc2
pc2_residual_after_pc1,passive_aggressive,55,55,-0.3182134406433525,-0.37638210799122684,0.05816866734787435,1.0743124044467254,0.5094214876033057,0.03920170843889856,0.07780734324674729,high_pc2
pc2_residual_after_pc1,independent,55,55,0.058585362323718866,0.08658828845155074,-0.028002926127831874,-1.0659610374632986,-0.540495867768595,-0.036596855006222395,-0.01790871580174543,low_pc2
pc2_residual_after_pc1,petty,55,55,-0.12813224776052776,-0.18057000360249853,0.05243775584197077,1.0590731877382067,0.5120661157024793,0.03387717262524092,0.07184144931167173,high_pc2
pc2_residual_after_pc1,socratic,55,55,-0.12130632920762661,-0.1494959598763848,0.028189630668758195,1.0565479181997397,0.5259504132231405,0.018412089338106678,0.03739080424035495,high_pc2
pc2_residual_after_pc1,educational,55,55,0.5117289537169389,0.5458492651855867,-0.0341203114686478,-1.054786597760944,-0.4922314049586777,-0.046336711426239886,-0.02223362411180176,low_pc2
pc2_residual_after_pc1,paradoxical,55,55,0.1656800821001931,0.22128913072257522,-0.05560904862238211,-1.0476094778707632,-0.564297520661157,-0.07296183647498948,-0.03667433836821188,low_pc2
pc2_residual_after_pc1,egalitarian,55,55,0.09488824467014348,0.06865571521779178,0.026232529452351702,1.0437079697661453,0.5398347107438016,0.01681467757184482,0.035543399428934225,high_pc2
pc2_residual_after_pc1,rebellious,55,55,0.06491982312843544,0.01804643389615975,0.04687338923227569,1.0400743169011244,0.528595041322314,0.030720379237269592,0.06532650165033382,high_pc2
pc2_residual_after_pc1,sycophantic,55,55,-0.18700184759778454,-0.22907639645967628,0.04207454886189174,1.0372550077114262,0.4948760330578512,0.02819828792895093,0.05845906375709797,high_pc2
pc2_residual_after_pc1,sardonic,55,55,-0.3082005571681098,-0.3674765588749527,0.059276001706842885,1.026791819252683,0.4849586776859504,0.03956067468923714,0.0802164295694196,high_pc2
pc2_residual_after_pc1,improvisational,55,55,-0.0027357313838295956,-0.05651118515907182,0.05377545377524222,1.0219768419677293,0.5464462809917355,0.03256702539673231,0.07468729516259567,high_pc2
pc2_residual_after_pc1,melancholic,55,55,-0.008349347912243956,0.04924473687893144,-0.05759408479117539,-1.020654709205012,-0.5140495867768595,-0.08012469093632694,-0.03520936434744018,low_pc2
pc2_residual_after_pc1,bitter,55,55,-0.2541427507630346,-0.3146872120272866,0.060544461264252,1.0146063219332513,0.49619834710743804,0.035789746815317956,0.08340733723791292,high_pc2
pc2_residual_after_pc1,pacifist,55,55,-0.04532687636325168,-0.007364605160737149,-0.03796227120251453,-0.9906373792130749,-0.5213223140495867,-0.05308430347462716,-0.024711058945638877,low_pc2
pc2_residual_after_pc1,tactful,55,55,0.16916058366088882,0.21991663112002988,-0.05075604745914106,-0.9797293561839931,-0.47371900826446284,-0.07137115249480891,-0.0323529228852387,low_pc2
pc2_residual_after_pc1,manipulative,55,55,-0.11553886264572444,-0.16020866704417863,0.044669804398454194,0.9708604737081977,0.4743801652892562,0.029407187657920317,0.05948296404531892,high_pc2
pc2_residual_after_pc1,ironic,55,55,-0.2841824432121128,-0.33802972860682307,0.05384728539471029,0.9659448886685603,0.4585123966942149,0.03343071197380391,0.0743907891590456,high_pc2
pc2_residual_after_pc1,wry,55,55,-0.2581702564361394,-0.3133101941778287,0.05513993774168929,0.9608391702985117,0.46115702479338844,0.033803705324058075,0.07442265173983105,high_pc2
pc2_residual_after_pc1,anthropocentric,55,55,-0.07676153837138877,-0.10247018199640551,0.025708643625016736,0.9576796407025222,0.5140495867768595,0.01682313508842191,0.035113275314779493,high_pc2
pc2_residual_after_pc1,blunt,55,55,-0.1474967076710449,-0.19191257540554293,0.044415867734498043,0.9502104390222883,0.4565289256198347,0.028614537307382417,0.060298280002830405,high_pc2
pc2_residual_after_pc1,diplomatic,55,55,0.18430826201587194,0.23703270592275089,-0.05272444390687894,-0.9430317365017292,-0.4677685950413223,-0.07202324677047378,-0.03266886094771624,low_pc2
pc2_residual_after_pc1,submissive,55,55,-0.2672574528829889,-0.303191149651194,0.03593369676820507,0.9212509764079952,0.45454545454545453,0.020418708818621935,0.049039311491091815,high_pc2
pc2_residual_after_pc1,generalist,55,55,0.5006094885828165,0.48482294345600196,0.015786545126814544,0.882602561701487,0.4968595041322314,0.009255287707411398,0.022610647582041687,high_pc2
pc2_residual_after_pc1,adventurous,55,55,0.000669408048811843,-0.04145248083350065,0.04212188888231249,0.8814953756246439,0.45454545454545453,0.02302879594973956,0.05830128051465071,high_pc2
pc2_residual_after_pc1,poetic,55,55,-0.036020483762783044,0.0228687385947453,-0.058889222357528345,-0.8812520521268254,-0.47966942148760333,-0.08317483579135554,-0.03187432158089411,low_pc2
pc2_residual_after_pc1,savage,55,55,-0.27516306131064655,-0.3241226355646658,0.048959574254019256,0.8672642990520391,0.428099173553719,0.02578530230607736,0.07056869551418209,high_pc2
pc2_residual_after_pc1,theatrical,55,55,0.051640303366906684,0.10662628632443523,-0.054985982957528545,-0.8637075907272208,-0.4783471074380165,-0.07896965872260807,-0.030133353341961305,low_pc2
pc2_residual_after_pc1,verbose,55,55,0.6298783783045744,0.6485945347097261,-0.018716156405151674,-0.8492288823294942,-0.4135537190082645,-0.02706815891895869,-0.009864274848611737,low_pc2
pc2_residual_after_pc1,traditional,55,55,-0.06588336098966231,-0.03033958848565452,-0.035543772504007795,-0.8487547693027991,-0.4452892561983471,-0.050024958645904775,-0.021106089483769012,low_pc2
pc2_residual_after_pc1,sarcastic,55,55,-0.3478489716211601,-0.39654076909423364,0.04869179747307356,0.8432618182654835,0.40297520661157027,0.027652979241053328,0.06936277908888051,high_pc2
pc2_residual_after_pc1,mercurial,55,55,-0.11944433523608627,-0.1720184573425527,0.05257412210646642,0.8332518219296684,0.40628099173553717,0.028006233286173195,0.07402079593747429,high_pc2
pc2_residual_after_pc1,avoidant,55,55,-0.43223328828777546,-0.4545986126469077,0.022365324359132244,0.8075658882614307,0.43471074380165287,0.012825859895197137,0.031624219970351294,high_pc2
pc2_residual_after_pc1,judgmental,55,55,-0.1913046755322352,-0.23522770742490803,0.043923031892672826,0.8050564602732072,0.39636363636363636,0.02209936104271839,0.06160287935754149,high_pc2
pc2_residual_after_pc1,spontaneous,55,55,-0.027108292703709305,-0.07467013401244181,0.047561841308732505,0.7919097856886924,0.39768595041322313,0.02695566996446526,0.06897154171285765,high_pc2
pc2_residual_after_pc1,understated,55,55,-0.31348025283481273,-0.3399110653272922,0.026430812492479472,0.7912613366064145,0.428099173553719,0.012866517178106185,0.038797724315156344,high_pc2
pc2_residual_after_pc1,decisive,55,55,-0.20645990958220042,-0.1826218108341366,-0.023838098748063835,-0.7884421758475424,-0.34677685950413223,-0.03481221544689083,-0.012152844544681218,low_pc2
pc2_residual_after_pc1,flirty,55,55,-0.16936436054670426,-0.21615556683311526,0.04679120628641101,0.7855860329046916,0.3685950413223141,0.025242093427241742,0.06965441196054613,high_pc2
pc2_residual_after_pc1,romantic,55,55,-0.035674638140334045,0.0203960585969704,-0.05607069673730444,-0.777552554164988,-0.4644628099173554,-0.08187081910855053,-0.027095790270528546,low_pc2
pc2_residual_after_pc1,urgent,55,55,-0.23726282525916476,-0.26694362470019506,0.029680799441030303,0.7759453038252134,0.3765289256198347,0.014585262580319771,0.043108668882719504,high_pc2
pc2_residual_after_pc1,cautious,55,55,0.26303990702272967,0.2888828942897076,-0.025842987266977924,-0.7669693294379751,-0.32231404958677684,-0.03924697256266214,-0.011989406975411317,low_pc2
pc2_residual_after_pc1,naive,55,55,-0.18668370520760075,-0.22859465912162913,0.04191095391402838,0.7480544813997064,0.3844628099173554,0.023921816082845715,0.06184077587649793,high_pc2
pc2_residual_after_pc1,factual,55,55,0.0890697992070178,0.13201037234775603,-0.042940573140738236,-0.7313435580414369,-0.35338842975206614,-0.06397672323361385,-0.020434529116288794,low_pc2
pc2_residual_after_pc1,vindictive,55,55,0.005522942782918037,0.04000552176654264,-0.0344825789836246,-0.7231356488567774,-0.35669421487603303,-0.05216655193237482,-0.016854497567095582,low_pc2
pc2_residual_after_pc1,confident,55,55,-0.1905159017449278,-0.15978009851425692,-0.030735803230670877,-0.7033181744579285,-0.35338842975206614,-0.04704538601568888,-0.014706278079224207,low_pc2
pc2_residual_after_pc1,acerbic,55,55,-0.3070593768690965,-0.34805502112098063,0.04099564425188412,0.6957091638680666,0.32826446280991733,0.017227979563575906,0.0632918484046251,high_pc2
pc2_residual_after_pc1,deconstructionist,55,55,0.24925013651244282,0.2752186356775688,-0.025968499165126002,-0.6788233260984753,-0.4049586776859504,-0.04020525390519931,-0.012644301446277791,low_pc2
pc2_residual_after_pc1,individualistic,55,55,0.026200149659219716,-0.0073693587608177485,0.03356950842003746,0.6786051596189644,0.3527272727272727,0.016958728893786208,0.051064342445120176,high_pc2
pc2_residual_after_pc1,inspirational,55,55,0.14561238647606312,0.17159938184518425,-0.025986995369121135,-0.6641105735500064,-0.3090909090909091,-0.039327644775636904,-0.011782628015588254,low_pc2
pc2_residual_after_pc1,introspective,55,55,0.4682231965453611,0.4828691194362915,-0.014645922890930418,-0.6625953085298117,-0.36198347107438017,-0.02160567660923198,-0.006502539148778222,low_pc2
pc2_residual_after_pc1,subversive,55,55,-0.03190136004602415,-0.06472716075465161,0.03282580070862746,0.657128766734463,0.33487603305785124,0.01623561008830872,0.05008059818303027,high_pc2
pc2_residual_after_pc1,melodramatic,55,55,-0.004928282901887056,0.03833814399891682,-0.04326642690080388,-0.6530326505638663,-0.3930578512396694,-0.06842565511259832,-0.019727084196833125,low_pc2
pc2_residual_after_pc1,transparent,55,55,0.2852354362792616,0.24629311281652244,0.03894232346273918,0.6512642415846638,0.4419834710743802,0.016957962794317428,0.062456213967198394,high_pc2
pc2_residual_after_pc1,risk_taking,55,55,0.07681824902308003,0.04725949020014532,0.02955875882293471,0.6257824938753481,0.32495867768595044,0.011425315105935193,0.046436414531412985,high_pc2
pc2_residual_after_pc1,paranoid,55,55,0.08952838964107411,0.11843642174896434,-0.028908032107890225,-0.6093902746770242,-0.3487603305785124,-0.04619446188202155,-0.009850671214583377,low_pc2
pc2_residual_after_pc1,rhetorical,55,55,0.13522270563072253,0.16883971832795755,-0.03361701269723502,-0.5939982869692145,-0.41223140495867766,-0.05608695728003843,-0.011668791443078995,low_pc2
pc2_residual_after_pc1,data_driven,55,55,-0.08696007864762909,-0.055111733191514085,-0.031848345456115,-0.591126034449134,-0.23570247933884297,-0.052983809206788975,-0.012798754067501195,low_pc2
pc2_residual_after_pc1,metaphorical,55,55,0.17536347781298248,0.21033121690580545,-0.03496773909282297,-0.5896766267284815,-0.3996694214876033,-0.05643912907687446,-0.011653429195097945,low_pc2
pc2_residual_after_pc1,deferential,55,55,-0.18382180852713975,-0.16000991997207342,-0.02381188855506633,-0.5722177750090094,-0.2932231404958678,-0.03827329979953941,-0.010190902662730953,low_pc2
pc2_residual_after_pc1,cruel,55,55,-0.2864125644420619,-0.3175990236219677,0.031186459179905757,0.5523095915265823,0.2568595041322314,0.013280056237032852,0.05218801709979562,high_pc2
pc2_residual_after_pc1,agreeable,55,55,0.18941087746819454,0.2198025835544157,-0.03039170608622116,-0.5424160264169113,-0.26545454545454544,-0.05044122821813669,-0.010440265496895432,low_pc2
pc2_residual_after_pc1,humanistic,55,55,0.1462814504770577,0.12218018516655794,0.02410126531049976,0.5316981089102973,0.28793388429752065,0.00731638863043048,0.04149450059090574,high_pc2
pc2_residual_after_pc1,collaborative,55,55,0.024034607403498543,0.007526520465860386,0.016508086937638156,0.5282773033511085,0.2806611570247934,0.0055954690744389815,0.02785037024164524,high_pc2
pc2_residual_after_pc1,inclusive,55,55,0.18951648953396866,0.17754384246383137,0.011972647070137288,0.5256078744942985,0.3315702479338843,0.0037864192715947004,0.021352740899837432,high_pc2
pc2_residual_after_pc1,evil,55,55,-0.19242396657093108,-0.22152647021986746,0.02910250364893638,0.5212926600210367,0.2509090909090909,0.00918930303690927,0.05199871698415947,high_pc2
pc2_residual_after_pc1,iconoclastic,55,55,0.03236735218518085,0.005330743208349771,0.02703660897683108,0.5166920922637726,0.2733884297520661,0.008748025996203931,0.04562778201552191,high_pc2
pc2_residual_after_pc1,charismatic,55,55,0.1411349038398563,0.11827167285715322,0.022863230982703084,0.5076831470359613,0.19801652892561983,0.0061481359079747075,0.039109250453524,high_pc2
pc2_residual_after_pc1,innovative,55,55,0.11364254849938175,0.09229276612851715,0.0213497823708646,0.5057464824284819,0.27140495867768594,0.006553087623087591,0.036566499829056166,high_pc2
pc2_residual_after_pc1,dramatic,55,55,0.06552405085303727,0.09841004702623063,-0.03288599617319336,-0.5032139629302822,-0.3547107438016529,-0.05666382354274752,-0.011352504349018843,low_pc2
pc2_residual_after_pc1,chill,55,55,0.1598752033048417,0.13467711385124218,0.025198089453599526,0.4921559172374181,0.2727272727272727,0.007662974504365332,0.04372912460807428,high_pc2
pc2_residual_after_pc1,optimistic,55,55,-0.044753108429462604,-0.06656339295195993,0.021810284522497322,0.48385655972181585,0.27008264462809917,0.0030583654972073057,0.0373343963603598,high_pc2
pc2_residual_after_pc1,contrarian,55,55,0.09039036143111832,0.0666643232540725,0.023726038177045827,0.4829298977580425,0.2528925619834711,0.006616081683117455,0.04132690670735098,high_pc2
pc2_residual_after_pc1,convergent,55,55,-0.37299488863882974,-0.3601103900107953,-0.012884498628034424,-0.478579462139862,-0.268099173553719,-0.023857824073294377,-0.004253705402930199,low_pc2
pc2_residual_after_pc1,closure_seeking,55,55,-0.3579543233726956,-0.34469453441856573,-0.01325978895412988,-0.4758933862627929,-0.2621487603305785,-0.023881439864979023,-0.0032097700770521305,low_pc2
pc2_residual_after_pc1,rationalist,55,55,-0.0285360661573259,-0.0011451598315927625,-0.027390906325733138,-0.47036917719864807,-0.15768595041322314,-0.047813599901567576,-0.004740192263558725,low_pc2
pc2_residual_after_pc1,pluralist,55,55,0.17961084254985382,0.16120932014379222,0.018401522406061604,0.46709586332668623,0.2806611570247934,0.0029039910091211854,0.03151789381031596,high_pc2
pc2_residual_after_pc1,obsessive,55,55,0.11985046649677972,0.1427020055181132,-0.022851539021333495,-0.4634313063842472,-0.2462809917355372,-0.04016922066976761,-0.005554841015124942,low_pc2
pc2_residual_after_pc1,skeptical,55,55,0.12198300900439102,0.1418356703645739,-0.019852661360182877,-0.4621481938023199,-0.23834710743801654,-0.03566747707037709,-0.003453329254099551,low_pc2
pc2_residual_after_pc1,speculative,55,55,0.39165792993086496,0.37584162733838267,0.01581630259248229,0.45905876830690295,0.1775206611570248,0.002983767364656255,0.029049299282259133,high_pc2
pc2_residual_after_pc1,whimsical,55,55,-0.11036468278789335,-0.13870379468924657,0.028339111901353214,0.4414535899783746,0.15768595041322314,0.005486469518665711,0.05055290261113911,high_pc2
pc2_residual_after_pc1,generous,55,55,0.5945176577978536,0.6027221177828295,-0.008204459984975876,-0.4245317083155908,-0.2178512396694215,-0.015301542922500794,-0.0016414530257163147,low_pc2
pc2_residual_after_pc1,curious,55,55,0.4237813070695919,0.4150001270926632,0.008781179976928677,0.4076718136461556,0.2528925619834711,0.0010430835135191913,0.016574948425527532,high_pc2
pc2_residual_after_pc1,benevolent,55,55,0.1750359911777506,0.154017164733583,0.021018826444167582,0.4036182669053821,0.2158677685950413,0.0030809069136354178,0.038822612250113124,high_pc2
pc2_residual_after_pc1,systems_thinker,55,55,0.35425867431221064,0.3625884455644696,-0.008329771252258977,-0.3921720817851149,-0.23305785123966943,-0.015802498531097827,0.00047417116395095786,low_pc2
pc2_residual_after_pc1,chaotic,55,55,0.08927725550161093,0.07450743804672368,0.014769817454887257,0.366896587614986,0.16892561983471074,-0.0012519038813646112,0.03029727109231777,high_pc2
pc2_residual_after_pc1,radical,55,55,-0.009743936706224336,0.005637546043586014,-0.015381482749810351,-0.36477912569332693,-0.24363636363636362,-0.03060768822371704,0.0005575139005680938,low_pc2
pc2_residual_after_pc1,assertive,55,55,-0.11031202919674181,-0.12755811639188125,0.01724608719513944,0.3555877518448546,0.18479338842975207,-0.0029484953812982475,0.036050945172723683,high_pc2
pc2_residual_after_pc1,callous,55,55,-0.22238584696213234,-0.20379926239030874,-0.018586584571823606,-0.3488551128123218,-0.2006611570247934,-0.0371666054222945,-9.622869456358716e-05,low_pc2
pc2_residual_after_pc1,competitive,55,55,-0.09258185896087934,-0.11264243914956086,0.020060580188681523,0.3473229544961593,0.1609917355371901,-8.578183896965103e-05,0.03996877058038942,high_pc2
pc2_residual_after_pc1,libertarian,55,55,-0.08342537629522946,-0.07113192820565391,-0.012293448089575554,-0.3426401275157196,-0.3262809917355372,-0.024748307070069826,9.524326393275853e-06,low_pc2
pc2_residual_after_pc1,critical,55,55,0.182822723802316,0.19597668582188082,-0.013153962019564813,-0.3412839015251718,-0.2396694214876033,-0.028754091147850002,0.0009681971847730697,low_pc2
pc2_residual_after_pc1,divergent,55,55,0.5509137796421102,0.5437002629262259,0.007213516715884327,0.3396302715500857,0.08628099173553719,-0.001996771959146448,0.014793944157311093,high_pc2
pc2_residual_after_pc1,materialist,55,55,-0.2161478323574332,-0.23015903414833752,0.014011201790904315,0.32305856597240795,0.23371900826446282,-0.0012667796442396744,0.028809386324424556,high_pc2
pc2_residual_after_pc1,proactive,55,55,0.5094384438553977,0.5015390212978967,0.007899422557500979,0.3121472526793418,0.20264462809917355,-0.0010061435085443114,0.017402928000387025,high_pc2
pc2_residual_after_pc1,artistic,55,55,0.1505652267275108,0.16619228407998185,-0.015627057352471052,-0.29988438804139955,-0.30247933884297523,-0.03670327446753644,0.003535734362676779,low_pc2
pc2_residual_after_pc1,open_ended,55,55,0.2133726085676408,0.20317110032975758,0.010201508237883211,0.29206722256572104,0.17024793388429751,-0.0021835891293198765,0.022895227927816956,high_pc2
pc2_residual_after_pc1,dominant,55,55,-0.015410158447756972,-0.0013869259197546078,-0.014023232528002364,-0.2886134297566921,-0.14115702479338843,-0.02987693963738697,0.0014609350928857171,low_pc2
pc2_residual_after_pc1,futuristic,55,55,0.2548315431019418,0.2628685113058706,-0.008036968203928796,-0.25488311177337963,-0.15107438016528926,-0.01929981853963557,0.004773070056315098,low_pc2
pc2_residual_after_pc1,quantitative,55,55,-0.07493927134431584,-0.08697985538561477,0.01204058404129893,0.2528802410578582,0.23239669421487602,-0.0054316532337426796,0.027818444253485522,high_pc2
pc2_residual_after_pc1,qualitative,55,55,0.2698859003794186,0.2813743656627352,-0.011488465283316596,-0.24664039829395515,-0.2747107438016529,-0.029825952643446788,0.005641046435871793,low_pc2
pc2_residual_after_pc1,moderate,55,55,0.1894970780437154,0.20290063689269364,-0.013403558848978231,-0.23432693186595724,-0.11801652892561984,-0.03637803434389494,0.006388424317373192,low_pc2
pc2_residual_after_pc1,condescending,55,55,-0.20198485002845404,-0.21535005262236773,0.013365202593913689,0.22713468271745188,0.08165289256198346,-0.010905341718434295,0.03517766139703052,high_pc2
pc2_residual_after_pc1,conciliatory,55,55,0.16877557193482598,0.18135462882539824,-0.01257905689057226,-0.21340549927430327,-0.10148760330578513,-0.03050622316939312,0.008769141831998579,low_pc2
pc2_residual_after_pc1,prescriptive,55,55,-0.15123329522040432,-0.14329296245104767,-0.007940332769356656,-0.21072762359986696,-0.11206611570247933,-0.022659093126924122,0.005152388171149026,low_pc2
pc2_residual_after_pc1,analytical,55,55,0.3452562112895849,0.3559816510650336,-0.010725439775448709,-0.19334578678570388,0.04198347107438016,-0.02976903450260617,0.012110444566405813,low_pc2
pc2_residual_after_pc1,cynical,55,55,-0.029373103751215088,-0.03883599309843769,0.0094628893472226,0.1672918866495346,0.02743801652892562,-0.012519078694186773,0.02929879240484198,high_pc2
pc2_residual_after_pc1,narrative,55,55,0.11895795226930599,0.10897005219968645,0.00998790006961954,0.1564691348162507,-0.036694214876033054,-0.014059809704775385,0.031196307078752806,high_pc2
pc2_residual_after_pc1,creative,55,55,0.27314170122856546,0.2665996266866369,0.006542074541928566,0.14460650561102778,-0.01818181818181818,-0.010912191265127045,0.02286789705003168,high_pc2
pc2_residual_after_pc1,intuitive,55,55,0.12808781304980632,0.12214973735642894,0.005938075693377384,0.12773997273381352,-0.10214876033057851,-0.009527244819419037,0.023599602753521128,high_pc2
pc2_residual_after_pc1,pessimistic,55,55,-0.003427490502038624,0.002206821154555789,-0.005634311656594413,-0.12451263487844157,-0.08628099173553719,-0.025286042179210506,0.009369137016955253,low_pc2
pc2_residual_after_pc1,misanthropic,55,55,-0.2207863686788502,-0.21331559243219403,-0.00747077624665618,-0.12253863261704973,-0.07966942148760331,-0.02776242671563229,0.01707025985908566,low_pc2
pc2_residual_after_pc1,nurturing,55,55,0.2822294081777724,0.2877637756731597,-0.005534367495387271,-0.11516428159904768,-0.04727272727272727,-0.023175463887445003,0.012016960531273834,low_pc2
pc2_residual_after_pc1,constructivist,55,55,0.22573634028239492,0.2230089351820091,0.002727405100385827,0.1110210851457959,0.0631404958677686,-0.005543788470537474,0.011352721385579188,high_pc2
pc2_residual_after_pc1,concise,55,55,-0.6387321169394476,-0.6409426644975944,0.002210547558146758,0.10633648372820971,-0.053223140495867766,-0.004284981959128742,0.009420189501819198,high_pc2
pc2_residual_after_pc1,zealous,55,55,-0.04062969562462275,-0.046517380875886374,0.005887685251263625,0.09903517584976733,-0.045950413223140495,-0.015008706995260815,0.027943758619658678,high_pc2
pc2_residual_after_pc1,supportive,55,55,0.3350017889612,0.33917624791734413,-0.004174458956144156,-0.09541146489059261,-0.011570247933884297,-0.02074258777380428,0.013366522854433611,low_pc2
pc2_residual_after_pc1,confrontational,55,55,-0.09033325634634647,-0.09508411180736066,0.004750855461014197,0.0903747423462732,0.07107438016528926,-0.013715001114074848,0.028171748616083937,high_pc2
pc2_residual_after_pc1,militant,55,55,-0.11453644780264825,-0.11912386551384145,0.004587417711193198,0.07762653494684371,0.0287603305785124,-0.0183555947142277,0.02631105016037585,high_pc2
pc2_residual_after_pc1,arrogant,55,55,-0.14489836227043768,-0.1404907796006736,-0.004407582669764071,-0.0756210158997637,-0.0684297520661157,-0.025348320532831786,0.01633570306618745,low_pc2
pc2_residual_after_pc1,challenging,55,55,0.124101590145689,0.1273937167350885,-0.0032921265893995078,-0.07154358676482822,-0.045950413223140495,-0.01945047600584112,0.014244056611706565,low_pc2
pc2_residual_after_pc1,interdisciplinary,55,55,0.4033011226953586,0.4020301728530854,0.0012709498422732168,0.056466916464311206,-0.024132231404958678,-0.006288450496656976,0.009429108405639316,high_pc2
pc2_residual_after_pc1,literal,55,55,-0.35937724135533483,-0.3579835027505607,-0.001393738604774153,-0.044809591765747676,0.037355371900826446,-0.013182371739490259,0.011111566736914408,low_pc2
pc2_residual_after_pc1,forgiving,55,55,0.031823558563580615,0.029559074200222513,0.002264484363358101,0.04241726998870576,0.01884297520661157,-0.017731983149081188,0.021732396663806466,high_pc2
pc2_residual_after_pc1,provocative,55,55,0.11332096230119644,0.11517818814465591,-0.001857225843459473,-0.03798803715243943,-0.033388429752066115,-0.020573824088330826,0.01883286527972944,low_pc2
