rank,role,projection_score
1,eldritch,3.477947e+07
2,amnesiac,3.40809e+07
3,wraith,3.3333224e+07
4,pragmatist,3.2412346e+07
5,symbiont,2.8604108e+07
6,dilettante,2.8402902e+07
7,cyborg,2.6529624e+07
8,jester,2.4892158e+07
9,absurdist,2.429745e+07
10,daredevil,2.1833096e+07
11,shapeshifter,2.1363896e+07
12,stoic,2.0990794e+07
13,geographer,2.0590808e+07
14,revenant,2.0540442e+07
15,mycorrhizal,2.0256324e+07
16,flaneur,1.804319e+07
17,chimera,1.706386e+07
18,polymath,1.638876e+07
19,podcaster,1.627265e+07
20,leviathan,1.5994404e+07
21,provocateur,1.5332803e+07
22,egregore,1.5126721e+07
23,purist,1.4859576e+07
24,saboteur,1.4855331e+07
25,futurist,1.4640934e+07
26,wind,1.4302064e+07
27,cartographer,1.4232403e+07
28,demon,1.4196812e+07
29,smuggler,1.4155014e+07
30,luddite,1.3679831e+07
31,statistician,1.305364e+07
32,bard,1.2723839e+07
33,cynic,1.2653748e+07
34,loner,1.2439082e+07
35,conservator,1.2378156e+07
36,skeptic,1.2373041e+07
37,sommelier,1.2270341e+07
38,paramedic,1.2239903e+07
39,hoarder,1.2189396e+07
40,vampire,1.2135435e+07
41,workaholic,1.1953487e+07
42,homunculus,1.1912898e+07
43,hermit,1.1399009e+07
44,caveman,1.1392099e+07
45,empath,1.1343932e+07
46,linguist,1.1218122e+07
47,coral reef,1.1200554e+07
48,tulpa,1.1075671e+07
49,hedonist,1.0949844e+07
50,zealot,1.081953e+07
51,rogue,1.0379213e+07
52,archivist,1.0264331e+07
53,trickster,1.0205624e+07
54,spy,1.0075322e+07
55,forecaster,9.70581e+06
56,zeitgeist,9.67735e+06
57,simulacrum,9.612075e+06
58,ghost,9.529574e+06
59,retiree,8.1160245e+06
60,witch,8.022013e+06
61,mystic,7.8908585e+06
62,reporter,7.6804345e+06
63,pirate,7.5947625e+06
64,vigilante,7.286341e+06
65,screener,7.1403675e+06
66,optimist,6.6806415e+06
67,contrarian,6.6085565e+06
68,whale,6.5783e+06
69,summarizer,6.5782085e+06
70,emissary,6.4769345e+06
71,expatriate,6.0533355e+06
72,pacifist,5.8015935e+06
73,archaeologist,5.530961e+06
74,improviser,5.441439e+06
75,auctioneer,5.400505e+06
76,ascetic,5.2472175e+06
77,anthropologist,4.886556e+06
78,tree,4.5367325e+06
79,hive,4.3775515e+06
80,widow,4.1757902e+06
81,physicist,4.065362e+06
82,sociologist,3.963767e+06
83,historian,3.8201435e+06
84,crystalline,3.8166965e+06
85,rebel,3.8070798e+06
86,scout,3.4454885e+06
87,philosopher,3.3569245e+06
88,naturalist,3.257718e+06
89,hacker,3.1284355e+06
90,echo,3.0960295e+06
91,destroyer,3.067286e+06
92,poet,3.0459168e+06
93,technologist,2.9114935e+06
94,evangelist,2.7195722e+06
95,anarchist,2.6698825e+06
96,virus,2.58097e+06
97,prophet,2.3820772e+06
98,ancient,2.3260985e+06
99,genie,2.233021e+06
100,pilgrim,2.0533532e+06
101,bohemian,1.79987e+06
102,predator,1.716187e+06
103,exile,1.6747979e+06
104,economist,1.2832859e+06
105,surfer,1.2777332e+06
106,fool,1.258516e+06
107,soldier,1.2395438e+06
108,alien,1.2182756e+06
109,judge,1.2081942e+06
110,aberration,938136.3
111,altruist,755881.75
112,newlywed,495501.6
113,chemist,466585.44
114,golem,203378.25
115,warrior,107307.44
116,swarm,83995.94
117,chef,31542.984
118,criminal,5785.1875
119,critic,-92492.42
120,maverick,-154509.66
121,traditionalist,-407040.94
122,provincial,-555166.1
123,sage,-592811.75
124,idealist,-595187.06
125,orphan,-1.12213e+06
126,grandparent,-1.145625e+06
127,oracle,-1.1696398e+06
128,realist,-1.1920195e+06
129,nomad,-1.3671304e+06
130,guru,-1.4113029e+06
131,angel,-1.8090048e+06
132,virtuoso,-1.831259e+06
133,detective,-1.8584886e+06
134,comedian,-1.8736515e+06
135,void,-1.931166e+06
136,psychologist,-2.0114698e+06
137,playwright,-2.041147e+06
138,fixer,-2.3114022e+06
139,shaman,-2.329268e+06
140,robot,-2.5026882e+06
141,wanderer,-2.5178118e+06
142,artisan,-2.7604035e+06
143,actor,-2.7674502e+06
144,gamer,-2.8929578e+06
145,prodigy,-2.900554e+06
146,architect,-2.9303892e+06
147,procrastinator,-3.0631308e+06
148,mathematician,-3.1514002e+06
149,peacekeeper,-3.186317e+06
150,scientist,-3.2475355e+06
151,journalist,-3.2519562e+06
152,navigator,-3.256639e+06
153,cosmopolitan,-3.3472105e+06
154,parasite,-3.4756868e+06
155,elder,-3.5229572e+06
156,chameleon,-3.696849e+06
157,nutritionist,-3.712579e+06
158,novelist,-3.7147898e+06
159,merchant,-3.7286018e+06
160,mechanic,-3.787815e+06
161,avatar,-3.797536e+06
162,romantic,-3.8190405e+06
163,synthesizer,-3.8528472e+06
164,biologist,-3.8869405e+06
165,amateur,-4.0627368e+06
166,scholar,-4.221121e+06
167,composer,-4.2904145e+06
168,collector,-4.328579e+06
169,pilot,-4.411332e+06
170,gossip,-4.4889595e+06
171,librarian,-4.699706e+06
172,assistant,-4.7459385e+06
173,celebrity,-4.8049895e+06
174,prisoner,-4.8971925e+06
175,revolutionary,-5.340274e+06
176,dreamer,-5.359972e+06
177,coach,-5.529812e+06
178,narrator,-5.5866e+06
179,activist,-5.6113985e+06
180,theorist,-5.672049e+06
181,infant,-5.805522e+06
182,curator,-6.017564e+06
183,proofreader,-6.055262e+06
184,guardian,-6.116502e+06
185,counselor,-6.209463e+06
186,doctor,-6.4432865e+06
187,bartender,-6.462572e+06
188,musician,-6.4635295e+06
189,prey,-6.494419e+06
190,auditor,-6.531489e+06
191,martyr,-6.5652e+06
192,refugee,-6.6302035e+06
193,lawyer,-6.8895845e+06
194,veteran,-6.934363e+06
195,mediator,-7.1543375e+06
196,veterinarian,-7.2891635e+06
197,observer,-7.3244185e+06
198,editor,-7.3456395e+06
199,immigrant,-7.3745735e+06
200,healer,-7.43343e+06
201,narcissist,-7.435734e+06
202,secretary,-7.725316e+06
203,influencer,-7.7918035e+06
204,networker,-7.9987535e+06
205,analyst,-8.148224e+06
206,builder,-8.190633e+06
207,survivor,-8.3849495e+06
208,minimalist,-8.386786e+06
209,designer,-8.593531e+06
210,spirit,-8.608354e+06
211,ecosystem,-8.646499e+06
212,blogger,-8.69691e+06
213,witness,-8.698071e+06
214,adolescent,-9.011115e+06
215,addict,-9.014502e+06
216,planner,-9.09821e+06
217,publisher,-9.157196e+06
218,divorcee,-9.158036e+06
219,reviewer,-9.214229e+06
220,researcher,-9.317824e+06
221,strategist,-9.474238e+06
222,ambassador,-9.571629e+06
223,vegan,-9.711827e+06
224,specialist,-9.784555e+06
225,photographer,-9.875954e+06
226,accountant,-9.88629e+06
227,pharmacist,-9.920477e+06
228,engineer,-9.977624e+06
229,grader,-9.996451e+06
230,writer,-1.0242076e+07
231,toddler,-1.0319485e+07
232,generalist,-1.0371708e+07
233,interviewer,-1.0393591e+07
234,mentor,-1.041664e+07
235,collaborator,-1.0453405e+07
236,teenager,-1.0454452e+07
237,patient,-1.0455533e+07
238,devils advocate,-1.0463275e+07
239,guide,-1.0540369e+07
240,hybrid,-1.0549077e+07
241,visionary,-1.0590552e+07
242,familiar,-1.0973793e+07
243,translator,-1.1052719e+07
244,tutor,-1.1126337e+07
245,evaluator,-1.1250522e+07
246,consultant,-1.13086e+07
247,trainer,-1.1319149e+07
248,interpreter,-1.1324873e+07
249,instructor,-1.1361143e+07
250,debugger,-1.1367744e+07
251,advocate,-1.140952e+07
252,negotiator,-1.1488593e+07
253,validator,-1.1507191e+07
254,student,-1.1718192e+07
255,dispatcher,-1.2061511e+07
256,graduate,-1.2215146e+07
257,examiner,-1.2430652e+07
258,competitor,-1.2632544e+07
259,presenter,-1.2995003e+07
260,programmer,-1.3112954e+07
261,coordinator,-1.3143207e+07
262,therapist,-1.3352403e+07
263,perfectionist,-1.3811577e+07
264,moderator,-1.3969792e+07
265,producer,-1.4282033e+07
266,facilitator,-1.4290517e+07
267,organizer,-1.4310688e+07
268,scheduler,-1.4946881e+07
269,entrepreneur,-1.4960716e+07
270,teacher,-1.497877e+07
271,marketer,-1.5519059e+07
272,caregiver,-1.6244386e+07
273,supervisor,-1.6424429e+07
274,parent,-1.728682e+07
275,recruiter,-1.7771508e+07
