claim,notebook_section,supporting_file,metric_or_table,canonical_status,caveat
Public role geometry contains 275 non-default roles and 240 traits.,N01,research/visualizations/geometry_viz_data.json; prompt artifact inventories,role/trait counts,canonical,"Counts are public-artifact-level, not regenerated activations."
Role-vector input prompts are reconstructable as 5 positive instructions x 240 shared questions per role.,N01,research/outputs/role_rollout_artifact_audit/role_prompt_reconstruction_inventory.csv,theoretical_input_combinations,canonical,Generated responses and judge filters are not public.
PC1 is the strongest axis and is interpreted as convergence pressure versus degrees of freedom.,N03,research/visualizations/geometry_viz_data.json; axis forcing-function notes,top/bottom PC1 roles,interpretive,"Endpoint roles are evidence, not the causal interpretation."
PC2 is provisionally interpreted as situated-immediacy/formative-state versus integrated-stability.,N04,research/outputs/pc2_cluster_conditioned_extremes/,expected-direction checks and diagnostic roles,provisional,"Shapeshifter, chameleon, and elder complicate a simple reading."
PC3 supports perturbation/intervention versus stabilization/repair better than moral valence alone.,N05,research/outputs/pc3_validation/pc3_validation_stats.json,Pearson/Spearman/pairwise ordering,supported,"Rubric scores are deterministic, not independent human ratings."
"Trait profiles predict persona PC coordinates strongly, but trait-only PCA does not simply replace persona PCA.",N06,research/outputs/trait_persona_prediction/; research/outputs/trait_space_interpretation/,R2 and PC alignment metrics,supported,Same-space reconstruction is not a claim of psychological ontology.
Prediction-improvement numbers should only be used when traceable to canonical files.,N07,research/outputs/paper15_clean_repo_copy_plan/canonical_claims_traceability_table.csv,verified/unverified claim rows,workflow,Unverified remembered numbers are excluded from canonical claims.
"Prompt-to-geometry forecasting is an intended-address predictor, not yet H100 response-state validation.",N08,research/outputs/prompt_to_geometry_forecasting/,held-out forecasting metrics,supported_pre_h100,Execution-time activation validation is deferred.
"Cross-model topology is partially conserved, but PC2/PC3 require caveats.",N02,research/outputs/cross_model_pc2_pc3_diagnostic/; research/outputs/cross_model_cluster_topology/,PC correlations and ARI/NMI,provisional,Hard clusters are not universal; PC3 is weaker across models.
