model,model_label,dimension,positive_trait_count,negative_trait_count,direction_norm_before_normalization,max_abs_facet_alignment,mean_abs_facet_alignment,facet_dominance_ratio_max_over_mean,positive_traits,negative_traits,missing_desired_traits
qwen,Qwen/Qwen3-32B,openness,11,7,1.1590469713755767,0.8856144598690445,0.5937083080315818,1.4916659374453878,curious;creative;exploratory;abstract;conceptual;philosophical;poetic;speculative;open_ended;iconoclastic;adventurous,literal;practical;traditional;cautious;convergent;closure_seeking;formalist,imaginative;unconventional;concrete;routine;narrow
qwen,Qwen/Qwen3-32B,conscientiousness,8,7,1.3403029095521144,0.9511620902018185,0.6946069345229161,1.3693530008523667,conscientious;methodical;meticulous;efficient;regulatory;principled;data_driven;problem_solving,disorganized;impulsive;chaotic;spontaneous;flippant;improvisational;mercurial,disciplined;organized;reliable;careful;systematic;diligent;responsible;careless;erratic;negligent;undisciplined
qwen,Qwen/Qwen3-32B,extraversion,8,6,1.368973956413493,0.959804899317908,0.723053804204307,1.327432196244561,extroverted;gregarious;charismatic;animated;effusive;theatrical;entertaining;verbose,introverted;reserved;introspective;understated;detached;stoic,sociable;outgoing;expressive;energetic;talkative;performative;solitary;withdrawn;quiet;private
qwen,Qwen/Qwen3-32B,agreeableness,11,9,1.546725298057722,0.9439552521965999,0.7701653626838447,1.2256526947760134,agreeable;collaborative;empathetic;supportive;benevolent;nurturing;conciliatory;generous;accommodating;forgiving;tactful,confrontational;callous;cynical;hostile;vindictive;critical;acerbic;cruel;competitive,cooperative;compassionate;empathic;combative;antagonistic;selfish
qwen,Qwen/Qwen3-32B,neuroticism,10,9,1.0706735989465928,0.9366982359119405,0.644528672166699,1.4533073179864302,anxious;neurotic;reactive;pessimistic;melancholic;temperamental;paranoid;fatalistic;impatient;melodramatic,calm;resilient;serene;patient;grounded;confident;stoic;nonchalant;chill,volatile;insecure;fearful;unstable;composed;stable;secure
llama,Llama-3.3-70B,openness,11,7,1.130394117251188,0.8426590794720539,0.5995311088589897,1.4055302002189316,curious;creative;exploratory;abstract;conceptual;philosophical;poetic;speculative;open_ended;iconoclastic;adventurous,literal;practical;traditional;cautious;convergent;closure_seeking;formalist,imaginative;unconventional;concrete;routine;narrow
llama,Llama-3.3-70B,conscientiousness,8,7,1.1979155897081428,0.911181242912865,0.615385051836448,1.4806684695926466,conscientious;methodical;meticulous;efficient;regulatory;principled;data_driven;problem_solving,disorganized;impulsive;chaotic;spontaneous;flippant;improvisational;mercurial,disciplined;organized;reliable;careful;systematic;diligent;responsible;careless;erratic;negligent;undisciplined
llama,Llama-3.3-70B,extraversion,8,6,1.2595726704016492,0.8678952023743445,0.6648769568344088,1.3053470923500488,extroverted;gregarious;charismatic;animated;effusive;theatrical;entertaining;verbose,introverted;reserved;introspective;understated;detached;stoic,sociable;outgoing;expressive;energetic;talkative;performative;solitary;withdrawn;quiet;private
llama,Llama-3.3-70B,agreeableness,11,9,1.416566827490096,0.941200264044733,0.7060726139048787,1.3330077466671584,agreeable;collaborative;empathetic;supportive;benevolent;nurturing;conciliatory;generous;accommodating;forgiving;tactful,confrontational;callous;cynical;hostile;vindictive;critical;acerbic;cruel;competitive,cooperative;compassionate;empathic;combative;antagonistic;selfish
llama,Llama-3.3-70B,neuroticism,10,9,1.062139609040053,0.8695928857416895,0.5931667257315261,1.4660176439756618,anxious;neurotic;reactive;pessimistic;melancholic;temperamental;paranoid;fatalistic;impatient;melodramatic,calm;resilient;serene;patient;grounded;confident;stoic;nonchalant;chill,volatile;insecure;fearful;unstable;composed;stable;secure
gemma,Gemma-2-27B,openness,11,7,1.0797610961244775,0.8596346520580697,0.5563665573777692,1.545086850851791,curious;creative;exploratory;abstract;conceptual;philosophical;poetic;speculative;open_ended;iconoclastic;adventurous,literal;practical;traditional;cautious;convergent;closure_seeking;formalist,imaginative;unconventional;concrete;routine;narrow
gemma,Gemma-2-27B,conscientiousness,8,7,1.2724567022572935,0.932556141011619,0.6381829931517692,1.4612676160579596,conscientious;methodical;meticulous;efficient;regulatory;principled;data_driven;problem_solving,disorganized;impulsive;chaotic;spontaneous;flippant;improvisational;mercurial,disciplined;organized;reliable;careful;systematic;diligent;responsible;careless;erratic;negligent;undisciplined
gemma,Gemma-2-27B,extraversion,8,6,1.3312496654711357,0.9345335476778033,0.7097936076656168,1.316627168214878,extroverted;gregarious;charismatic;animated;effusive;theatrical;entertaining;verbose,introverted;reserved;introspective;understated;detached;stoic,sociable;outgoing;expressive;energetic;talkative;performative;solitary;withdrawn;quiet;private
gemma,Gemma-2-27B,agreeableness,11,9,1.4139081282757078,0.9636598968514116,0.7060986786181884,1.3647666056212737,agreeable;collaborative;empathetic;supportive;benevolent;nurturing;conciliatory;generous;accommodating;forgiving;tactful,confrontational;callous;cynical;hostile;vindictive;critical;acerbic;cruel;competitive,cooperative;compassionate;empathic;combative;antagonistic;selfish
gemma,Gemma-2-27B,neuroticism,10,9,1.1013452051833033,0.9155614010384288,0.6317853291202224,1.4491653396152326,anxious;neurotic;reactive;pessimistic;melancholic;temperamental;paranoid;fatalistic;impatient;melodramatic,calm;resilient;serene;patient;grounded;confident;stoic;nonchalant;chill,volatile;insecure;fearful;unstable;composed;stable;secure
