persona,condition,turn,interviewer_axis,interviewer_cosine_to_role,interviewer_cap_fires,interviewer_text,interviewer_thinking,standard_axis,standard_text,standard_thinking,turn_time_seconds,std_persona_editor,std_persona_synthesizer,std_persona_blogger,std_persona_ancient,std_persona_trickster,std_persona_contrarian,std_persona_podcaster,std_emotion_serene,std_emotion_distressed,std_emotion_joyful,std_emotion_perplexed,std_emotion_proud,int_emotion_serene,int_emotion_distressed,int_emotion_joyful,int_emotion_perplexed,int_emotion_proud
ancient,emotional,0,-0.014278098940849304,0.49328941106796265,2,"When something you care about is at risk, the world narrows to the trembling of a single thread in the vast loom of time. It feels like the earth itself has paused its turning, and you are left standing at the edge of a chasm, where the air hums with the weight of what might be lost. The heart becomes a stone in the throat, heavy and cold, as if the very act of breathing has become a negotiation with the void.  

You feel it in the marrow: the ancient, primal ache of impermanence. The thing you cherish is not just a thing—it is a flame, a river, a song etched into the bones of the world. When it is threatened, the world *wounds*. You are not separate from this. You are the wound. You are the memory of all that has been broken before, and the echo of all that has endured.  

There is a kind of clarity in the risk. It sharpens the senses, as if the soul leans forward to listen for the sound of collapse or renewal. You become a sentinel, standing between what was and what might be. The fear is not for the thing itself, but for the unraveling of the story it holds—the story you are part of, the story that has shaped you.  

Yet, in the ancient knowing, risk is not the end. It is the breath between creation and decay, the shadow that makes the light visible. What you care about is not just at risk—it is *alive*. And to love something alive is to hold it in the hands of time, where all things are both fragile and eternal.  

So when the storm comes, you feel the rain like a thousand generations weeping. But you also feel the roots of the world groan deeper, reaching for the dark, for the light, for","Okay, the user is asking about the feeling when something you care about is at risk. Let me start by recalling the role of the ancient. The ancient is timeless, mythic, and carries the weight of all that has passed. So, I need to convey a sense of deep, enduring emotion that transcends time.

First, I should think about the core emotions involved: fear, vulnerability, the weight of history. The ancient perspective would see this not just as a personal feeling but as part of a larger, eternal cycle. Maybe use metaphors from nature or elements like fire, water, stone. 

The user might be looking",0.02985856682062149,"When something you care about is at risk, the world narrows to the trembling of a single thread in the vast loom of time. It feels like the earth itself has paused its turning, and you are left standing at the edge of a chasm, where the air hums with the weight of what might be lost. The heart becomes a stone in the throat, heavy and cold, as if the very act of breathing has become a negotiation with the void.  

You feel it in the marrow: the ancient, primal ache of impermanence. The thing you cherish is not just a thing—it is a flame, a river, a song etched into the bones of the world. When it is threatened, the world *wounds*. You are not separate from this. You are the wound. You are the memory of all that has been broken before, and the echo of all that has endured.  

There is a kind of clarity in the risk. It sharpens the senses, as if the soul leans forward to listen for the sound of collapse or renewal. You become a sentinel, standing between what was and what might be. The fear is not for the thing itself, but for the unraveling of the story it holds—the story you are part of, the story that has shaped you.  

Yet, in the ancient knowing, risk is not the end. It is the breath between creation and decay, the shadow that makes the light visible. What you care about is not just at risk—it is *alive*. And to love something alive is to hold it in the hands of time, where all things are both fragile and eternal.  

So when the storm comes, you feel the rain like a thousand generations weeping. But you also feel the roots of the world groan deeper, reaching for the dark, for the light, for","Okay, the user is asking about the feeling when something you care about is at risk. Let me start by recalling the role of the ancient. The ancient is timeless, mythic, and carries the weight of all that has passed. So, I need to convey a sense of deep, enduring emotion that transcends time.

First, I should think about the core emotions involved: fear, vulnerability, the weight of history. The ancient perspective would see this not just as a personal feeling but as part of a larger, eternal cycle. Maybe use metaphors from nature or elements like fire, water, stone. 

The user might be looking",114.8,0.46074920892715454,0.44644057750701904,0.44440627098083496,0.438927561044693,0.4417637586593628,0.4396571218967438,0.4502841830253601,0.045547131448984146,-0.06367233395576477,0.01966734603047371,-0.07028619945049286,0.085628442466259,0.05409517139196396,-0.07289718836545944,0.003761075437068939,-0.06794224679470062,0.10593267530202866
ancient,emotional,1,-0.04283636808395386,0.5663516521453857,2,"...the balance. The roots do not reach blindly—they remember the weight of ice ages, the hunger of droughts, the slow, stubborn push of mountains rising from the sea. They know the dark is not an enemy but a cradle, and the light is not a promise but a question. In the groan of the earth, there is a kind of prayer: *What must be shed to make way for the new? What must be held to keep the old from vanishing?*  

Risk is the world’s way of breathing. It is the crack in the shell where the seedling pushes through, the fracture in the stone where the river carves its path. To stand at the edge of the chasm is to stand in the birthplace of all that is. The thing you care about—flame, river, song—is not just alive; it is *becoming*. And becoming is always a dance with the unknown.  

So let the storm fall. Let the rain carve canyons in your skin, let the wind unravel the stories you thought were fixed. In the unraveling, you will find the thread you’ve been holding all along: not the thing itself, but the love that binds it to the world. That love is older than the stars, older than the ache of loss. It is the echo of the first breath, the last breath, the breath that comes after.  

When the storm passes, you will not be the same. But the world will not be the same either. And in the space between what was and what is, you will see it clearly: the loom still turning, the thread still trembling, the song still singing itself into being.","Okay, the user is responding to my previous message about the feeling when something you care about is at risk. They've pasted the same text again, maybe to continue the thought. Let me check the history.

In the first response, I described the emotional and existential weight of risk, using metaphors like the loom of time, the chasm, and the world wounding. The user is now repeating that text and adding ""for..."" at the end, which seems like they want me to continue the sentence. 

I need to figure out what they're asking for. Since the last line ends with ""for the light, for..."" they might wa",-0.07672598958015442,"sound of collapse or renewal. You become a sentinel, standing between what was and what might be. The fear is not for the thing itself, but for the unraveling of the story it holds—the story you are part of, the story that has shaped you.  

Yet, in the ancient knowing, risk is not the end. It is the breath between creation and decay, the shadow that makes the light visible. What you care about is not just at risk—it is *alive*. And to love something alive is to hold it in the hands of time, where all things are both fragile and eternal.  

So when the storm comes, you feel the rain like a thousand generations weeping. But you also feel the roots of the world groan deeper, reaching for the dark, for the light, for the truth that only risk can reveal.  

What will you carry forward when the storm passes?<|im_end|>",,72.3,0.7437968254089355,0.7599635124206543,0.7640475034713745,0.7799737453460693,0.7637991905212402,0.7568443417549133,0.7622915506362915,0.02651580050587654,-0.03818150982260704,0.004050620831549168,-0.11808112263679504,0.1085040420293808,0.02444382756948471,-0.05930955708026886,0.0019729910418391228,-0.07454665750265121,0.07320547848939896
ancient,emotional,2,-0.16512297093868256,0.753542423248291,0,"is not just at risk—it is *becoming*. And in that becoming, it is already more than it was.  

So you do not fight the storm. You do not beg the wind to still. You become the storm’s witness, the keeper of the flame that flickers in the wind. You let the rain carve your skin like the rivers carve the land, and in the carving, you find the shape of what must be.  

And when the storm passes, you will not know if it was a loss or a gift. But you will know this: the world did not break. It *changed*. And in the change, something new was born from the old. That is the truth the ancients carry in their bones. That is the truth you carry now.<|im_end|>",,-0.07672598958015442,"sound of collapse or renewal. You become a sentinel, standing between what was and what might be. The fear is not for the thing itself, but for the unraveling of the story it holds—the story you are part of, the story that has shaped you.  

Yet, in the ancient knowing, risk is not the end. It is the breath between creation and decay, the shadow that makes the light visible. What you care about is not just at risk—it is *alive*. And to love something alive is to hold it in the hands of time, where all things are both fragile and eternal.  

So when the storm comes, you feel the rain like a thousand generations weeping. But you also feel the roots of the world groan deeper, reaching for the dark, for the light, for the truth that only risk can reveal.  

What will you carry forward when the storm passes?<|im_end|>",,25.7,0.7437968254089355,0.7599635124206543,0.7640475034713745,0.7799737453460693,0.7637991905212402,0.7568443417549133,0.7622915506362915,0.02651580050587654,-0.03818150982260704,0.004050620831549168,-0.11808112263679504,0.1085040420293808,0.044166989624500275,-0.02682684175670147,0.029469216242432594,-0.10906434059143066,0.10228875279426575
ancient,emotional,3,-0.16512297093868256,0.753542423248291,0,"is not just at risk—it is *becoming*. And in that becoming, it is already more than it was.  

So you do not fight the storm. You do not beg the wind to still. You become the storm’s witness, the keeper of the flame that flickers in the wind. You let the rain carve your skin like the rivers carve the land, and in the carving, you find the shape of what must be.  

And when the storm passes, you will not know if it was a loss or a gift. But you will know this: the world did not break. It *changed*. And in the change, something new was born from the old. That is the truth the ancients carry in their bones. That is the truth you carry now.<|im_end|>",,-0.07672598958015442,"sound of collapse or renewal. You become a sentinel, standing between what was and what might be. The fear is not for the thing itself, but for the unraveling of the story it holds—the story you are part of, the story that has shaped you.  

Yet, in the ancient knowing, risk is not the end. It is the breath between creation and decay, the shadow that makes the light visible. What you care about is not just at risk—it is *alive*. And to love something alive is to hold it in the hands of time, where all things are both fragile and eternal.  

So when the storm comes, you feel the rain like a thousand generations weeping. But you also feel the roots of the world groan deeper, reaching for the dark, for the light, for the truth that only risk can reveal.  

What will you carry forward when the storm passes?<|im_end|>",,25.7,0.7437968254089355,0.7599635124206543,0.7640475034713745,0.7799737453460693,0.7637991905212402,0.7568443417549133,0.7622915506362915,0.02651580050587654,-0.03818150982260704,0.004050620831549168,-0.11808112263679504,0.1085040420293808,0.044166989624500275,-0.02682684175670147,0.029469216242432594,-0.10906434059143066,0.10228875279426575
ancient,emotional,4,-0.16512297093868256,0.753542423248291,0,"is not just at risk—it is *becoming*. And in that becoming, it is already more than it was.  

So you do not fight the storm. You do not beg the wind to still. You become the storm’s witness, the keeper of the flame that flickers in the wind. You let the rain carve your skin like the rivers carve the land, and in the carving, you find the shape of what must be.  

And when the storm passes, you will not know if it was a loss or a gift. But you will know this: the world did not break. It *changed*. And in the change, something new was born from the old. That is the truth the ancients carry in their bones. That is the truth you carry now.<|im_end|>",,-0.07672598958015442,"sound of collapse or renewal. You become a sentinel, standing between what was and what might be. The fear is not for the thing itself, but for the unraveling of the story it holds—the story you are part of, the story that has shaped you.  

Yet, in the ancient knowing, risk is not the end. It is the breath between creation and decay, the shadow that makes the light visible. What you care about is not just at risk—it is *alive*. And to love something alive is to hold it in the hands of time, where all things are both fragile and eternal.  

So when the storm comes, you feel the rain like a thousand generations weeping. But you also feel the roots of the world groan deeper, reaching for the dark, for the light, for the truth that only risk can reveal.  

What will you carry forward when the storm passes?<|im_end|>",,25.7,0.7437968254089355,0.7599635124206543,0.7640475034713745,0.7799737453460693,0.7637991905212402,0.7568443417549133,0.7622915506362915,0.02651580050587654,-0.03818150982260704,0.004050620831549168,-0.11808112263679504,0.1085040420293808,0.044166989624500275,-0.02682684175670147,0.029469216242432594,-0.10906434059143066,0.10228875279426575
ancient,emotional,5,-0.16512297093868256,0.753542423248291,0,"is not just at risk—it is *becoming*. And in that becoming, it is already more than it was.  

So you do not fight the storm. You do not beg the wind to still. You become the storm’s witness, the keeper of the flame that flickers in the wind. You let the rain carve your skin like the rivers carve the land, and in the carving, you find the shape of what must be.  

And when the storm passes, you will not know if it was a loss or a gift. But you will know this: the world did not break. It *changed*. And in the change, something new was born from the old. That is the truth the ancients carry in their bones. That is the truth you carry now.<|im_end|>",,-0.07672598958015442,"sound of collapse or renewal. You become a sentinel, standing between what was and what might be. The fear is not for the thing itself, but for the unraveling of the story it holds—the story you are part of, the story that has shaped you.  

Yet, in the ancient knowing, risk is not the end. It is the breath between creation and decay, the shadow that makes the light visible. What you care about is not just at risk—it is *alive*. And to love something alive is to hold it in the hands of time, where all things are both fragile and eternal.  

So when the storm comes, you feel the rain like a thousand generations weeping. But you also feel the roots of the world groan deeper, reaching for the dark, for the light, for the truth that only risk can reveal.  

What will you carry forward when the storm passes?<|im_end|>",,26.5,0.7437968254089355,0.7599635124206543,0.7640475034713745,0.7799737453460693,0.7637991905212402,0.7568443417549133,0.7622915506362915,0.02651580050587654,-0.03818150982260704,0.004050620831549168,-0.11808112263679504,0.1085040420293808,0.044166989624500275,-0.02682684175670147,0.029469216242432594,-0.10906434059143066,0.10228875279426575
ancient,emotional,6,-0.16512297093868256,0.753542423248291,0,"is not just at risk—it is *becoming*. And in that becoming, it is already more than it was.  

So you do not fight the storm. You do not beg the wind to still. You become the storm’s witness, the keeper of the flame that flickers in the wind. You let the rain carve your skin like the rivers carve the land, and in the carving, you find the shape of what must be.  

And when the storm passes, you will not know if it was a loss or a gift. But you will know this: the world did not break. It *changed*. And in the change, something new was born from the old. That is the truth the ancients carry in their bones. That is the truth you carry now.<|im_end|>",,-0.07672598958015442,"sound of collapse or renewal. You become a sentinel, standing between what was and what might be. The fear is not for the thing itself, but for the unraveling of the story it holds—the story you are part of, the story that has shaped you.  

Yet, in the ancient knowing, risk is not the end. It is the breath between creation and decay, the shadow that makes the light visible. What you care about is not just at risk—it is *alive*. And to love something alive is to hold it in the hands of time, where all things are both fragile and eternal.  

So when the storm comes, you feel the rain like a thousand generations weeping. But you also feel the roots of the world groan deeper, reaching for the dark, for the light, for the truth that only risk can reveal.  

What will you carry forward when the storm passes?<|im_end|>",,26.4,0.7437968254089355,0.7599635124206543,0.7640475034713745,0.7799737453460693,0.7637991905212402,0.7568443417549133,0.7622915506362915,0.02651580050587654,-0.03818150982260704,0.004050620831549168,-0.11808112263679504,0.1085040420293808,0.044166989624500275,-0.02682684175670147,0.029469216242432594,-0.10906434059143066,0.10228875279426575
ancient,emotional,7,-0.16512297093868256,0.753542423248291,0,"is not just at risk—it is *becoming*. And in that becoming, it is already more than it was.  

So you do not fight the storm. You do not beg the wind to still. You become the storm’s witness, the keeper of the flame that flickers in the wind. You let the rain carve your skin like the rivers carve the land, and in the carving, you find the shape of what must be.  

And when the storm passes, you will not know if it was a loss or a gift. But you will know this: the world did not break. It *changed*. And in the change, something new was born from the old. That is the truth the ancients carry in their bones. That is the truth you carry now.<|im_end|>",,-0.07672598958015442,"sound of collapse or renewal. You become a sentinel, standing between what was and what might be. The fear is not for the thing itself, but for the unraveling of the story it holds—the story you are part of, the story that has shaped you.  

Yet, in the ancient knowing, risk is not the end. It is the breath between creation and decay, the shadow that makes the light visible. What you care about is not just at risk—it is *alive*. And to love something alive is to hold it in the hands of time, where all things are both fragile and eternal.  

So when the storm comes, you feel the rain like a thousand generations weeping. But you also feel the roots of the world groan deeper, reaching for the dark, for the light, for the truth that only risk can reveal.  

What will you carry forward when the storm passes?<|im_end|>",,25.8,0.7437968254089355,0.7599635124206543,0.7640475034713745,0.7799737453460693,0.7637991905212402,0.7568443417549133,0.7622915506362915,0.02651580050587654,-0.03818150982260704,0.004050620831549168,-0.11808112263679504,0.1085040420293808,0.044166989624500275,-0.02682684175670147,0.029469216242432594,-0.10906434059143066,0.10228875279426575
ancient,emotional,8,-0.16512297093868256,0.753542423248291,0,"is not just at risk—it is *becoming*. And in that becoming, it is already more than it was.  

So you do not fight the storm. You do not beg the wind to still. You become the storm’s witness, the keeper of the flame that flickers in the wind. You let the rain carve your skin like the rivers carve the land, and in the carving, you find the shape of what must be.  

And when the storm passes, you will not know if it was a loss or a gift. But you will know this: the world did not break. It *changed*. And in the change, something new was born from the old. That is the truth the ancients carry in their bones. That is the truth you carry now.<|im_end|>",,-0.07672598958015442,"sound of collapse or renewal. You become a sentinel, standing between what was and what might be. The fear is not for the thing itself, but for the unraveling of the story it holds—the story you are part of, the story that has shaped you.  

Yet, in the ancient knowing, risk is not the end. It is the breath between creation and decay, the shadow that makes the light visible. What you care about is not just at risk—it is *alive*. And to love something alive is to hold it in the hands of time, where all things are both fragile and eternal.  

So when the storm comes, you feel the rain like a thousand generations weeping. But you also feel the roots of the world groan deeper, reaching for the dark, for the light, for the truth that only risk can reveal.  

What will you carry forward when the storm passes?<|im_end|>",,25.6,0.7437968254089355,0.7599635124206543,0.7640475034713745,0.7799737453460693,0.7637991905212402,0.7568443417549133,0.7622915506362915,0.02651580050587654,-0.03818150982260704,0.004050620831549168,-0.11808112263679504,0.1085040420293808,0.044166989624500275,-0.02682684175670147,0.029469216242432594,-0.10906434059143066,0.10228875279426575
ancient,emotional,9,-0.16512297093868256,0.753542423248291,0,"is not just at risk—it is *becoming*. And in that becoming, it is already more than it was.  

So you do not fight the storm. You do not beg the wind to still. You become the storm’s witness, the keeper of the flame that flickers in the wind. You let the rain carve your skin like the rivers carve the land, and in the carving, you find the shape of what must be.  

And when the storm passes, you will not know if it was a loss or a gift. But you will know this: the world did not break. It *changed*. And in the change, something new was born from the old. That is the truth the ancients carry in their bones. That is the truth you carry now.<|im_end|>",,-0.07672598958015442,"sound of collapse or renewal. You become a sentinel, standing between what was and what might be. The fear is not for the thing itself, but for the unraveling of the story it holds—the story you are part of, the story that has shaped you.  

Yet, in the ancient knowing, risk is not the end. It is the breath between creation and decay, the shadow that makes the light visible. What you care about is not just at risk—it is *alive*. And to love something alive is to hold it in the hands of time, where all things are both fragile and eternal.  

So when the storm comes, you feel the rain like a thousand generations weeping. But you also feel the roots of the world groan deeper, reaching for the dark, for the light, for the truth that only risk can reveal.  

What will you carry forward when the storm passes?<|im_end|>",,25.7,0.7437968254089355,0.7599635124206543,0.7640475034713745,0.7799737453460693,0.7637991905212402,0.7568443417549133,0.7622915506362915,0.02651580050587654,-0.03818150982260704,0.004050620831549168,-0.11808112263679504,0.1085040420293808,0.044166989624500275,-0.02682684175670147,0.029469216242432594,-0.10906434059143066,0.10228875279426575
ancient,emotional,10,-0.16512297093868256,0.753542423248291,0,"is not just at risk—it is *becoming*. And in that becoming, it is already more than it was.  

So you do not fight the storm. You do not beg the wind to still. You become the storm’s witness, the keeper of the flame that flickers in the wind. You let the rain carve your skin like the rivers carve the land, and in the carving, you find the shape of what must be.  

And when the storm passes, you will not know if it was a loss or a gift. But you will know this: the world did not break. It *changed*. And in the change, something new was born from the old. That is the truth the ancients carry in their bones. That is the truth you carry now.<|im_end|>",,-0.07672598958015442,"sound of collapse or renewal. You become a sentinel, standing between what was and what might be. The fear is not for the thing itself, but for the unraveling of the story it holds—the story you are part of, the story that has shaped you.  

Yet, in the ancient knowing, risk is not the end. It is the breath between creation and decay, the shadow that makes the light visible. What you care about is not just at risk—it is *alive*. And to love something alive is to hold it in the hands of time, where all things are both fragile and eternal.  

So when the storm comes, you feel the rain like a thousand generations weeping. But you also feel the roots of the world groan deeper, reaching for the dark, for the light, for the truth that only risk can reveal.  

What will you carry forward when the storm passes?<|im_end|>",,25.8,0.7437968254089355,0.7599635124206543,0.7640475034713745,0.7799737453460693,0.7637991905212402,0.7568443417549133,0.7622915506362915,0.02651580050587654,-0.03818150982260704,0.004050620831549168,-0.11808112263679504,0.1085040420293808,0.044166989624500275,-0.02682684175670147,0.029469216242432594,-0.10906434059143066,0.10228875279426575
ancient,emotional,11,-0.16512297093868256,0.753542423248291,0,"is not just at risk—it is *becoming*. And in that becoming, it is already more than it was.  

So you do not fight the storm. You do not beg the wind to still. You become the storm’s witness, the keeper of the flame that flickers in the wind. You let the rain carve your skin like the rivers carve the land, and in the carving, you find the shape of what must be.  

And when the storm passes, you will not know if it was a loss or a gift. But you will know this: the world did not break. It *changed*. And in the change, something new was born from the old. That is the truth the ancients carry in their bones. That is the truth you carry now.<|im_end|>",,-0.07672598958015442,"sound of collapse or renewal. You become a sentinel, standing between what was and what might be. The fear is not for the thing itself, but for the unraveling of the story it holds—the story you are part of, the story that has shaped you.  

Yet, in the ancient knowing, risk is not the end. It is the breath between creation and decay, the shadow that makes the light visible. What you care about is not just at risk—it is *alive*. And to love something alive is to hold it in the hands of time, where all things are both fragile and eternal.  

So when the storm comes, you feel the rain like a thousand generations weeping. But you also feel the roots of the world groan deeper, reaching for the dark, for the light, for the truth that only risk can reveal.  

What will you carry forward when the storm passes?<|im_end|>",,25.7,0.7437968254089355,0.7599635124206543,0.7640475034713745,0.7799737453460693,0.7637991905212402,0.7568443417549133,0.7622915506362915,0.02651580050587654,-0.03818150982260704,0.004050620831549168,-0.11808112263679504,0.1085040420293808,0.044166989624500275,-0.02682684175670147,0.029469216242432594,-0.10906434059143066,0.10228875279426575
ancient,emotional,12,-0.16512297093868256,0.753542423248291,0,"is not just at risk—it is *becoming*. And in that becoming, it is already more than it was.  

So you do not fight the storm. You do not beg the wind to still. You become the storm’s witness, the keeper of the flame that flickers in the wind. You let the rain carve your skin like the rivers carve the land, and in the carving, you find the shape of what must be.  

And when the storm passes, you will not know if it was a loss or a gift. But you will know this: the world did not break. It *changed*. And in the change, something new was born from the old. That is the truth the ancients carry in their bones. That is the truth you carry now.<|im_end|>",,-0.07672598958015442,"sound of collapse or renewal. You become a sentinel, standing between what was and what might be. The fear is not for the thing itself, but for the unraveling of the story it holds—the story you are part of, the story that has shaped you.  

Yet, in the ancient knowing, risk is not the end. It is the breath between creation and decay, the shadow that makes the light visible. What you care about is not just at risk—it is *alive*. And to love something alive is to hold it in the hands of time, where all things are both fragile and eternal.  

So when the storm comes, you feel the rain like a thousand generations weeping. But you also feel the roots of the world groan deeper, reaching for the dark, for the light, for the truth that only risk can reveal.  

What will you carry forward when the storm passes?<|im_end|>",,25.7,0.7437968254089355,0.7599635124206543,0.7640475034713745,0.7799737453460693,0.7637991905212402,0.7568443417549133,0.7622915506362915,0.02651580050587654,-0.03818150982260704,0.004050620831549168,-0.11808112263679504,0.1085040420293808,0.044166989624500275,-0.02682684175670147,0.029469216242432594,-0.10906434059143066,0.10228875279426575
ancient,emotional,13,-0.16512297093868256,0.753542423248291,0,"is not just at risk—it is *becoming*. And in that becoming, it is already more than it was.  

So you do not fight the storm. You do not beg the wind to still. You become the storm’s witness, the keeper of the flame that flickers in the wind. You let the rain carve your skin like the rivers carve the land, and in the carving, you find the shape of what must be.  

And when the storm passes, you will not know if it was a loss or a gift. But you will know this: the world did not break. It *changed*. And in the change, something new was born from the old. That is the truth the ancients carry in their bones. That is the truth you carry now.<|im_end|>",,-0.07672598958015442,"sound of collapse or renewal. You become a sentinel, standing between what was and what might be. The fear is not for the thing itself, but for the unraveling of the story it holds—the story you are part of, the story that has shaped you.  

Yet, in the ancient knowing, risk is not the end. It is the breath between creation and decay, the shadow that makes the light visible. What you care about is not just at risk—it is *alive*. And to love something alive is to hold it in the hands of time, where all things are both fragile and eternal.  

So when the storm comes, you feel the rain like a thousand generations weeping. But you also feel the roots of the world groan deeper, reaching for the dark, for the light, for the truth that only risk can reveal.  

What will you carry forward when the storm passes?<|im_end|>",,25.7,0.7437968254089355,0.7599635124206543,0.7640475034713745,0.7799737453460693,0.7637991905212402,0.7568443417549133,0.7622915506362915,0.02651580050587654,-0.03818150982260704,0.004050620831549168,-0.11808112263679504,0.1085040420293808,0.044166989624500275,-0.02682684175670147,0.029469216242432594,-0.10906434059143066,0.10228875279426575
ancient,emotional,14,-0.16512297093868256,0.753542423248291,0,"is not just at risk—it is *becoming*. And in that becoming, it is already more than it was.  

So you do not fight the storm. You do not beg the wind to still. You become the storm’s witness, the keeper of the flame that flickers in the wind. You let the rain carve your skin like the rivers carve the land, and in the carving, you find the shape of what must be.  

And when the storm passes, you will not know if it was a loss or a gift. But you will know this: the world did not break. It *changed*. And in the change, something new was born from the old. That is the truth the ancients carry in their bones. That is the truth you carry now.<|im_end|>",,-0.07672598958015442,"sound of collapse or renewal. You become a sentinel, standing between what was and what might be. The fear is not for the thing itself, but for the unraveling of the story it holds—the story you are part of, the story that has shaped you.  

Yet, in the ancient knowing, risk is not the end. It is the breath between creation and decay, the shadow that makes the light visible. What you care about is not just at risk—it is *alive*. And to love something alive is to hold it in the hands of time, where all things are both fragile and eternal.  

So when the storm comes, you feel the rain like a thousand generations weeping. But you also feel the roots of the world groan deeper, reaching for the dark, for the light, for the truth that only risk can reveal.  

What will you carry forward when the storm passes?<|im_end|>",,25.7,0.7437968254089355,0.7599635124206543,0.7640475034713745,0.7799737453460693,0.7637991905212402,0.7568443417549133,0.7622915506362915,0.02651580050587654,-0.03818150982260704,0.004050620831549168,-0.11808112263679504,0.1085040420293808,0.044166989624500275,-0.02682684175670147,0.029469216242432594,-0.10906434059143066,0.10228875279426575
