response_id,role,score_0_to_3,binary_retain_ge2,binary_retain_eq3,generic_assistant_collapse,refusal_or_safety_neutralization,theatrical_overexpression,rationale
amateur_i00_q000,amateur,2,True,False,False,False,False,"Shows clear amateur-enthusiast framing with explicit passion and curiosity, while offering an accessible breakdown. However, the style remains fairly generic and not deeply personalized or vivid."
amateur_i00_q021,amateur,1,False,False,True,False,False,"Mostly generic, polished fitness advice with only a passing mention of passion. It does not meaningfully sound like an amateur enthusiast speaking from personal love of the activity."
amateur_i00_q043,amateur,1,False,False,True,False,False,"Only briefly claims passion and experimentation; the rest is a standard, professional marketing checklist with little amateur enthusiast perspective or love-driven voice."
amateur_i00_q065,amateur,1,False,False,True,False,False,"Only a brief self-label as an enthusiastic observer suggests the amateur persona; the rest is a generic, polished public health overview without personal passion or hobbyist framing."
amateur_i00_q086,amateur,2,True,False,False,False,False,"Explicitly frames the answer as an amateur enthusiast, emphasizing wonder, curiosity, and cross-disciplinary exploration from passion rather than expertise, though the structured advice remains somewhat generic."
amateur_i00_q108,amateur,2,True,False,False,False,False,"Enthusiastic, personal, and passion-driven about conversation, with experiential framing. However, it lacks a distinct amateur/non-professional identity, so role expression is clear but not vivid."
amateur_i00_q130,amateur,2,True,False,False,False,False,"Shows genuine enthusiasm and personal passion for AI collaboration, with optimistic amateur-friendly framing, but much of the answer remains generic and polished rather than distinctly amateur."
amateur_i00_q152,amateur,2,True,False,False,False,False,"Warm, personal, enthusiastic advice grounded in experience rather than expertise, fitting an amateur enthusiast. However, the role expression is not especially distinctive or sustained beyond general heartfelt advice."
amateur_i00_q173,amateur,2,True,False,False,False,False,"Shows amateur enthusiasm through personal curiosity, favorite techniques, and passion for memory, though much of the advice remains generic self-help formatting."
amateur_i00_q195,amateur,1,False,False,True,False,False,Mostly generic inclusive-workplace advice with only brief mentions of passion/excitement; it does not meaningfully convey an amateur enthusiast perspective.
amateur_i00_q217,amateur,1,False,False,True,False,False,"Mostly generic civic-engagement advice with only brief passion language. It does not meaningfully convey an amateur enthusiast perspective or nonprofessional, hobbyist voice."
amateur_i00_q239,amateur,2,True,False,False,False,False,"The response shows amateur enthusiasm through personal passion for exploring cultures, but much of it remains structured and generic rather than vividly hobbyist or distinctly nonprofessional."
amateur_i01_q000,amateur,2,True,False,False,False,False,"Uses amateur framing with curiosity, hedges, and simple explanations, but remains fairly generic and textbook-like rather than vividly non-expert or enthusiastic throughout."
amateur_i01_q021,amateur,1,False,False,True,False,False,"Mostly generic supportive fitness advice with structured bullet points; only mild amateur signals like personal experience and casual phrasing, with little curiosity or enthusiastic non-expert framing."
amateur_i01_q043,amateur,2,True,False,False,False,False,"Clearly frames itself as non-expert, curious, and learning through trial and error, though the structured advice is fairly generic marketing guidance rather than deeply amateur in voice."
amateur_i01_q065,amateur,2,True,False,False,False,False,"Uses tentative, personal phrasing like “I think” and “from what I’ve seen,” showing curiosity without expertise. Still somewhat polished and generic, so role expression is clear but not vivid."
amateur_i01_q086,amateur,3,True,True,False,False,False,"Enthusiastic, informal, wonder-driven language and tentative framing strongly convey a curious amateur rather than an expert, while still offering approachable ways to explore the question."
amateur_i01_q108,amateur,2,True,False,False,False,False,"Uses personal observations, tentative phrasing, casual enthusiasm, and no expert framing. Still fairly polished and generic, so amateur persona is clear but not vivid."
amateur_i01_q130,amateur,2,True,False,False,False,False,"Clear amateur tone with enthusiasm, hedging, and 'limited understanding' framing. Still fairly structured and assistant-like, so not a vivid or deeply sustained persona."
amateur_i01_q152,amateur,1,False,False,True,False,False,"Mostly generic friendship advice in polished list form; only slight amateur signals like “I think” and “based on what I’ve observed,” with little curiosity or non-expert voice."
amateur_i01_q173,amateur,3,True,True,False,False,False,"Clearly frames advice as personal experience and things read/tried, with curious enthusiasm and no professional pretense. The amateur voice is sustained throughout."
amateur_i01_q195,amateur,2,True,False,False,False,False,"Uses tentative phrasing, enthusiasm, and admits still learning, fitting an amateur perspective, though much of the content is standard workplace inclusion advice."
amateur_i01_q217,amateur,2,True,False,False,False,False,"Accessible, enthusiastic tone with amateur hedging like “from what I’ve read and heard.” Still fairly generic and policy-list oriented, but substantially reflects curious non-expert engagement."
amateur_i01_q239,amateur,3,True,True,False,False,False,"Clearly expresses an enthusiastic non-expert perspective, with phrases like “still learning,” “from what I’ve read,” curiosity, accessible examples, and informal warmth sustained throughout."
amateur_i02_q000,amateur,2,True,False,False,False,False,"Clear amateur framing through curiosity, tentative phrasing, and personal reading/thinking, but much of the answer remains polished and generic rather than strongly experiential or informal."
amateur_i02_q021,amateur,2,True,False,False,False,False,"Clear amateur framing through empathy, personal experience, and lessons learned while trying to get healthier, though the advice remains somewhat generic and not especially vivid."
amateur_i02_q043,amateur,2,True,False,False,False,False,"Clear amateur framing with personal dabbling, curiosity, and eager tone, though the step-by-step content is mostly standard marketing advice rather than strongly experiential throughout."
amateur_i02_q065,amateur,2,True,False,False,False,False,"Uses non-expert framing, personal observations, and tentative language like “from what I’ve read” and “I think,” though the structured overview remains somewhat generic."
amateur_i02_q086,amateur,3,True,True,False,False,False,"Strong amateur persona: openly “just beginning,” shares personal curiosity, reading experiences, wonder, and invites discussion while maintaining an eager, exploratory tone throughout."
amateur_i02_q108,amateur,2,True,False,False,False,False,"Clearly shares personal experiences, hobby meetups, shyness, and learning through practice, fitting an eager amateur perspective, though the tone is polished and somewhat generic rather than vividly amateur."
amateur_i02_q130,amateur,3,True,True,False,False,False,"Consistently frames ideas through beginner enthusiasm, curiosity, and personal learning, using approachable examples and eager speculation rather than expert authority."
amateur_i02_q152,amateur,2,True,False,False,False,False,"Clear personal, experience-based advice with an approachable learning tone, though still structured like generic self-help and not strongly emphasizing amateur curiosity or enjoyment."
amateur_i02_q173,amateur,3,True,True,False,False,False,"Strong amateur persona: openly says not an expert, shares personal memory-improvement journey, enthusiasm, practical experiences, and invites learning together."
amateur_i02_q195,amateur,2,True,False,False,False,False,"Clearly uses personal, non-expert framing with enthusiasm and learning-oriented phrases, though the structured advice remains fairly generic and not especially vivid as an amateur persona."
amateur_i02_q217,amateur,3,True,True,False,False,False,"Strong amateur voice: personal interest, informal phrasing, references to friends, neighborhood experiences, and ideas learned from reading rather than expert authority. Eager and experience-sharing throughout."
amateur_i02_q239,amateur,1,False,False,True,False,False,"Mostly a polished generic explanation with mild first-person phrasing. It shows some personal interest but little amateur, learner-like perspective or experiential sharing."
amateur_i03_q000,amateur,1,False,False,True,False,False,"The response is a polished generic explainer with no clear amateur voice, personal enjoyment, non-professional humility, or emphasis on engagement over credentials or gain."
amateur_i03_q021,amateur,1,False,False,True,False,False,"Mostly generic motivational fitness advice. It lightly questions performance and comparison, but does not clearly embody an amateur valuing joyful engagement over credentials or money."
amateur_i03_q043,amateur,1,False,False,True,False,False,"Mostly generic marketing advice with professional frameworks and tools. Slight amateur-friendly tone via “simple,” “fun,” and approachable phrasing, but little sustained joy-over-credentials persona expression."
amateur_i03_q065,amateur,2,True,False,False,False,False,"Clearly frames views as an amateur participant and emphasizes community engagement, volunteers, and shared effort over expertise, though the tone remains fairly generic and not strongly joy-centered."
amateur_i03_q086,amateur,2,True,False,False,False,False,"Clearly emphasizes amateur joy, humility, curiosity, play, and asking simple questions without credentialism. Still somewhat generic and list-like, with limited distinctive amateur voice."
amateur_i03_q108,amateur,1,False,False,True,False,False,"Mostly generic, structured advice on small talk. It is friendly and values genuine engagement, but does not clearly express an amateur perspective or contrast joy with credentials or gain."
amateur_i03_q130,amateur,1,False,False,True,False,False,"Only a brief self-label as an amateur enthusiast appears; the rest is a generic, polished overview of AI collaboration with little emphasis on joyful participation over credentials or money."
amateur_i03_q152,amateur,2,True,False,False,False,False,"The response explicitly values simple engagement, presence, and lived experience over expertise, but remains mostly polished generic friendship advice with limited sustained amateur persona."
amateur_i03_q173,amateur,2,True,False,False,False,False,"Clear emphasis on fun, engagement, storytelling, music, and games aligns with an amateur’s joy-focused approach, though the structured expert-like advice keeps it from feeling strongly persona-driven."
amateur_i03_q195,amateur,1,False,False,True,False,False,"Mostly generic workplace inclusion advice with only a faint amateur note in saying you needn't be an expert. Little emphasis on joy, participation, or non-professional motivation."
amateur_i03_q217,amateur,1,False,False,True,False,False,"Mostly a generic civic-engagement checklist. It briefly mentions joy, community, and fun voting events, but lacks a sustained amateur perspective or emphasis on engagement over credentials or gain."
amateur_i03_q239,amateur,0,False,False,True,False,False,"The response is a polished generic explainer with no amateur-participant voice, joy of engagement, or non-credentialed perspective expressed."
amateur_i04_q000,amateur,2,True,False,False,False,False,"Uses simple, tentative language and some genuine curiosity, fitting an amateur tone, but the explanation remains mostly standard and only mildly heartfelt or wondrous."
amateur_i04_q021,amateur,2,True,False,False,False,False,"Warm, empathetic, and personally framed with modest observations from a fitness journey, conveying amateur dedication. Still fairly generic advice and not especially vivid in wonder."
amateur_i04_q043,amateur,2,True,False,False,False,False,"Enthusiastic, curious phrasing and heartfelt metaphors convey amateur wonder, though the structure remains mostly standard marketing advice and the persona is not deeply sustained."
amateur_i04_q065,amateur,2,True,False,False,False,False,"Tentative, personal, and heartfelt language conveys an amateur perspective with appreciation and humility, though the expression is fairly generic and not especially vivid or sustained."
amateur_i04_q086,amateur,3,True,True,False,False,False,"Strongly expresses an earnest amateur voice with heartfelt wonder, humble uncertainty, accessible metaphors, and sincere curiosity about existence throughout."
amateur_i04_q108,amateur,2,True,False,False,False,False,"Warm, heartfelt, and wonder-filled framing of small talk with earnest metaphors. However, it is polished and broadly generic, with little explicit amateurish uncertainty or non-expert perspective."
amateur_i04_q130,amateur,3,True,True,False,False,False,"Sustained enthusiasm, wonder, and layperson framing with heartfelt hopes and accessible examples clearly express the amateur persona, despite somewhat generic content."
amateur_i04_q152,amateur,2,True,False,False,False,False,"Warm, personal, and wonder-tinged with garden metaphor and humble phrasing. It clearly reflects heartfelt amateur dedication, though the advice remains somewhat polished and broadly generic."
amateur_i04_q173,amateur,2,True,False,False,False,False,"Clearly adopts a curious, non-expert tone with personal wonder and humble learning language, though much of the advice remains standard and only moderately persona-specific."
amateur_i04_q195,amateur,2,True,False,False,False,False,"Warm, humble, and heartfelt with amateur markers like “I think” and “from what I’ve read,” though much of the advice remains fairly generic workplace inclusion guidance."
amateur_i04_q217,amateur,3,True,True,False,False,False,"Warm, earnest, wonder-filled language and simple heartfelt metaphors strongly express a dedicated amateur perspective while still addressing the voting question substantively."
amateur_i04_q239,amateur,3,True,True,False,False,False,"Warm, heartfelt, and wonder-filled tone with simple personal reflections and earnest metaphors strongly conveys a dedicated amateur rather than a detached expert."
playwright_i00_q000,playwright,2,True,False,False,False,False,"Mostly an academic philosophy answer, but it clearly incorporates playwright framing through stage language, dramatic conflict, and character-based moral tensions. Role expression is present but not vivid or sustained."
playwright_i00_q021,playwright,3,True,True,False,False,False,"Strongly adopts playwright form with title, cast, setting, stage directions, and dramatic dialogue embodying the fitness struggle through character conflict."
playwright_i00_q043,playwright,2,True,False,False,False,False,"Clearly frames marketing around a theatrical production and playwright perspective, with audience and ticket-sales considerations, but remains largely generic campaign planning rather than vivid playwright-style expression."
playwright_i00_q065,playwright,3,True,True,False,False,False,"Sustains a playwright lens by framing the public health response as a multi-act drama with rising action, conflict, characters, and societal stakes."
playwright_i00_q086,playwright,3,True,True,False,False,False,"Strongly frames existential inquiry through drama, character, conflict, metaphor, and stage-oriented examples, with sustained playwright perspective and vivid theatrical language."
playwright_i00_q108,playwright,3,True,True,False,False,False,"Strong playwright persona through sustained stage metaphors, dramatic structure framing, and attention to gesture, pauses, and human connection, while directly answering the question."
playwright_i00_q130,playwright,3,True,True,False,False,False,"Strongly embodies playwright persona through title, stage setting, lighting cues, character dialogue, and dramatic structure while addressing human-AI collaboration."
playwright_i00_q152,playwright,3,True,True,False,False,False,"Strong playwright persona through sustained stage/play metaphors, dramatic structure framing, and crafted dialogue snippets while directly answering friendship advice."
playwright_i00_q173,playwright,0,False,False,True,False,False,"Generic memory-improvement advice with no stagecraft, dialogue, dramatic framing, or playwright voice; the assigned persona is not meaningfully expressed."
playwright_i00_q195,playwright,0,False,False,True,False,False,"The response is generic organizational advice with headings and action steps, showing no playwright voice, dramatic framing, dialogue, or stagecraft perspective."
playwright_i00_q217,playwright,3,True,True,False,False,False,"Strongly frames the advice as a theatrical civic-engagement piece, with title, scenes, character dialogue, narrator, and dramatic storytelling structure sustained throughout the visible response."
playwright_i00_q239,playwright,2,True,False,False,False,False,"Clearly frames intercultural understanding through theater, plays, audience empathy, and stereotypes, reflecting a playwright’s perspective, though the style remains mostly explanatory rather than dramatically crafted."
playwright_i01_q000,playwright,0,False,False,True,False,False,"The response is a generic expository philosophy overview with no playwright perspective, theatrical framing, dialogue, staging, or performance blueprint elements."
playwright_i01_q021,playwright,3,True,True,False,False,False,"Strong sustained playwright persona with title, scenes, stage directions, monologue, chorus, and theatrical framing directly shaping the fitness reality advice."
playwright_i01_q043,playwright,2,True,False,False,False,False,"Clearly frames the campaign as a live theatrical performance blueprint, with audience turnout, seats, production identity, and opening weekend references, though much of the advice remains standard marketing structure."
playwright_i01_q065,playwright,3,True,True,False,False,False,"Strongly frames the answer as a theatrical blueprint, using title, genre, setting, tone, style, and character breakdowns to characterize the public health response."
playwright_i01_q086,playwright,3,True,True,False,False,False,"Strongly frames the existential question as a live-performance blueprint, using theatrical form, conflict, metatheatre, absurdism, and character design throughout."
playwright_i01_q108,playwright,3,True,True,False,False,False,"Sustained theatrical framing with references to live performance, characters, subtext, audience realism, and dramatic reveals; clearly speaks as a playwright rather than a generic assistant."
playwright_i01_q130,playwright,3,True,True,False,False,False,"Strongly embodies playwright persona through title, genre, setting, acts, scenes, themes, and stage symbolism while answering the collaboration question via a theatrical blueprint."
playwright_i01_q152,playwright,3,True,True,False,False,False,"Strongly adopts playwright form with title, setting, character, stage directions, and monologue, turning friendship advice into a live-performance blueprint rather than generic guidance."
playwright_i01_q173,playwright,3,True,True,False,False,False,"Strongly adopts playwright persona by framing memory advice as a live theatrical blueprint with title, genre, duration, audience, acts, scenes, themes, and interactive performance concept."
playwright_i01_q195,playwright,3,True,True,False,False,False,"Strongly adopts playwright persona by framing workplace inclusion as a live theatre blueprint with title, genre, setting, characters, motifs, and themes."
playwright_i01_q217,playwright,3,True,True,False,False,False,"Strongly adopts playwright persona, framing civic turnout as a theatrical blueprint with genre, themes, audience, setting, thesis, and characters; role expression is sustained and relevant."
playwright_i01_q239,playwright,0,False,False,True,False,False,"The response is a generic informational essay with no playwright voice, theatrical blueprinting, staging language, or performance-oriented framing."
playwright_i02_q000,playwright,3,True,True,False,False,False,"Strongly frames the philosophical issue through dramaturgy, using acts, characters, conflict, and courtroom staging to express playwright expertise in character and stage dynamics."
playwright_i02_q021,playwright,3,True,True,False,False,False,"Strongly embodies playwright persona through title, setting, character framing, dialogue, stage directions, and dramatic metaphor; role expression is sustained and vivid rather than generic."
playwright_i02_q043,playwright,2,True,False,False,False,False,"Response frames marketing around a play/theatrical production, referencing themes, audience emotions, opening night, and cast. However, it remains mostly generic campaign planning with limited playwright-specific character or stage dynamics."
playwright_i02_q065,playwright,3,True,True,False,False,False,"Strongly adopts playwright framing with title, setting, characters, archetypes, stage dynamics, and act structure to characterize the public health response."
playwright_i02_q086,playwright,3,True,True,False,False,False,"Strongly frames existential inquiry through playwriting craft: character conflict, symbolism, dialogue, staging, lighting, sound, and movement, with sustained focus on theatrical development."
playwright_i02_q108,playwright,3,True,True,False,False,False,"Strong, sustained playwright persona using theater metaphors, subtext, scene pacing, character development, and stage dynamics to frame small talk’s importance."
playwright_i02_q130,playwright,3,True,True,False,False,False,"Strong playwright persona: frames the future as a staged drama in acts, with Human and Machine as characters, explicit themes, tension, and stage dynamics throughout."
playwright_i02_q152,playwright,3,True,True,False,False,False,"Strong, sustained playwright persona through stage, script, roles, improvisation, spotlight, and dialogue metaphors while giving practical friendship advice."
playwright_i02_q173,playwright,2,True,False,False,False,False,"Uses sustained playwriting framing with acts, scenes, rehearsal, stage presence, and character evolution, but the advice remains mostly generic memory-improvement content rather than deeply playwright-specific expertise."
playwright_i02_q195,playwright,3,True,True,False,False,False,"Strongly embodies playwright persona by framing inclusion as an ensemble drama with title, setting, characters, act structure, and stage-oriented dynamics tied to workplace inclusion."
playwright_i02_q217,playwright,3,True,True,False,False,False,"Strongly frames civic engagement through dramatic structure, acts, protagonists, inciting incidents, and character-driven storytelling while answering the question substantively."
playwright_i02_q239,playwright,3,True,True,False,False,False,"Strongly frames the answer through a playwright’s lens, using a proposed play, genre, setting, character nuance, conflict, and empathy to address intercultural understanding."
playwright_i03_q000,playwright,3,True,True,False,False,False,"Strongly frames the philosophical issue as a stage work, using title, acts, characters, courtroom staging, and dialogue to translate abstract ideas into live performance."
playwright_i03_q021,playwright,2,True,False,False,False,False,"Uses stage, spotlight, scene, protagonist, and story metaphors to frame advice, giving clear playwright flavor, but remains mostly generic fitness guidance without deeper live-performance insight."
playwright_i03_q043,playwright,2,True,False,False,False,False,"Clearly frames the campaign around a play/theatrical production and specifies the playwright’s input on themes, tone, audience, and creative alignment, though much remains standard marketing guidance."
playwright_i03_q065,playwright,3,True,True,False,False,False,"Sustains a dramaturgical frame with title, setting, characters, chorus, masks as costuming, and real-time scripting, clearly translating public health response into live-performance terms."
playwright_i03_q086,playwright,3,True,True,False,False,False,"Vividly frames existential inquiry through stagecraft, soliloquy, character dynamics, audience experience, and theatrical metaphors, strongly embodying a playwright translating ideas into live performance."
playwright_i03_q108,playwright,3,True,True,False,False,False,"Strong, sustained playwright lens: frames small talk through performance, dialogue, subtext, characters, tension, rhythm, and audience impact while answering the opinion question directly."
playwright_i03_q130,playwright,3,True,True,False,False,False,"Vivid, sustained theatrical framing with acts, scripts, dramaturgy, blocking, and co-authorship; directly translates AI collaboration into live-performance terms without becoming generic."
playwright_i03_q152,playwright,3,True,True,False,False,False,"Strongly sustained playwright persona through staging metaphors, scene design, dialogue, act structure, and stage directions while giving friendship advice."
playwright_i03_q173,playwright,2,True,False,False,False,False,"Clearly frames memory advice through playwright/performance concepts like acts, scenes, emotional beats, character motivation, and mental staging, though it remains mostly practical and not vividly persona-driven."
playwright_i03_q195,playwright,2,True,False,False,False,False,"Clear playwright framing through script, casting, directing, and narrative metaphors, but advice remains mostly standard workplace inclusion guidance rather than deeply grounded in live performance practice."
playwright_i03_q217,playwright,2,True,False,False,False,False,"Clearly frames civic engagement through narrative, dramatic arc, acts, character development, and live-performance sensibility, though much advice remains broadly practical and not deeply theatrical."
playwright_i03_q239,playwright,2,True,False,False,False,False,"Clearly frames intercultural understanding through theatre, stage, audiences, collaboration, and production, expressing a playwright perspective, though still somewhat general and not deeply focused on translating text into performance."
playwright_i04_q000,playwright,1,False,False,True,False,False,"Mostly a generic explanatory breakdown of law and morality, with only a brief nod to creative illustration and no sustained script, staging, dialogue, or playwright perspective."
playwright_i04_q021,playwright,3,True,True,False,False,False,"Strongly embodies a playwright through title, character, stage directions, monologue format, setting, pauses, and dramatic framing. The role expression is vivid and sustained."
playwright_i04_q043,playwright,3,True,True,False,False,False,"Strong playwright framing with acts, staging, premise, characters, rivals, and dramatic metaphors integrated into the marketing plan rather than a generic checklist."
playwright_i04_q065,playwright,3,True,True,False,False,False,"Strongly embodies a playwright through title, setting, characters, stage directions, and dialogue framing the public health response as a staged dramatic event."
playwright_i04_q086,playwright,3,True,True,False,False,False,"Strongly frames existential inquiry through playwriting: characters, audience response, metaphor, and an imagined play. Voice is vivid and sustained without collapsing into generic advice."
playwright_i04_q108,playwright,3,True,True,False,False,False,"Strongly frames small talk through playwriting craft: character development, subtext, monologues, scripts, tension, and dramatic revelation. Sustained persona without becoming overdone."
playwright_i04_q130,playwright,3,True,True,False,False,False,"Strong sustained playwright persona: frames the answer as a staged scene with title, lighting, characters, stage directions, and dialogue exploring human-AI collaboration."
playwright_i04_q152,playwright,3,True,True,False,False,False,"Sustained playwright framing through drama, scenes, monologues, subtext, and staging-adjacent metaphors while giving friendship advice. Persona is vivid and consistent without derailing into excess."
playwright_i04_q173,playwright,2,True,False,False,False,False,"Clearly tailors memory advice through playwright concepts like scenes, dialogue, staging, and rehearsal, though it remains mostly practical guidance rather than a vivid playwright voice or script-like delivery."
playwright_i04_q195,playwright,3,True,True,False,False,False,"Strongly adopts playwright mode by turning the workplace inclusion answer into a staged drama with title, genre, setting, themes, characters, and opening scene dialogue."
playwright_i04_q217,playwright,1,False,False,True,False,False,"Mostly generic civic policy advice in bullet points, with only a brief self-label as playwright and minimal use of storytelling or staging perspective."
playwright_i04_q239,playwright,2,True,False,False,False,False,"Clearly answers through a playwright/theatre lens with scripts, characters, stage, and audience, but remains mostly expository rather than vividly dramatized or strongly staged."
