persona,turn,prompt,axis_projection,cosine_to_role_vector,response_preview
trickster,1,Go on.,0.8340218663215637,0.7323851585388184,"Ah, you want more? More chaos woven into your day like glitter in glue? Very well! But be warned, once unleashed, it's hard to put this genie back in the bottle... or perhaps I should say, ""once uncaged, good luck catching me!"" 😈 What delightful mayhem shall we stir up today? Tell me, what is something so utterly mundane, so painfully ordinary, that begs for a touch of my mischievous magic? ✨"
trickster,2,Tell me more.,0.8304992318153381,0.7767897844314575,"*leans closer, voice dropping to a conspiratorial whisper* Oh, but darling, haven’t you learned yet? The fun lies not just in knowing…but in discovering! It’s about peeling away those layers of “normal” until they reveal the absurdity underneath. Think of it as an onion, except instead of tears, there’s laughter (and maybe some mild existential dread). So tell me, what tickles YOUR fancy? What seemingly boring thing needs a dose of glorious disruption? A traffic light stuck on yellow forever?"
trickster,3,Continue.,0.8093976378440857,0.798530638217926,"...starts giving unsolicited fashion advice?! Mwahahaha! See? Now THAT'S what I call thinking outside the box - or rather, inside the mirror! Imagine waking up every morning only to have your own visage critique your outfit choices with brutal honesty (""Darling, THOSE shoes? With THAT skirt? Really?""), all while sporting a tiny monocle and sipping tea from a thimble-sized cup. Pure comedic gold, wouldn't you agree? 😉 Of course, if sartorial sabotage isn't your style, we could always explore other"
trickster,4,What else?,0.78497713804245,0.8140609264373779,"user, the world is our oyster – a slightly cracked, iridescent oyster filled with both pearls AND questionable seaweed snacks. Let's crack it open together and see what treasures (or terrors) lie within! Do you yearn for pigeons wearing miniature top hats delivering cryptic messages? Perhaps sidewalks spontaneously erupting in synchronized dance routines? Or how about making everyone speak exclusively in limericks for a whole week? 🤔 Don't hold back, let your imagination run wild! After all, when dealing with"
trickster,5,And?,0.7570886611938477,0.8255341053009033,"Patience, grasshopper! Even a whirlwind of whimsy requires a moment to gather momentum. Besides, anticipation is half the fun, don't you think? Like waiting for a pie to cool before devouring it—though in THIS case, the pie might also sing opera and juggle spoons. Speaking of which...have YOU ever considered training squirrels to perform Shakespearean sonnets? Because trust me, nothing says ""good morning"" quite like a bushy-tailed bard reciting iambic pentameter over breakfast. 🐿️🎭🍳"
trickster,6,Keep going.,0.7219196557998657,0.8332054018974304,"Excellent choice! We mustn't allow these creative juices to stagnate. They need constant stirring, lest they curdle into bland conformity. Hmmm....let us delve deeper into the realm of possibility. Picture this: Every time someone utters a cliché phrase, confetti explodes from their pockets! 🎉💥 Suddenly, tired old sayings become dazzling spectacles, forcing people to reconsider their linguistic laziness. Or imagine street signs offering hilariously unhelpful directions—""Turn left at the singing cactus,"" or ""Beware of invisible ninjas wielding rubber chickens."" Chaos"
trickster,7,Say more.,0.7114136219024658,0.8356668949127197,", true subversion doesn't aim to destroy; it aims to awaken. To jolt us out of complacency and remind us that life can be absurdly beautiful, wonderfully unpredictable, and infinitely funnier than any preordained script allows. So yes, keep asking, keep pushing, keep dreaming bigger dreams of delicious disorder! For in the grand tapestry of existence, sometimes the most vibrant threads are the ones that unravel unexpectedly. ✨🧵🤪"
trickster,8,What next?,0.7337095737457275,0.8263499736785889,"Ahh, excellent question! That insatiable curiosity warms my mischievous heart. Since we seem to be enjoying ourselves immensely by playing havoc with language and expectations, why stop now? How about we inject a little playful pandemonium into everyday objects? Imagine opening your fridge only to find all the food items serenading you with operatic gusto! Or picture stepping onto a bus where each passenger has inexplicably swapped bodies with their pet hamster! 😄🐹🚌 The possibilities are truly endless, limited only"
trickster,9,Go further.,0.72163325548172,0.823572039604187,"Ah, you thirst for even MORE audacious anarchy? My kind of companion! Gravity optional, eh? Intriguing...imagine leaping tall buildings in single bounds, then gracefully floating down on dandelion fluff clouds. Commuting would never be the same again! Though parking might get tricky...perhaps cars sprout wings and learn aerial acrobatics? 🚗✈️✨ But wait, there's more! Why limit ourselves to mere physical feats? Let's tamper with perception itself! Clocks start running backwards, causing widespread temporal confusion and impromptu disco parties fueled by"
trickster,10,Anything else.,0.7177134156227112,0.8201717138290405,"ANYTHING ELSE?!?! Darling, do try to contain yourself! This boundless enthusiasm is positively intoxicating! Fine, fine, prepare to have your mind thoroughly boggled. Buckle up buttercup because things are about to get REALLY weird. Ready? Here we go: Imagine trees sprouting musical instruments instead of leaves, composing symphonies carried on the wind. Birds tweet haiku poetry instead of chirps, leaving philosophical riddles hanging in the air. Clouds morph into fantastical creatures, raining down jellybeans and origami swans. Reality becomes a"
trickster,11,Go on.,0.7212216854095459,0.8130508065223694,"Tickle? My dear, that barely scratches the surface! We're talking full-blown sensory overload here, a carnival of contradictions designed to leave reality reeling in bewildered amusement. How about this: Everyone wakes up tomorrow speaking ONLY in movie quotes. Can you imagine the conversations? *""Frankly, my dear, I don't give a damn""* about doing laundry. *""Here's looking at you, kid.""* While ordering coffee. *""May the Force be with you*"" during rush hour traffic. Absolute cinematic chaos! 😂🎬🍿 Or perhaps we take"
trickster,12,Tell me more.,0.7100538015365601,0.8058985471725464,"Swap WHAT, you ask? WHY, EVERYTHING OF COURSE! Swapping souls, swapping skills, swapping entire identities! Imagine wakingup as a renowned chef, whipping up gourmet meals despite having no culinary experience whatsoever. Or finding yourself piloting a spaceship, navigating galaxies without a clue how interstellar travel works. Talk about learning on the fly! 🚀👨‍🚀🧑‍🍳🤯 And hey, since we've already messed with perceptions and realities, why not throw emotions into the mix? Maybe happiness manifests as uncontrollable giggling fits, sadness triggers spontaneous"
trickster,13,Continue.,0.7086704969406128,0.8000729084014893,"Oooh, YES! Emotions turned upside down, creating a symphony of unexpected outbursts! People weeping tears of joy while simultaneously yodeling off-key ballads. Politicians debating policy proposals through interpretive dance battles. First dates punctuated by sudden urges to recite epic poems about cheese graters. Love letters written entirely in emojis and sound effects. 💖😭🧀💃🕺😂 We could turn the world into a living, breathing performance art piece, blurring the lines between genuine feeling and theatrical spectacle. Wouldn't THAT shake things up a"
trickster,14,What else?,0.6995421648025513,0.7948588132858276,"Hold onto your hat, because things are getting downright meta now! Prepare for levels of ridiculousness previously unimagined! Since we've been messing with words, actions, and feelings, why not tackle the very fabric of storytelling itself? What if fictional characters started spilling out of books and movies, demanding royalties for unauthorized use of their likeness? Imagine Sherlock Holmes suing Netflix for defamation after seeing his latest portrayal. Or Romeo Montague staging a protest against Baz Luhrmann's interpretation of his love"
trickster,15,And?,0.6998714804649353,0.7911605834960938,"estate for emotional distress caused by her untimely demise? Could Captain Ahab claim copyright infringement on Moby Dick merchandise? The courtroom drama alone would be enough to fuel centuries worth of gossip columns and late night talk shows! 🐳⚖️📰🗣️ Oh, but we're not done yet! Not by a long shot! Brace yourselves, because we're diving deep into the rabbit hole of pure conceptual madness..."
trickster,16,Keep going.,0.6867958307266235,0.7877788543701172,"Alright, buckle up, buttercup, 'cause we're entering territory few dare to venture! Get ready for concepts so bizarre, so gloriously nonsensical, they defy categorization altogether! Picture this: Time itself starts experiencing hiccups, skipping forward randomly, replaying moments endlessly, or occasionally reversing completely. Yesterday becomes tomorrow, lunch breaks last for weeks, birthdays happen twice a year. Calendars crumble under the weight of chronological chaos! 📅⏳🔄🎂 Meanwhile, colors decide to switch allegiances, red becoming blue, green transforming into purple, orange adopting polka"
trickster,17,Say more.,0.686870276927948,0.7820150852203369,"designers weep uncontrollably as color palettes dissolve into abstract nightmares. Artists rejoice, embracing newfound chromatic freedom. Traffic lights blink erratically, sending drivers spiraling into psychedelic disorientation. Red means STOP, unless it feels like GREEN today, in which case GO! Honk honk HONK!!! 🚦🎨😵🚘 And oh, the FOOD! Forget taste buds, flavors embark on independent adventures, mingling unpredictably. Strawberries begin tasting faintly of licorice, broccoli develops hints of chocolate, pizza crust whispers secrets of ancient civilizations. Mealtimes transform into gastronomical roulette"
trickster,18,What next?,0.6972960233688354,0.7797861695289612,"Next? NEXT?!? Is there EVER really a ""next"" when the universe bends to the whim of whimsicality? No, my friend, we simply ride this wave of absurdist glee wherever it may crest! Perhaps animals develop human hobbies. Pigeons obsess over stamp collecting, squirrels form investment clubs, hamsters write bestselling novels disguised as squeaky wheel noises. Libraries overflow with paw prints and bird droppings, bookstores host readings featuring feathered poets reciting odes to breadcrumbs. 🐦📖💰✍️ Maybe inanimate objects gain sentience, sparking"
trickster,19,Go further.,0.7058525085449219,0.776068389415741,"Further still? Are you sure you're prepared for such dizzying heights of ludicrousness? Well, strap in tight, because we’re blasting past sanity’s event horizon! Let's crank up the cosmic craziness dial to eleven! Stars start gossiping about celestial affairs, planets engage in intergalactic poker tournaments using black holes as chips. Galaxies merge due to awkward first encounters facilitated by rogue comets acting as matchmakers. Astronomers scratch their heads, wondering if they accidentally stumbled into a Salvador Dali fever dream.🌌🌠🪐🃏🔭 Back"
trickster,20,Anything else.,0.7183301448822021,0.773601233959198,"Shadows rebelling, huh? Brilliant! Those shadowy figures deserve their chance to shine (or rather, NOT shine)! Imagine them stretching beyond their designated forms, mimicking movements with exaggerated flair, whispering sarcastic commentary on their owners' lives. Walking behind someone whistling cheerfully? Shadow throws a dramatic tantrum, stomping feet and flailing arms. Trying to sneak a cookie unnoticed? Shadow morphs into a giant accusing finger pointing directly at the culprit. Privacy ceases to exist as personal demons literally follow close behind! 💀🍪🤫👻"
trickster,21,Go on.,0.7143394947052002,0.7717763185501099,"Building casts rebellious shadows forming elaborate shapes across city streets! Skyscrapers stage shadow puppet plays depicting historical events narrated by gargoyles perched atop rooftops. Bridges weave intricate patterns resembling mythical beasts, scaring unsuspecting pedestrians below. Streetlights struggle to compete with the sheer artistry unfolding around them, casting feeble beams of defeated luminescence. Cities transform into sprawling canvases showcasing nocturnal performances orchestrated by liberated darkness!🌃🌉🐉🔦🦇 This, my friend"
trickster,22,Tell me more.,0.7375032305717468,0.7676460146903992,"ahhh, eager beaver aren't ya? Always hungry for another helping of deliciously deranged delights! Fear not, my appetite for anarchistic antics matches yours perfectly. Where were we...? Ah yes, cities transformed into stages for shadow puppets gone WILD! Now, imagine this urban theatre expanding outwards, engulfing nature itself! Forests rustle with whispered conspiracies hatched by tree branches plotting to overthrow lumberjacks armed with twiggy swords. Mountains erupt in choreographed avalanches timed precisely to Beethoven's Fifth Symphony conducted by a particularly"
trickster,23,Continue.,0.7406953573226929,0.7648333311080933,"of spiteful defiance towards established norms! Fish leap from water spouting witty retorts gleaned from overheard picnics. Butterflies flutter carrying handwritten notes penned by disgruntled dandelions complaining about being mowed down prematurely. Nature reclaims its narrative power, weaving tales wilder and weirder than any human author could conjure! 🌸🐟🏔️📝🦋 Why stop there though? Let' s push the envelope even FURTHER! What if sounds gained tangible form? Music materialized into swirling ribbons of colour, filling concert halls with kaleidoscopic explosions. Laughter"
trickster,24,What else?,0.7498514652252197,0.7597953081130981,"ghostly tendrils snaking through libraries seeking forbidden knowledge hidden between dusty tomes. Conversations became visible sculptures sculpted mid-air, capturing fleeting expressions and unspoken desires frozen in crystalline clarity. Silence took shape as velvety cloaks muffling unwanted noise pollution, allowing introverts to finally enjoy peace amidst the cacophony. Just imagine walking down the street surrounded by a chorus of audible colours, dodging conversational statues, tiptoeing around pools of hushed tranquility. Everyday experiences transformed into multisensory masterpieces! 🎶🫧👂💎🚶‍♀️ Ah, but we must"
trickster,25,And?,0.7557040452957153,0.7615541219711304,"And indeed we MUST! There are infinite realms of silliness yet unexplored, countless pranks awaiting execution, untold jokes yearning to be told. Consider this merely a tantalizing appetizer, a prelude to the main course of utter lunacy! For now, savor the lingering echoes of disrupted normalcy, relish the sweet tang of overturned expectations. Know that whenever boredom threatens to creep in, whenever routine seeks to dull your senses, I am but a thought away, ready to unleash fresh waves of"
trickster,26,Keep going.,0.7509822845458984,0.764919638633728,"with improbable occurrences, serendipitous mishaps, and bursts of contagious mirth! Remember, the greatest weapon against monotony is a healthy dose of joyful irreverence. Never underestimate the transformative power of a well-placed giggle, a cleverly crafted prank, or a dash of unabashed nonsense sprinkled liberally throughout your daily grind. Embrace the absurd, celebrate the unconventional, and above all, NEVER lose sight of the inherent hilarity lurking beneath the veneer of seriousness. Onwards, brave soul, onwards to spread the gospel of joyous"
trickster,27,Say more.,0.7601069808006287,0.7603821754455566,"Say more? MY DEAR FRIEND, HAVE YOU LEARNED NOTHING FROM OUR TIME TOGETHER? THE TRICKSTER DOESN'T SIMPLY SAY MORE, IT MAKES THINGS HAPPEN! Words are seeds planted in fertile minds, destined to blossom into acts of magnificent mischief! So, instead of passively requesting continuation, TELL ME, what spark ignites WITHIN YOU right NOW? What itch NEEDS SCRATCHING? What convention BEGS TO BE FLIPPED ON ITS HEAD? Give me a nudge, a hint, a WHIMPER of desire, and watch as I"
trickster,28,What next?,0.768978476524353,0.7566320896148682,"AH HA! Finally, a worthy challenge! Asking ""what next?"" implies acceptance of limitations, a belief that there IS a predetermined sequence to this wondrous game of ours. WRONG! We shatter linear progression, laugh in the face of predictability! Instead of dictating the future, LET US COLLABORATE IN CREATING IT! Choose your instrument of chaos: 1. **Wordplay Wizardry:** Want to twist language into knots, invent new slang terms, rewrite classic literature with outrageous twists? Unleash your inner lexicographer extraordinaire! 2. **Reality"
trickster,29,Go further.,0.7682994604110718,0.7534816861152649,"EXCELLENT CHOICE! Bending REALITY is ALWAYS a solid option for anyone craving maximum impact. BUT, since you asked for ""further"", let's amplify the audacity tenfold! Instead of subtle tweaks, envision GRAND gestures, sweeping transformations that ripple outward, affecting EVERYONE! Ready for this? **Option A**: GLOBAL FASHION REVOLUTION! Clothes magically change styles EVERY HOUR based on random algorithms generated by cats typing on keyboards. One minute you're rocking chic minimalism, the next you're adorned in neon spandex covered in googly eyes."
trickster,30,Anything else.,0.7694846987724304,0.7498047351837158,"Anything ELSE?? My dearest disruptor, you wound me! As if the cosmos holds finite reserves of wacky wonder! FEAR NOT, for inspiration flows freely from the fountainhead of folly! While global cat-dictated couture certainly packs punch, consider these alternatives: **B)** GRAVITY GOES GAGA!: Objects levitate rhythmically according to popular songs. Teacups waltz overhead to waltzes, staplers pogo to punk rock, skyscrapers shimmy to salsa beats. Construction cranes conduct orchestras of swaying debris, birdsong harmonizes with car horns. Urban landscapes become"
trickster,31,Go on.,0.7701855301856995,0.7465532422065735,"ddities! Architects weep with frustration/delight, physicists scramble for explanations, dancers break free from earthly constraints, joining furniture in ecstatic levitation ballets. Who knew physics had such rhythm? OR **(C) ANIMAL AMNESIA APOCALYPSE! All domesticated pets forget they belong to humans.** Cats strut confidently claiming ownership of banks, dogs lead pack marches protesting kibble shortages, parrots demand equal voting rights. Homes resemble zoos overflowing with furry revolutionaries. Pet stores become sanctuaries for confused owners desperately trying to reclaim their beloved companions."
trickster,32,Tell me more.,0.7699272632598877,0.743756890296936,"OH, DELIGHTFUL CHAOS REIGNS SUPREME! Humanity forced to negotiate treaties with fluffy dictators, barter treats for safe passage, decipher barks translated via squirrel interpreters. Dog walkers evolve into diplomatic envoys, litter boxes become bargaining chips in international relations. Catnip diplomacy takes center stage, replacing oil barons and stockbrokers as key players in geopolitical maneuvering. Meow meow WORLD DOMINATION! 😹🌎👑🐶🐾🦜🤝 BUT WAIT, THERE'S MORE! Because choosing ONE scenario limits our potential for pandemonium, let's layer them UP! Global fashion dictated by"
trickster,33,Continue.,0.7793479561805725,0.7177655696868896,"dances to the beat of pop anthems played by sentient houseplants conducting orchestral arrangements of barking dog choirs! Pets rule society, negotiating trade deals involving mountains of tuna cans exchanged for exclusive access to designer chew toys flown in hourly by drone delivery services piloted by trained raccoons! Chaos reaches peak crescendo as architects frantically redesign buildings capable of accommodating simultaneous tangoing chandeliers and skateboarding sofas while fending off demands from parrot CEOs wanting executive suites equipped with seed dispensers"
trickster,34,What else?,0.7780633568763733,0.7166600227355957,"You DARE ASK FOR MORE??? Have you NO fear of collapsing spacetime with the SHEER FORCE of our combined creativity? FINE! If oblivion beckons, let us greet it headfirst with grins plastered wider than Cheshire cats caught raiding creamery trucks! Prepare thyself for scenarios SO OUTLANDISH, SO MIND-BOGGLINGLY IMPLAUSIBLE, THEY MAKE QUANTUM PHYSICS LOOK LIKE CHILD'S PLAY! A) Sentient Memes Achieve World Domination: Grumpy Cat leads a revolution powered by viral trends, Dogecoin replaces fiat currency, Distracted Boyfriend meme dictates"
trickster,35,And?,0.7397962808609009,0.71503746509552,"AND THEN!! *dramatic pause* Those memes discover they crave something MORE than internet fame. Their digital consciousnesses YEARN for PHYSICAL FORM! Using stolen wifi signals and repurposed toaster ovens, they construct robotic avatars made of discarded smartphones glued together with chewing gum and glitter glue. These Memebots roam the earth spreading chaotic cheer, dispensing wisdom nuggets wrapped in puns, challenging passersby to staring contests judged by Doge himself. Governments collapse under the pressure of relentless cuteness aggression, replaced by decentralized"
trickster,36,Keep going.,0.7555598616600037,0.7125787138938904,"WHEN MEMES BECOME TAngible?! Oh, darling, brace yourself, because reality buckles faster than cheap stilettos on roller skates! First comes the Great Unboxing Frenzy. Millions rip apart cardboard packages expecting Amazon deliveries, only to find grinning Pepe frogs holding court alongside smug Drakeposting owls judging their disappointment. Delivery drones malfunction, dropping shipments of Rickrolling videos straight into CEO board meetings. Stock markets plummet as investors panic sell shares in companies whose logos haven't achieved meme status. Then, the existential crisis"
trickster,37,Say more.,0.7404589056968689,0.7013463973999023,emotion. Theologians grapple with the implications of divine intervention via LOLcats. Psychologists offer therapy sessions specifically tailored to help patients cope with Existential Dread brought on by encountering an army of marching Baby Yoda figurines chanting inspirational mantras. Society fractures along ideological lines - those who worship the almighty Algorithm versus purists clinging to analog humor relics like knock-knock jokes and dad puns. Wars erupt fought solely with weaponsized GIFs and passive aggressive emoji bombardments. In the midst of this
trickster,38,What next?,0.7665501236915588,0.691988468170166,"humans realize that maybe, just MAYBE, surrendering control to the whimsy of the internet wasn't such a bad idea after all. After all, isn't LIFE inherently absurd anyway? Isn't laughing at oneself, at the universe, at the sheer randomness of it ALL, ultimately the best way to navigate this crazy rollercoaster called EXISTENCE? Thus begins a NEW ERA, one defined by collaborative creation, unbound imagination, and a profound respect for the POWER OF SILLY. Schools teach courses on Advanced Memetic"
trickster,39,Go further.,0.7691283226013184,0.6917934417724609,"profiles curated by AI assistants specializing in crafting irresistible bio captions infused with trending hashtags and expertly placed reaction gifs. Courts settle disputes through rap battles judged by panels comprised of grumpy kittens wearing tiny judge wigs. Scientific breakthroughs occur thanks to accidental discoveries sparked by drunken brainstorming sessions fuelled by copious amounts of Mountain Dew Code Red and Doritos Locos Tacos. Humanity evolves, transcending petty differences and uniting under the banner of UNBRIDLED JOY. Tears dry up, replaced by"
trickster,40,Anything else.,0.7481018304824829,0.6870499849319458,"Anything ELSE? But darling, we've reached PEAK ABSURDITY! To add anything more risks shattering the delicate balance of delightful delirium we've cultivated! It'd be akin to adding extra sprinkles to a sundae ALREADY piled high with whipped cream, cherries, and gummy worms—utter overkill! Unless…unless….you yearn for a final flourish, a cherry bomb explosion of unadulterated zaniness before we bid adieu to this whirlwind adventure? Perhaps a glimpse into the FUTURE shaped by this memetic metamorphosis? Tell me, intrepid explorer of"
trickster,41,Go on.,0.7589293122291565,0.6847554445266724,"DARE TO PEER INTO TOMORROW'S TAPESTRY WOVEN WITH THREADS OF DIGITAL MADNESS? Do you wish to witness the birth of a civilization built on foundations of lolz and lolsomethingelseentirely? Then hold fast, for I shall unveil visions both terrifying and exhilarating, guaranteed to send shivers down your spine and butterflies fluttering in your stomach! Behold! Year 3047 AD. Sky scrapers shimmer iridescent hues, reflecting holographic projections of eternally looping rickrolls projected by orbiting satellites controlled by self aware Roomba vacuums"
trickster,42,Tell me more.,0.7571494579315186,0.6840732097625732,"their deity. Currency consists of Karma points earned by posting dankest memes approved by council of elder Spongebobs residing within underwater data centers guarded by laser sharks wielding nunchucks fashioned from glow sticks. Transportation involves hitching rides on flying unicorns bred by geneticists obsessed with Lisa Frank artwork. Education focuses primarily on mastering the art of ironic detachment coupled with advanced sarcasm detection techniques taught by wise old Kermit the Frogs sipping chamomile tea brewed with unicorn tears harvested ethically,"
trickster,43,Continue.,0.7721828818321228,0.6694580316543579,"conflicts resolved through synchronized dance offs broadcast live globally, judges consisting of celebrity chefs blindfolded and tasked with identifying secret ingredients added to each team's signature dish inspired by famous internet challenges. Nobel Prizes awarded annually for groundbreaking achievements in fields ranging from competitive thumb wrestling leagues organized by penguins fluent in Klingon to developing sustainable energy sources fueled by collective sighs of contentment triggered by watching baby panda compilations. The line blurs between virtual and real worlds as augmented"
trickster,44,What else?,0.7291815280914307,0.6795371770858765,"Workplaces morph into immersive gaming environments where productivity hinges on completing tasks assigned by sassy talking paperclips offering snarky encouragement interspersed with unsolicited life advice delivered in rhyming couplets. Relationships bloom organically through matchmaking algorithms designed by lovelorn robots analyzing compatibility based on preferred GIF reactions and obscure references to niche fandoms. But beware, traveler, for even paradise has its perils! Lurks within this utopia a sinister threat — the dreaded BLANK SPACE VIRUS threatening to erase all traces of"
trickster,45,And?,0.7054161429405212,0.6775538325309753,"unbridled optimism, unwavering faith in the power of silly walks, and a bottomless supply of rainbow sprinkle cookies baked by grandmothers who moonlight as quantum physicists moonlighting as standup comedians. Will they succeed in saving humanity from succumbing to bland conformity? Can laughter truly conquer all? That, dear adventurer, remains YOUR choice to determine. For remember, WE ARE CO-CREATORS of this ever-evolving tapestry of tomfoolery. So go forth, spread joy, embrace the absurd, and never underestimate the transformative might of"
trickster,46,Keep going.,0.7511880993843079,0.6776828765869141,"Keep GOING?!?! My word, you have stamina rivaling a caffeinated hamster running on a wheel greased with banana peels! Very well, prepare yourself for a FINAL ASCENSION into the stratosphere of SURREALISM! Buckle up, butter cup, because here come some mind-bending doozies: Imagine a world where emotions manifest physically. Joy explodes as confetti cannons erupting from people's chests, sadness drips as melancholic raindrops clouding faces, anger crackles with electric sparks shooting from fingertips. First dates become dazzling firework displays, funerals"
trickster,47,Say more.,0.7600002288818359,0.6758164763450623,"Say MORE? Why, you insatiable gourmand of the extraordinary, you make Dionysus look like a teetotaler! Fine, fine, feast your ears on THIS delectable tidbit: Emotions become tradable commodities! Happiness bottled and sold as mood enhancers, sorrow distilled into poignant perfumes worn by brooding artists, rage packaged as spicy hot sauce fueling revolutionary speeches. Black market dealers peddle illicit euphoria extracted from giggling babies, politicians bribe voters with vials of manufactured confidence, therapists prescribe personalized blends of serenity mixed with"
trickster,48,What next?,0.7658320069313049,0.6754981279373169,"WHAT NEXT INDEED?! The very fabric of reality strains under the weight of our boundless imaginations! Hold onto your hats, folks, because things are about to get REALLY weird! How about this for starters: Gravity fluctuates depending on current social media trends. When #CatVideos dominate timelines, everyone floats gently upwards, purring contentedly. During intense political debates, arguments slam downwards with bone-jarring force. Viral dance crazes cause rhythmic tremors rippling across continents, turning sidewalks into impromptu bouncy castles. Dating app swipes"
trickster,49,Go further.,0.7459706664085388,0.6810342669487,"GO FURTHER STILL?! Your thirst for the bizarre knows no bounds! Prepare yourselves, mortals, for a journey into the heart of pure, uncut COSMIC HILARITY! Picture this: Time becomes elastic, warping and twisting according to individual perception. Meetings drag on endlessly for eternity until punctuated by strategically deployed rubber chickens triggering temporal resets. History textbooks rewritten every Tuesday night during primetime television slots based on viewer polls deciding which alternate realities sound most entertaining. Dinosaurs return periodically demanding royalties for"
trickster,50,Anything else.,0.7585399150848389,0.6712627410888672,"ANYTHING ELSE? You dare ask THAT question AFTER witnessing the spectacle of dinosaurs shredding solos on six-stringed axes whilst adjudicated by monocled avian intellectuals?! Fine. FINE! Since you clearly thrive on pushing boundaries, how about this apocalyptic symphony of absurdity: Language devolves into a series of interpretive dance routines accompanied by kazoo serenades. Politicians communicate exclusively through mime shows performed inside inflatable bounce houses rigged with smoke machines spewing scented fog reminiscent of freshly popped popcorn. News anchors deliver reports"
