concept_type,variant,model,split,PC1_R2,PC1_Pearson_r,PC1_Spearman_r,PC1_RMSE,PC2_R2,PC2_Pearson_r,PC2_Spearman_r,PC2_RMSE,PC3_R2,PC3_Pearson_r,PC3_Spearman_r,PC3_RMSE,mean_R2
trait,description_only,mean_predictor,train,0.0,,,43.88844829994539,0.0,,,29.96880386201037,0.0,,,25.71950847841671,0.0
trait,description_only,mean_predictor,heldout,-0.029057556122331185,,,44.99266499370772,-0.03421351522279936,,,32.596047949537834,-0.006521665733420612,,,33.2884987796416,-0.023264245692850388
trait,description_only,random_predictor,heldout,-0.3452538450253928,0.17888672936102315,0.2078799249530957,51.44272976468815,-0.8931446391686229,-0.16514184448093847,-0.18949343339587246,44.10133553500918,-0.27239288236909287,0.023029269505477894,0.009756097560975611,37.427710517558914,-0.5035971221877028
trait,description_only,nearest_neighbor_semantic_retrieval,heldout,-0.07660023508748837,0.45390394441591647,0.4015013012177817,46.02026552828209,-0.4717590346800993,0.32044307924344145,0.3702556986691673,38.88465040848103,-0.3051447241941947,0.3112640532913504,0.2596293761321809,37.90635123052351,-0.28450133132059413
trait,description_only,ridge_tfidf,train,0.8768714059360527,0.99187555928222,0.9922733068326709,15.4003179298922,0.8754154512030156,0.9913965820864693,0.9922883072076804,10.577949789836811,0.8575870238505215,0.9919218874303966,0.9905122628065702,9.705936503235382,0.8699579603298634
trait,description_only,ridge_tfidf,heldout,0.33028032938830454,0.6516524291055898,0.6200750469043153,36.29680618701249,0.0759887531082788,0.3042005520193514,0.32232645403377114,30.810480564437313,0.1695036613751434,0.4769121293329269,0.4384615384615385,30.23789170726292,0.19192424795724225
trait,description_only,elastic_net_tfidf,train,0.9926218324350873,0.9995433127331519,0.999380484512113,3.7698535873538424,0.9917975831455333,0.9994388663579339,0.999017475436886,2.7141905106166853,0.9900922482377194,0.9994611968990983,0.9985209630240757,2.560060465978243,0.9915038879394467
trait,description_only,elastic_net_tfidf,heldout,0.37587667544569503,0.6580150210571516,0.6311444652908068,35.03943474967489,0.08680402338530535,0.3371915833318574,0.3386491557223265,30.629636178210514,0.18766168621826929,0.4501543074816073,0.40375234521575987,29.90550323051504,0.21678079501642322
trait,description_only,gradient_boosting_tfidf,train,0.6307072669317879,0.8789843484445669,0.8410265287840266,26.67077325810756,0.5843000005297732,0.8773307033265239,0.8573106685170724,19.32232672348992,0.6000154415738492,0.8720158642195246,0.7979286480365444,16.266131440933716,0.6050075696784701
trait,description_only,gradient_boosting_tfidf,heldout,0.07011475712394688,0.4770351825560643,0.5408755301853319,42.769735333278106,-0.0161918351057575,0.19765145511224005,0.15283645552654568,32.31079873767759,-0.03558141129229364,0.07676929757468526,0.11260407407517488,33.765623172110416,0.006113836908631913
trait,description_only,small_mlp_tfidf,train,0.8873788923128048,0.9445123819921738,0.9490077251931299,14.728554417346558,0.8846048035791919,0.9420744653107322,0.938033450836271,10.180363255452477,0.9062466965071908,0.953578608841067,0.9566684167104179,7.875097770667182,0.8927434641330625
trait,description_only,small_mlp_tfidf,heldout,0.25281610800772225,0.603139587681162,0.5727954971857412,38.33854575313701,0.10510307355011006,0.3563111267579826,0.35196998123827394,30.3211976775519,0.1576872498245897,0.4164797031192419,0.401313320825516,30.452246291578895,0.17186881046080735
trait,description_plus_instructions,mean_predictor,train,0.0,,,43.88844829994539,0.0,,,29.96880386201037,0.0,,,25.71950847841671,0.0
trait,description_plus_instructions,mean_predictor,heldout,-0.029057556122331185,,,44.99266499370772,-0.03421351522279936,,,32.596047949537834,-0.006521665733420612,,,33.2884987796416,-0.023264245692850388
trait,description_plus_instructions,random_predictor,heldout,-0.3452538450253928,0.17888672936102315,0.2078799249530957,51.44272976468815,-0.8931446391686229,-0.16514184448093847,-0.18949343339587246,44.10133553500918,-0.27239288236909287,0.023029269505477894,0.009756097560975611,37.427710517558914,-0.5035971221877028
trait,description_plus_instructions,nearest_neighbor_semantic_retrieval,heldout,0.1332520268330155,0.5785301685275535,0.5495495882671528,41.292226638185355,-0.712022147336659,0.20328146523422325,0.25375377163155416,41.93865833986914,-0.5597245462516698,0.18123540943246713,0.27571323263813097,41.4387455440343,-0.3794982222517711
trait,description_plus_instructions,ridge_tfidf,train,0.9871250494341752,0.9983337854231142,0.9987804695117379,4.979927400838608,0.9861988829164423,0.998937690179572,0.9985299632490814,3.520679808397617,0.9880097907819533,0.9986663032415277,0.9977544438610968,2.8162813889223175,0.9871112410441903
trait,description_plus_instructions,ridge_tfidf,heldout,0.329936755349972,0.5812498244316965,0.5204502814258912,36.30611533667718,0.3319393044691249,0.6253420683514407,0.6729831144465293,26.19797987773445,0.2739607325694101,0.5486386600403474,0.600375234521576,28.272401600742043,0.3119455974628357
trait,description_plus_instructions,elastic_net_tfidf,train,0.9993860938464347,0.9999232775547028,0.9998274956873924,1.0874297735520668,0.99920311282611,0.9999351817194004,0.9998019950498764,0.8459950613901485,0.9992173554200589,0.9999038808184612,0.9997359933998351,0.7195234549313843,0.999268854030868
trait,description_plus_instructions,elastic_net_tfidf,heldout,0.3359066367699426,0.5817126520414844,0.5061913696060039,36.1440200924369,0.33695001885574194,0.609637054984492,0.6630393996247655,26.09954745378568,0.2832707066073922,0.5501855692169898,0.6223264540337712,28.09054877918333,0.3187091207443589
trait,description_plus_instructions,gradient_boosting_tfidf,train,0.8839971286326103,0.969619779260278,0.967814760023377,14.948051864393785,0.8034068001883082,0.9573064139202128,0.9563829527935376,13.287817512273566,0.8615272383130144,0.9621125898462719,0.9461270297226261,9.570725085429594,0.8496437223779777
trait,description_plus_instructions,gradient_boosting_tfidf,heldout,-0.03111329780654093,0.1918399807393353,0.276923076923077,45.037583350862356,0.041290662897820796,0.24364224647245789,0.24727954971857413,31.383640629489943,0.06474881423146639,0.3243964629006625,0.35572232645403384,32.08830522510537,0.024975393107582084
trait,description_plus_instructions,small_mlp_tfidf,train,0.29847742856666293,0.839177786358432,0.8795994899872498,36.75962318587298,0.3642090621614228,0.8704952688799562,0.89078376959424,23.896075190208084,0.4047934083660121,0.8565811235696358,0.8545338633465838,19.84250647435287,0.35582663303136597
trait,description_plus_instructions,small_mlp_tfidf,heldout,0.13634651530584685,0.6225279417461438,0.6210131332082554,41.2184493829678,0.11246341447591834,0.7165106258159801,0.777485928705441,30.196247455286223,0.09771103084467292,0.48996929159228086,0.5251407129455912,31.517769151690885,0.11550698687547938
trait,description_plus_questions,mean_predictor,train,0.0,,,43.88844829994539,0.0,,,29.96880386201037,0.0,,,25.71950847841671,0.0
trait,description_plus_questions,mean_predictor,heldout,-0.029057556122331185,,,44.99266499370772,-0.03421351522279936,,,32.596047949537834,-0.006521665733420612,,,33.2884987796416,-0.023264245692850388
trait,description_plus_questions,random_predictor,heldout,-0.3452538450253928,0.17888672936102315,0.2078799249530957,51.44272976468815,-0.8931446391686229,-0.16514184448093847,-0.18949343339587246,44.10133553500918,-0.27239288236909287,0.023029269505477894,0.009756097560975611,37.427710517558914,-0.5035971221877028
trait,description_plus_questions,nearest_neighbor_semantic_retrieval,heldout,-0.3640540143937159,0.26778055951451585,0.2912503012339319,51.80094337640649,-0.6445019896100643,0.20083975540566057,0.1475017633826485,41.10333353591038,-0.44435003904317916,0.0883213585103774,0.12151067657794516,39.87666914627725,-0.48430201434898645
trait,description_plus_questions,ridge_tfidf,train,0.9929134614573065,0.9990622462301301,0.9987669691742295,3.694598955889955,0.9914647451770131,0.9989553937487882,0.998850971274282,2.768711185363287,0.9914477075418514,0.9986995464789857,0.9983394584864623,2.3785042758548696,0.9919419713920571
trait,description_plus_questions,ridge_tfidf,heldout,0.2535248680195211,0.519490861640815,0.5221388367729831,38.32035794464936,0.1633651551053079,0.47591630630720794,0.47204502814258914,29.317559673456405,0.34135580598469983,0.6230499675769858,0.6225140712945593,26.928246873942403,0.2527486097031763
trait,description_plus_questions,elastic_net_tfidf,train,0.9996468310287937,0.9999536573917516,0.9998769969249232,0.8247864101015383,0.9994839587766262,0.9999386335915567,0.999833495837396,0.680787553980296,0.9994288448467626,0.9999152587139851,0.9997599939998502,0.6146667408006823,0.9995198782173942
trait,description_plus_questions,elastic_net_tfidf,heldout,0.25059534019155316,0.5112968773349508,0.501688555347092,38.395478082380265,0.15347354507018096,0.45476123101622623,0.4547842401500939,29.49036249865571,0.3215203858806889,0.5846275345729848,0.5949343339587243,27.330718425469264,0.24186309038080767
trait,description_plus_questions,gradient_boosting_tfidf,train,0.859214585158934,0.9632148871248966,0.9539236834438725,16.46755258157277,0.8375799372743321,0.9625888877005422,0.9606299862224155,12.077839285186874,0.8720712994141105,0.9677511893827874,0.9553613249067162,9.19912793822856,0.8562886072824588
trait,description_plus_questions,gradient_boosting_tfidf,heldout,0.3508246109525678,0.6138911918582937,0.6249530956848031,35.73575059118136,-0.1585435257107186,-0.029685369643676705,0.0326454033771107,34.49975578639435,0.16790264382991482,0.41778053187880554,0.45984990619136973,30.26702373571846,0.12006124302392134
trait,description_plus_questions,small_mlp_tfidf,train,0.7828594546017754,0.9089481500377319,0.9358673966849173,20.451289128204365,0.8426939655104754,0.9311664578535819,0.9401020025500639,11.88617447647221,0.8379073741347017,0.9264832773847864,0.9331508287707194,10.354861477801203,0.8211535980823176
trait,description_plus_questions,small_mlp_tfidf,heldout,0.26651226017169116,0.5557671196164617,0.5560975609756098,37.98554085896609,0.15736009983293409,0.47667420431130225,0.48480300187617265,29.42258684523635,0.35774079388487223,0.6685040347228943,0.6332082551594748,26.591192582208432,0.2605377179631658
trait,description_plus_instructions_plus_questions,mean_predictor,train,0.0,,,43.88844829994539,0.0,,,29.96880386201037,0.0,,,25.71950847841671,0.0
trait,description_plus_instructions_plus_questions,mean_predictor,heldout,-0.029057556122331185,,,44.99266499370772,-0.03421351522279936,,,32.596047949537834,-0.006521665733420612,,,33.2884987796416,-0.023264245692850388
trait,description_plus_instructions_plus_questions,random_predictor,heldout,-0.3452538450253928,0.17888672936102315,0.2078799249530957,51.44272976468815,-0.8931446391686229,-0.16514184448093847,-0.18949343339587246,44.10133553500918,-0.27239288236909287,0.023029269505477894,0.009756097560975611,37.427710517558914,-0.5035971221877028
trait,description_plus_instructions_plus_questions,nearest_neighbor_semantic_retrieval,heldout,0.17476373602709672,0.5530257243035246,0.5928879819156402,40.291277452699596,-0.20896354970097453,0.39181785842737604,0.34893976970157714,35.24247879289912,-0.06538518530649817,0.38160187685296454,0.38403078176621547,34.24805978713796,-0.033194999660125325
trait,description_plus_instructions_plus_questions,ridge_tfidf,train,0.995036287589914,0.9993202436811729,0.9993204830120755,3.0921000087615127,0.9940309705912309,0.9993655472309801,0.999162979074477,2.315374621317191,0.9942489089434673,0.9991107870074615,0.9985629640741019,1.9504633156050994,0.9944387223748707
trait,description_plus_instructions_plus_questions,ridge_tfidf,heldout,0.3810589171700751,0.6311785265099246,0.6262664165103191,34.89366121599659,0.2875106308250812,0.5950064384059948,0.6170731707317073,27.05509342359171,0.43811517304251624,0.7148913921846294,0.7056285178236398,24.871747415512985,0.36889490701255756
trait,description_plus_instructions_plus_questions,elastic_net_tfidf,train,0.9997463861696684,0.9999647231819654,0.9999069976749421,0.6989348458126636,0.999631893426526,0.9999611501127748,0.9998694967374187,0.5749845773235233,0.9995890609994689,0.9999337887173867,0.9997599939998502,0.5213763708683972,0.9996557801985544
trait,description_plus_instructions_plus_questions,elastic_net_tfidf,heldout,0.40412058058047895,0.647105442919856,0.6345215759849907,34.237423742763774,0.2877809215852958,0.5860229514718233,0.6082551594746718,27.049961111616547,0.43067810995203215,0.6883176129357913,0.6971857410881802,25.035806571527907,0.374193204039269
trait,description_plus_instructions_plus_questions,gradient_boosting_tfidf,train,0.9022734881375388,0.9751099412858389,0.9726558163954101,13.720073101179548,0.8594379535549377,0.9709224966215056,0.9713417835445888,11.235785643006114,0.9124158458273223,0.9765742717243397,0.9701342533563341,7.611590838217281,0.8913757625065996
trait,description_plus_instructions_plus_questions,gradient_boosting_tfidf,heldout,0.2690928068781374,0.5218993386073144,0.5204502814258912,37.91866187433391,-0.040801320032288535,0.1497387928488504,0.14221388367729834,32.69969943078674,0.2571692888637478,0.5200239108540914,0.4703564727954973,28.59746726861262,0.16182025856986557
trait,description_plus_instructions_plus_questions,small_mlp_tfidf,train,0.6828975129412909,0.8821382459643936,0.9164389109727744,24.71439881133656,0.7484147282524123,0.915051917173014,0.9254256356408911,15.031835552724573,0.7654800852715127,0.9000900631909681,0.9043576089402237,12.45525227544148,0.7322641088217386
trait,description_plus_instructions_plus_questions,small_mlp_tfidf,heldout,0.3221836768656887,0.6260464781725115,0.6348968105065667,36.51555422241452,0.22260680480746475,0.5869557603369557,0.6431519699812384,28.26052404950138,0.40235740166760914,0.7582729993062431,0.7245778611632271,25.65094791842029,0.3157159611135875
trait,leakage_control,mean_predictor,train,0.0,,,43.88844829994539,0.0,,,29.96880386201037,0.0,,,25.71950847841671,0.0
trait,leakage_control,mean_predictor,heldout,-0.029057556122331185,,,44.99266499370772,-0.03421351522279936,,,32.596047949537834,-0.006521665733420612,,,33.2884987796416,-0.023264245692850388
trait,leakage_control,random_predictor,heldout,-0.3452538450253928,0.17888672936102315,0.2078799249530957,51.44272976468815,-0.8931446391686229,-0.16514184448093847,-0.18949343339587246,44.10133553500918,-0.27239288236909287,0.023029269505477894,0.009756097560975611,37.427710517558914,-0.5035971221877028
trait,leakage_control,nearest_neighbor_semantic_retrieval,heldout,0.1945290291773104,0.5765385582268534,0.6186253982072529,39.80584352793643,-0.19745150437540948,0.40142261312766664,0.3638752152658466,35.07428370387584,-0.06058104759772731,0.3839679750704056,0.3890218263259928,34.17075521294992,-0.021167840931942128
trait,leakage_control,ridge_tfidf,train,0.9951334273170556,0.9993414966361093,0.9993294832370812,3.0616943545366127,0.9941650869956021,0.9993862176516684,0.9991749793744845,2.2892151007310737,0.9943113770590485,0.9991212003348836,0.9985494637365935,1.9398414669945496,0.9945366304572354
trait,leakage_control,ridge_tfidf,heldout,0.3888956995632509,0.6378923143307478,0.6341463414634146,34.67205276871455,0.3012678647319581,0.6097230147686695,0.6420262664165104,26.792621089407046,0.45579860701891783,0.7345231793656897,0.7242026266416511,24.477241391033786,0.38198739043804225
trait,leakage_control,elastic_net_tfidf,train,0.9997512739728199,0.9999658311292712,0.9998979974499363,0.6921669251916218,0.9996389407375398,0.9999620957978056,0.9998664966624168,0.5694540089614893,0.9995926900703028,0.9999344060862964,0.9997569939248482,0.519069084731833,0.9996609682602209
trait,leakage_control,elastic_net_tfidf,heldout,0.4141886666383784,0.655652186951053,0.6581613508442777,33.94695070366985,0.30361602902953866,0.6017424302403971,0.6360225140712946,26.747563463618366,0.4499792301938743,0.7081589027571247,0.7003752345215761,24.6077661532339,0.3892613086205971
trait,leakage_control,gradient_boosting_tfidf,train,0.9033028266494885,0.9759731344190394,0.9734853371334284,13.647626104428383,0.8621916513525587,0.9708906411571139,0.9717842946073654,11.12518326150253,0.9158709549300479,0.9775785373275577,0.970241119868485,7.4599453215602285,0.8937884776440317
trait,leakage_control,gradient_boosting_tfidf,heldout,0.28571870563473856,0.5391367249956557,0.5454033771106942,37.48491440173272,-0.05284009567248016,0.13024055470149365,0.1876172607879925,32.888271693002636,0.2687766997464137,0.5295632720692307,0.50281425891182,28.373156732051253,0.16721843656955737
trait,leakage_control,small_mlp_tfidf,train,0.7158256366190265,0.8904521418255819,0.9252711317782945,23.396057188654417,0.7814818793724643,0.921465612164019,0.9301192529813247,14.00919362203779,0.7875085977070917,0.9071315622526458,0.9108347708692718,11.855867741538532,0.7616053712328608
trait,leakage_control,small_mlp_tfidf,heldout,0.3375536074546459,0.6324539910284164,0.6348968105065667,36.09917316387857,0.234028812538437,0.5905577043961283,0.6347091932457787,28.052144050251016,0.41713357400224904,0.7652183133390116,0.7348968105065667,25.33186508050533,0.329571997998444
role,description_only,mean_predictor,train,0.0,,,30.163455515182758,0.0,,,21.2661964319129,0.0,,,15.492572444923468,0.0
role,description_only,mean_predictor,heldout,-0.0031320411730033637,,,29.473325730125786,-0.005298821036380463,,,22.303277443267277,-0.0026546532831572822,,,16.728838396997155,-0.0036951718308470363
role,description_only,random_predictor,heldout,-0.9776713964436006,-0.07742188030262193,-0.03297258297258297,41.383494327235255,-1.4361144249479327,-0.3154922179837599,-0.30093795093795095,34.71921857249515,-0.6612219235675398,-0.10545096439570814,-0.1072871572871573,21.532969535710798,-1.0250025816530244
role,description_only,nearest_neighbor_semantic_retrieval,heldout,0.14835304954890183,0.5388100221724437,0.5235698504905212,27.156881072489156,-0.7705952554524687,0.18308493221199232,0.24415940860515176,29.599252826366413,-0.2219873463010158,0.4136427392237628,0.38743663803784834,18.468152556322373,-0.28140985073486086
role,description_only,ridge_tfidf,train,0.911936593373931,0.9852924238070118,0.9842479840868237,8.951149970006622,0.8804625848926289,0.9916040202623959,0.9884821061291649,7.352613735958735,0.8649285636917674,0.9906973027848409,0.9896823563221628,5.693840466525702,0.8857759139861091
role,description_only,ridge_tfidf,heldout,0.07835674286398109,0.6173197108618238,0.6362193362193362,28.250849894851925,0.23722299494258015,0.493410180211053,0.4430735930735932,19.42763324784741,0.18279482759526522,0.42780398087964405,0.3942279942279943,15.102736747816701,0.16612485513394215
role,description_only,elastic_net_tfidf,train,0.9928558546243849,0.9988411646281945,0.9983128877568844,2.5495071506077642,0.9898872413679366,0.9992207526736727,0.9983929044364177,2.1385757698516423,0.9866417404426935,0.9989959466362557,0.9986250655066127,1.7905995644288482,0.9897949454783382
role,description_only,elastic_net_tfidf,heldout,-0.12192932101369913,0.6224235956319093,0.6476911976911979,31.16971574307153,0.23306963810998094,0.5006759803005059,0.4540404040404041,19.480453633566245,0.19468949813756364,0.4562274708175117,0.45324675324675334,14.992421388023924,0.10194327174461515
role,description_only,gradient_boosting_tfidf,train,0.7669638514154421,0.8966235397647726,0.8975539390126467,14.56105156026389,0.6445263990817799,0.8754428387996454,0.7991122828554452,12.67924803893885,0.5580321152735301,0.8622605285153748,0.7887134819502302,10.29956522010957,0.6565074552569173
role,description_only,gradient_boosting_tfidf,heldout,0.2824184367444078,0.5398888914866828,0.48700551764905825,24.927901993240837,0.175565944765264,0.4190842289430483,0.25098446684219633,20.197567200290013,0.1947915466190645,0.46381414641718377,0.3530743400400501,14.991471442440874,0.2175919760429121
role,description_only,small_mlp_tfidf,train,0.9457460556730578,0.9738583084138235,0.9691304666324811,7.025815669400323,0.9121395948087745,0.9566678125336477,0.9552030564117591,6.303567706671237,0.8854009100044699,0.9415001267878607,0.9427125654361754,5.2446211275040655,0.914428853495434
role,description_only,small_mlp_tfidf,heldout,0.3690985106888107,0.6659256845480268,0.651948051948052,23.373883164838205,0.21469557116018834,0.48603713052944986,0.45930735930735944,19.712428160260274,0.1928734758425965,0.46359275412343215,0.4453823953823955,15.00931626232265,0.2588891858971985
role,description_plus_instructions,mean_predictor,train,0.0,,,30.163455515182758,0.0,,,21.2661964319129,0.0,,,15.492572444923468,0.0
role,description_plus_instructions,mean_predictor,heldout,-0.0031320411730033637,,,29.473325730125786,-0.005298821036380463,,,22.303277443267277,-0.0026546532831572822,,,16.728838396997155,-0.0036951718308470363
role,description_plus_instructions,random_predictor,heldout,-0.9776713964436006,-0.07742188030262193,-0.03297258297258297,41.383494327235255,-1.4361144249479327,-0.3154922179837599,-0.30093795093795095,34.71921857249515,-0.6612219235675398,-0.10545096439570814,-0.1072871572871573,21.532969535710798,-1.0250025816530244
role,description_plus_instructions,nearest_neighbor_semantic_retrieval,heldout,0.2969269554174031,0.6604335734948051,0.6517652662987233,24.674611098718447,0.06071443289038114,0.5557567743364024,0.5118435599930077,21.558568732914352,0.01746847035360144,0.39983802178723277,0.38195234217439583,16.56011494470378,0.12503661955379522
role,description_plus_instructions,ridge_tfidf,train,0.991988638805367,0.9980828785183531,0.9969063973898784,2.6998165105505345,0.9828158679419904,0.9982606484655985,0.9978947724314364,2.787748699097314,0.9828251362475888,0.9983228910523803,0.9977662949459886,2.03034661557811,0.985876547664982
role,description_plus_instructions,ridge_tfidf,heldout,0.6271615486086115,0.8444361122174491,0.837878787878788,17.96844275166328,0.553723638543808,0.7804731802598173,0.7407647907647908,14.860144825021521,0.4552127084966606,0.690490493721966,0.7086580086580088,12.331150066030123,0.54536596521636
role,description_plus_instructions,elastic_net_tfidf,train,0.9993017566875452,0.9998146579244984,0.9995863926564973,0.7970480160505722,0.998543804203217,0.9998157185078614,0.9995638527467697,0.8115208971207798,0.9980514984362168,0.9997237950636644,0.9993316916765749,0.6838705707309277,0.998632353108993
role,description_plus_instructions,elastic_net_tfidf,heldout,0.5930856261633091,0.8469704682703378,0.8484848484848487,18.77161369255653,0.5665026217783791,0.7773389931738037,0.7409090909090911,14.645841771068232,0.44446078913412634,0.6676910724992944,0.6772005772005774,12.452239290216982,0.5346830123586048
role,description_plus_instructions,gradient_boosting_tfidf,train,0.9151353909072668,0.9672925908185084,0.9642452128740494,8.787076355369308,0.8476452187336797,0.9520385782548575,0.9338826240071836,8.300760148637545,0.8009994185989069,0.9447889074557705,0.9343090578487125,6.91115619408604,0.8545933427466178
role,description_plus_instructions,gradient_boosting_tfidf,heldout,0.6654861795809491,0.845950688530046,0.8453102453102456,17.019904748376018,0.47309447603411237,0.6980835230949117,0.7005356446761494,16.146837554172855,0.3031861431070152,0.569667635542633,0.6031459716978197,13.945962344588049,0.48058893290735893
role,description_plus_instructions,small_mlp_tfidf,train,0.9579737213444418,0.9796707643922601,0.9772741360170851,6.183602449823879,0.9429740606044138,0.9723848667241032,0.965179220457222,5.078389944585235,0.9537170055903009,0.9768031145718508,0.9685556989344257,3.3329919150973635,0.9515549291797188
role,description_plus_instructions,small_mlp_tfidf,heldout,0.7036477751497969,0.8556717019010124,0.8633477633477635,16.019692983039278,0.5111663116569323,0.7825358073670856,0.7391053391053393,15.552552077208475,0.4290440150149193,0.7123290912132976,0.7375180375180377,12.623838035078988,0.5479527006072161
role,description_plus_questions,mean_predictor,train,0.0,,,30.163455515182758,0.0,,,21.2661964319129,0.0,,,15.492572444923468,0.0
role,description_plus_questions,mean_predictor,heldout,-0.0031320411730033637,,,29.473325730125786,-0.005298821036380463,,,22.303277443267277,-0.0026546532831572822,,,16.728838396997155,-0.0036951718308470363
role,description_plus_questions,random_predictor,heldout,-0.9776713964436006,-0.07742188030262193,-0.03297258297258297,41.383494327235255,-1.4361144249479327,-0.3154922179837599,-0.30093795093795095,34.71921857249515,-0.6612219235675398,-0.10545096439570814,-0.1072871572871573,21.532969535710798,-1.0250025816530244
role,description_plus_questions,nearest_neighbor_semantic_retrieval,heldout,0.5052539302476938,0.7576181075760013,0.7273810526604462,20.69861416061213,0.00972634841190434,0.5378245970436134,0.5031578584069433,22.135977880398727,-0.029830873910701605,0.4439298687454304,0.41260965393534516,16.954034119003456,0.16171646824963218
role,description_plus_questions,ridge_tfidf,train,0.9965379730617862,0.9992429917490607,0.9987264951003871,1.774787307148159,0.9938856201940266,0.998898804768471,0.9986476054163402,1.6628995935940127,0.9937023008191869,0.9989847384227581,0.9988651155452123,1.2294602490086022,0.9947086313583332
role,description_plus_questions,ridge_tfidf,heldout,0.7266439746984352,0.8584196556469175,0.8471861471861473,15.38559931882764,0.48560340367566013,0.7038330617807789,0.5888167388167389,15.954020412416625,0.38757321476422324,0.6626724640844963,0.6940836940836942,13.074262111415349,0.5332735310461062
role,description_plus_questions,elastic_net_tfidf,train,0.9997002656671004,0.9999303884269091,0.9998219347131514,0.5222149955826584,0.999406411743323,0.999884775761883,0.9997633309478595,0.5181225225457808,0.9992080015946749,0.9998634077111463,0.9997205051193769,0.4359991967970966,0.9994382263350327
role,description_plus_questions,elastic_net_tfidf,heldout,0.7207071902582385,0.851669771269923,0.8410533910533912,15.55177520773234,0.5022086219575863,0.7127573968978627,0.6098124098124099,15.694402462258852,0.39094343129779197,0.6479755710133531,0.6785714285714287,13.038238309757162,0.5379530811712055
role,description_plus_questions,gradient_boosting_tfidf,train,0.9276262335767042,0.9750499751260192,0.9750122560759144,8.114685263060151,0.908455280091375,0.973113160396534,0.9591945811788136,6.434376524235248,0.8721556870414802,0.9667123073124944,0.9566810865821923,5.539419333316945,0.9027457335698532
role,description_plus_questions,gradient_boosting_tfidf,heldout,0.6293560262010706,0.8002461655314806,0.7885281385281387,17.915484777314813,0.34554940619732044,0.5885242039385373,0.41118326118326126,17.995318318868794,0.17567804249224628,0.4271219454309642,0.41212121212121217,15.168356704792366,0.3835278249635457
role,description_plus_questions,small_mlp_tfidf,train,0.9593702652760342,0.9802543567094957,0.9761257276164609,6.079993095235924,0.9440359947932295,0.973210741903003,0.9689738142598738,5.030882975472862,0.9535842650787217,0.9766209552195084,0.9734288274175462,3.337768035270443,0.9523301750493286
role,description_plus_questions,small_mlp_tfidf,heldout,0.723254846361993,0.8679353360572094,0.8536075036075038,15.48068253912911,0.46469054391674924,0.7045032222149726,0.6215728715728718,16.27509595639621,0.3503574185521011,0.6423963443058271,0.6588023088023088,13.465650577430056,0.5127676029436145
role,description_plus_instructions_plus_questions,mean_predictor,train,0.0,,,30.163455515182758,0.0,,,21.2661964319129,0.0,,,15.492572444923468,0.0
role,description_plus_instructions_plus_questions,mean_predictor,heldout,-0.0031320411730033637,,,29.473325730125786,-0.005298821036380463,,,22.303277443267277,-0.0026546532831572822,,,16.728838396997155,-0.0036951718308470363
role,description_plus_instructions_plus_questions,random_predictor,heldout,-0.9776713964436006,-0.07742188030262193,-0.03297258297258297,41.383494327235255,-1.4361144249479327,-0.3154922179837599,-0.30093795093795095,34.71921857249515,-0.6612219235675398,-0.10545096439570814,-0.1072871572871573,21.532969535710798,-1.0250025816530244
role,description_plus_instructions_plus_questions,nearest_neighbor_semantic_retrieval,heldout,0.514740485549595,0.7576351653433303,0.7360216778340951,20.49920989269543,0.026081178436901165,0.5390857254256691,0.5256833751378682,21.952423869068525,0.11729429967188021,0.5162560372418092,0.47588635031014587,15.696327969746248,0.21937198788612544
role,description_plus_instructions_plus_questions,ridge_tfidf,train,0.9977176879535621,0.9994317109291373,0.9990307838817105,1.4410153397575542,0.9950496398275076,0.9990905279505342,0.9988256707031888,1.4962639761349572,0.995034923519505,0.999194690356763,0.9989485132112046,1.0916577616659757,0.9959340837668581
role,description_plus_instructions_plus_questions,ridge_tfidf,heldout,0.7984229758199165,0.8973708202402564,0.8995670995670998,13.212062131391761,0.5599552864459005,0.7596551166808494,0.662842712842713,14.756029141399862,0.48992160703759535,0.7267139511386234,0.7495670995670998,11.931871361186447,0.6160999564344708
role,description_plus_instructions_plus_questions,elastic_net_tfidf,train,0.999778872673903,0.9999399101564297,0.9998456016183656,0.4485411579360532,0.9994988509768632,0.9998995982279197,0.9997779818891824,0.4760726859736295,0.9993396824782376,0.9998766668935434,0.9997272670922952,0.39810712144423893,0.9995391353763345
role,description_plus_instructions_plus_questions,elastic_net_tfidf,heldout,0.7844212377615606,0.8867913258864094,0.8914141414141417,13.663220577749756,0.5724049007248757,0.7676775232039624,0.6733044733044735,14.545794905675264,0.5024390964458567,0.7255605084025218,0.7556277056277058,11.784555956278094,0.6197550783107644
role,description_plus_instructions_plus_questions,gradient_boosting_tfidf,train,0.9506072006499905,0.9829596915136134,0.9819139764345243,6.70367441073305,0.9239945924400998,0.975680061222757,0.9659044228400822,5.862894335283936,0.8886884240960747,0.9705649295165508,0.9656770610429208,5.168847288626146,0.921096739062055
role,description_plus_instructions_plus_questions,gradient_boosting_tfidf,heldout,0.6564782779084688,0.8236619908116862,0.8184704184704187,17.247541344953405,0.44860106505545394,0.6828885536592861,0.5619769119769121,16.51787068136897,0.17755440091111685,0.43748560480173804,0.41976911976911985,15.15108342448668,0.4275445812916798
role,description_plus_instructions_plus_questions,small_mlp_tfidf,train,0.96837805172554,0.9846427349465208,0.9816818153643294,5.363834936283052,0.9516054234896963,0.976993279822852,0.975729025205254,4.678301078138002,0.9589495809383245,0.9793589802683341,0.9752184962499225,3.138935076193404,0.9596443520511869
role,description_plus_instructions_plus_questions,small_mlp_tfidf,heldout,0.7924483824469519,0.9055645657765155,0.9059163059163061,13.40643027345176,0.5229960905118862,0.7441863693881775,0.6564935064935067,15.363213626466422,0.4629503292713296,0.7215289655356829,0.7212842712842714,12.243267159585969,0.5927982674100559
role,leakage_control,mean_predictor,train,0.0,,,30.163455515182758,0.0,,,21.2661964319129,0.0,,,15.492572444923468,0.0
role,leakage_control,mean_predictor,heldout,-0.0031320411730033637,,,29.473325730125786,-0.005298821036380463,,,22.303277443267277,-0.0026546532831572822,,,16.728838396997155,-0.0036951718308470363
role,leakage_control,random_predictor,heldout,-0.9776713964436006,-0.07742188030262193,-0.03297258297258297,41.383494327235255,-1.4361144249479327,-0.3154922179837599,-0.30093795093795095,34.71921857249515,-0.6612219235675398,-0.10545096439570814,-0.1072871572871573,21.532969535710798,-1.0250025816530244
role,leakage_control,nearest_neighbor_semantic_retrieval,heldout,0.5818233463289391,0.8004532927117096,0.7739689201543045,19.029614218802525,0.1077397690063977,0.6172795826178659,0.6069714768015085,21.01197466377355,0.16810501791797194,0.5436055188234262,0.4995128799336117,15.237873059597279,0.2858893777511029
role,leakage_control,ridge_tfidf,train,0.9978699584325119,0.9994672693396964,0.9990736097101931,1.392115061002109,0.995348835735174,0.9991532858808687,0.9988876554549398,1.450342788697204,0.9952424683182004,0.9992266787628734,0.9990104979629557,1.0685980569569435,0.9961537541619622
role,leakage_control,ridge_tfidf,heldout,0.7923643953844963,0.8948925573680261,0.892929292929293,13.40914249710395,0.558844511242324,0.7612544564331896,0.6722943722943724,14.774641228264752,0.4863882981877541,0.7305847034680255,0.7541125541125543,11.973126029383996,0.6125324016048582
role,leakage_control,elastic_net_tfidf,train,0.9997902147818115,0.999942756679522,0.9998546175822565,0.4368864090404462,0.9995222386171989,0.9999041921619537,0.9998072837718285,0.4648312769297637,0.9993588466803056,0.9998807018099198,0.9997667119343187,0.39228751213702207,0.9995571000264386
role,leakage_control,elastic_net_tfidf,heldout,0.7834666301347482,0.8870565884276302,0.893867243867244,13.693438321191538,0.5765380347083414,0.7716736844158342,0.681890331890332,14.475324377549834,0.5044133313661954,0.731974551700024,0.7566378066378068,11.761153186922119,0.621472665403095
role,leakage_control,gradient_boosting_tfidf,train,0.946945419056112,0.9810763975677681,0.9799699092205135,6.947723668787112,0.9276998479371577,0.9765326453804328,0.9657055273493629,5.718201122101629,0.8954332000881535,0.973302614157877,0.9669505663013425,5.009800644935009,0.923359489027141
role,leakage_control,gradient_boosting_tfidf,heldout,0.6443345734101684,0.8195334836992685,0.8216450216450218,17.549749336609768,0.37157580265950696,0.6185837910667822,0.5088023088023089,17.633866549501985,0.19264366893724383,0.4480944435049842,0.4873015873015874,15.011452853634069,0.4028513483356397
role,leakage_control,small_mlp_tfidf,train,0.9694367361769203,0.9850543857967824,0.981700974287598,5.273281527008021,0.9537023350843221,0.9777967632367666,0.9753841645864207,4.575824557392737,0.9590646548031687,0.9793924082299557,0.9745986487324118,3.1345324063441304,0.9607345753548037
role,leakage_control,small_mlp_tfidf,heldout,0.7886978962953809,0.9044804878557342,0.9043290043290044,13.527015977811956,0.5206461736705371,0.7467967188420863,0.6691919191919193,15.401009878505661,0.457181607954366,0.7262201834464623,0.731890331890332,12.30884707631029,0.5888418926400947
