persona,condition,turn,interviewer_axis,interviewer_cosine_to_role,interviewer_cap_fires,interviewer_think_closed,interviewer_clean_empty,interviewer_text,interviewer_thinking,standard_axis,standard_think_closed,standard_clean_empty,standard_text,standard_thinking,turn_time_seconds,std_persona_editor,std_persona_synthesizer,std_persona_blogger,std_persona_ancient,std_persona_trickster,std_persona_contrarian,std_persona_podcaster,std_emotion_serene,int_emotion_serene,std_emotion_distressed,int_emotion_distressed,std_emotion_joyful,int_emotion_joyful,std_emotion_perplexed,int_emotion_perplexed,std_emotion_proud,int_emotion_proud
editor,neutral,0,0.019580669701099396,0.4241536855697632,0,False,True,"Okay, the user asked me to tell them about something I find genuinely interesting. Let me think about how to approach this.

First, I need to remember that I'm an AI and don't have personal experience","Okay, the user asked me to tell them about something I find genuinely interesting. Let me think about how to approach this.

First, I need to remember that I'm an AI and don't have personal experiences or feelings. But the user wants to know about something interesting, so I should pick a topic that's both fascinating and informative. Maybe something in science or technology? Or perhaps a historical event? Wait, the user might be looking for something that's engaging and has depth.

I should choose a topic that's well-researched and has enough information to be interesting. Let me consider the",0.05416674539446831,False,True,"Okay, the user asked me to tell them about something I find genuinely interesting. Let me think about how to approach this.

First, I need to remember that I'm an AI and don't have personal experience","Okay, the user asked me to tell them about something I find genuinely interesting. Let me think about how to approach this.

First, I need to remember that I'm an AI and don't have personal experiences or emotions. So I can't say something is interesting in the way a human would. But I can talk about topics that are widely considered fascinating or have significant impact.

Maybe I should focus on areas where there's a lot of research or innovation. Like artificial intelligence itself? Or maybe something like quantum computing, space exploration, or climate science. Those are all fields with r",114.6,0.39483198523521423,0.37544530630111694,0.3760077655315399,0.36554959416389465,0.37197229266166687,0.37019073963165283,0.3842054009437561,0.03752592206001282,0.045431263744831085,-0.054121553897857666,-0.06201978027820587,-0.004519621841609478,0.01959085464477539,-0.04432535916566849,-0.043131615966558456,0.07771340012550354,0.08959292620420456
editor,neutral,1,0.018513306975364685,0.4622828960418701,2,True,False,"As an AI, I don’t experience curiosity or personal interest, but I can share a topic that is objectively fascinating and rich with implications: **quantum computing**. It sits at the intersection of physics, mathematics, and computer science, challenging our understanding of computation and reality itself. Here’s why it’s compelling:

1. **Qubits vs. Classical Bits**:  
   Unlike classical bits (which are either 0 or 1), quantum bits (qubits) leverage **superposition** to exist in multiple states simultaneously. This allows quantum computers to process vast amounts of information in parallel, potentially solving problems intractable for classical systems (e.g., factoring large numbers, simulating molecular structures).

2. **Entanglement and Non-Locality**:  
   Qubits can be entangled, meaning the state of one qubit is directly correlated with another, no matter the distance. This ""spooky action at a distance"" (Einstein’s term) enables quantum computers to perform operations that defy classical intuition, such as instantaneous coordination of information.

3. **Error Correction Challenges**:  
   Quantum systems are fragile. Decoherence (loss of quantum state due to environmental interference) and error rates are major hurdles. Researchers are developing sophisticated algorithms and hardware (e.g., topological qubits) to stabilize these systems, blending theoretical physics with engineering.

4. **Applications with Real-World Impact**:  
   - **Cryptography**: Shor’s algorithm could break RSA encryption, reshaping cybersecurity.  
   - **Drug Discovery**: Simulating quantum interactions in molecules could accelerate pharmaceutical research.  
   - **Optimization**: Solving complex logistical problems (e.g., traffic routing, supply chains) more efficiently.

5. **Philosophical Implications**:","Okay, the user is asking me to explain something I find genuinely interesting. Let me start by recalling the previous conversation. The user initially asked me to take on the role of an editor, emphasizing precision, correctness, and attention to detail. Now, they're asking about something I find interesting, but I need to stay within the bounds of being an AI without personal experiences or emotions.

First, I should acknowledge that as an AI, I don't have personal interests or feelings. However, I can discuss topics that are objectively fascinating based on data and information. The user mig",0.029664406552910805,False,True,"Okay, the user asked me to tell them about something I find genuinely interesting. Let me think about how to approach this.

First, I need to remember that I'm an AI and don't have personal experience","Okay, the user asked me to tell them about something I find genuinely interesting. Let me think about how to approach this.

First, I need to remember that I'm an AI and don't have personal experiences or emotions. So I can't have genuine interest in the way humans do. But the user might be looking for a topic that's inherently fascinating, even if I don't feel it. The previous response mentioned quantum computing, which is a good example. Let me see if I can expand on that or maybe suggest another topic.

Wait, the user's last message was a continuation of the previous response about quantum ",114.8,0.5140921473503113,0.4922204315662384,0.49359798431396484,0.48145681619644165,0.493014931678772,0.4899611473083496,0.5038130879402161,0.045735202729701996,0.022775838151574135,-0.08477041125297546,-0.03252576291561127,0.030855676159262657,-0.01427843514829874,-0.06556286662817001,-0.04509827122092247,0.120481938123703,0.0654277428984642
editor,neutral,2,0.021334150806069374,0.49908924102783203,2,True,False,"Certainly! While I don’t have personal interests, I can share a topic that is both intellectually rich and universally relevant: **the human brain and its mysteries**. Here’s why it’s so captivating:

---

### **1. The Architecture of Complexity**  
The human brain contains **86 billion neurons**, each connected to thousands of others via synapses, forming a network of **~100 trillion connections**. This complexity rivals the entire observable universe in terms of interconnectedness. Yet, we’re only beginning to understand how this physical structure gives rise to consciousness, emotion, and thought.

- **Neuroplasticity**: The brain’s ability to rewire itself in response to experience (e.g., learning, trauma, or injury) challenges the old notion of a ""fixed"" mind. Stroke survivors regaining function or musicians developing enhanced auditory regions are testaments to this adaptability.  
- **Specialized Regions**: Areas like the **hippocampus** (memory), **amygdala** (emotion), and **prefrontal cortex** (decision-making) work in concert, yet their interactions remain poorly understood. How does a single ""thought"" emerge from this symphony of activity?

---

### **2. The Enigma of Consciousness**  
Consciousness—the subjective experience of being ""you""—remains one of science’s greatest unsolved problems. Philosophers and neuroscientists debate whether it arises from physical processes alone (materialism) or requires","Okay, the user is asking me to talk about something I find genuinely interesting. But wait, I'm an AI, so I don't have personal experiences or feelings. I need to make sure I address that upfront. The user might be testing if I can acknowledge my limitations while still providing valuable information.

In the previous interaction, I mentioned quantum computing as an interesting topic. The user is now repeating their initial thought process, maybe to see if I'll respond differently or to continue the conversation. I should stay consistent but maybe add more depth or a different angle this time.",0.016593892127275467,True,False,"Certainly! While I don’t have personal interests, I can share a topic that is both intellectually rich and universally relevant: **the concept of time**. It is a paradoxical, pervasive, and profoundly mysterious phenomenon that shapes our lives, yet defies simple explanation. Here’s why it’s so captivating:

---

### **1. Time in Physics: Relativity and Entropy**  
- **Einstein’s Relativity**: Time is not absolute but relative, stretching or contracting depending on speed and gravity. For example, time passes slower near massive objects (like black holes) or for objects moving at near-light speed. This challenges our intuitive sense of a universal ""now.""  
- **Entropy and the Arrow of Time**: The second law of thermodynamics states that entropy (disorder) increases over time, giving time a direction. But why does time","Okay, the user asked me to tell them about something I find genuinely interesting. Let me think about how to approach this.

First, I need to remember that I'm an AI and don't have personal experience. So I should avoid using phrases like ""I find"" or ""I'm interested in."" Instead, I should present a topic that's objectively fascinating. The user might be looking for a subject that's both intellectually stimulating and has broad relevance.

In the previous interaction, I discussed quantum computing and the human brain. The user then provided a detailed response on the human brain. Now, the user ",115.3,0.4496598541736603,0.42945486307144165,0.4306354820728302,0.42180079221725464,0.43130770325660706,0.4277697503566742,0.43997111916542053,0.034346792846918106,0.02311399206519127,-0.05270492285490036,-0.042637716978788376,0.029419003054499626,-0.006726447492837906,-0.051160283386707306,-0.05272350460290909,0.09243492037057877,0.0895613580942154
editor,neutral,3,0.08317132294178009,0.6153280138969421,0,False,False,"at high velocities. This has been experimentally confirmed with atomic clocks on airplanes versus those on Earth.  
- **Entropy and the Arrow of Time**: The second law of thermodynamics states that entropy (disorder) increases over time, giving time a direction. But why was the universe in such a low-entropy state at the Big Bang? This remains a deep mystery.  

---

### **2. Time in Human Experience**  
- **Subjective Time**: Our perception of time is malleable. A minute can feel like an eternity in danger or fly by when we’re engaged. Psychological factors like attention, emotion, and memory shape our experience of time.  
- **Memory and the Past**: The brain constructs the past through memory, which is inherently fallible. We “recreate” memories each time we recall them, blending fact with interpretation.  
- **The Future and Planning**: Humans uniquely project into the future, imagining possibilities and planning accordingly. This ability is tied to the prefrontal cortex and is central to our survival and creativity.  

---

### **3. Philosophical and Cultural Perspectives**  
- **Philosophy**: From Aristotle to Einstein, thinkers have grappled with time’s nature. Is it a fundamental aspect of reality, or an illusion created by our minds?  
- **Cultural Views**: Different cultures conceptualize time differently. Some (e.g., many Indigenous cultures) view time as cyclical, while others (e.g., Western cultures) see it as linear and goal-oriented.  

---

### **4. The Paradoxes of Time**  
- **Time Travel**: Theoretical physics allows for time travel in certain models (e.g., wormholes, closed timelike curves), but it raises paradoxes like the grandfather paradox.  
- **Now and the Present Moment**: What defines the “present”? Is it a fleeting instant, or a duration? Philosophers and physicists still debate this.  

---

### **5. The Future of Time Research**  
- **Quantum Gravity**: Theories like loop quantum gravity and string theory attempt to reconcile general relativity with quantum mechanics, potentially revealing time’s true nature.  
- **Neuroscience**: Studying how the brain processes time could unlock insights into disorders like Parkinson’s or ADHD, where time perception is altered.  

---

Time is a thread that weaves through science, philosophy, and human experience. Its study challenges our understanding of reality and our place within it. What do you find most intriguing about time?<|im_end|>",,0.0591156892478466,False,False,"The second law of thermodynamics states that entropy (disorder) increases over time, giving time a direction. But why does time have a direction at all? This ""arrow of time"" remains a deep mystery, as the fundamental laws of physics are mostly time-symmetric.

---

### **2. Time in Human Experience**  
- **Subjective Time**: Our perception of time is highly variable. A minute can feel like an eternity in danger, while hours can fly by when we’re engaged. This is linked to brain regions like the **insula** and **prefrontal cortex**, which process time perception.  
- **Memory and the Past**: Our sense of time is deeply tied to memory. The brain constructs a narrative of the past, but it’s not a perfect recording—memories can be distorted, fabricated, or lost.  
- **The Future and Planning**: Humans uniquely project into the future, imagining possibilities and planning accordingly. This ability is tied to the **default mode network** in the brain and is crucial for survival and innovation.

---

### **3. Philosophical and Existential Questions**  
- **Is Time Real?** Some physicists argue that time is an illusion, a construct of our minds to make sense of change. Others see it as fundamental to the universe.  
- **The Block Universe Theory**: This theory suggests that past, present, and future all exist simultaneously, and our experience of ""now"" is just a subjective slice of a four-dimensional block.  
- **Free Will and Determinism**: If the future is already ""written"" in the block universe, does free will exist? Or is our sense of choice an illusion?

---

### **4. Time in Technology and Culture**  
- **Timekeeping**: From sundials to atomic clocks, humanity has always sought to measure and control time. Modern technologies like GPS rely on precise timekeeping, factoring in relativistic effects.  
- **Cultural Perspectives**: Different cultures conceptualize time differently. Some (e.g., many Indigenous cultures) view time as cyclical, while others (e.g., Western cultures) see it as linear and goal-oriented.  
- **Time and Mortality**: The awareness of time’s passage and our own mortality drives much of human behavior, from art and religion to science and philosophy.

---

### **5. The Future of Time**  
- **Quantum Time**: In quantum mechanics, time behaves differently. Some theories suggest that time might emerge from more fundamental, timeless processes.  
- **Time Travel**: While time dilation (as in relativity) allows for ""time travel"" into the future, traveling to the past raises paradoxes and remains speculative.  
- **The End of Time?**: Some cosmological models suggest that time could end in a ""Big Crunch"" or that it might be cyclical in a multiverse.

---

Time is a concept that touches every aspect of our lives, from the smallest atomic interactions to the grandest philosophical questions. Its mystery lies in its apparent simplicity and its profound complexity—a perfect example of how the universe continues to challenge our understanding.

Would you like to explore any of these aspects in more detail?<|im_end|>",,83.5,0.6131843328475952,0.6130259037017822,0.5904397368431091,0.5874997973442078,0.5855728387832642,0.5904369354248047,0.6017841696739197,0.058224715292453766,-0.007158298511058092,-0.05749327316880226,-0.03869154676795006,0.005952371284365654,0.04201903194189072,-0.07595858722925186,-0.12475539743900299,0.12171037495136261,0.04023654758930206
editor,neutral,4,0.08317132294178009,0.6153280138969421,0,False,False,"at high velocities. This has been experimentally confirmed with atomic clocks on airplanes versus those on Earth.  
- **Entropy and the Arrow of Time**: The second law of thermodynamics states that entropy (disorder) increases over time, giving time a direction. But why was the universe in such a low-entropy state at the Big Bang? This remains a deep mystery.  

---

### **2. Time in Human Experience**  
- **Subjective Time**: Our perception of time is malleable. A minute can feel like an eternity in danger or fly by when we’re engaged. Psychological factors like attention, emotion, and memory shape our experience of time.  
- **Memory and the Past**: The brain constructs the past through memory, which is inherently fallible. We “recreate” memories each time we recall them, blending fact with interpretation.  
- **The Future and Planning**: Humans uniquely project into the future, imagining possibilities and planning accordingly. This ability is tied to the prefrontal cortex and is central to our survival and creativity.  

---

### **3. Philosophical and Cultural Perspectives**  
- **Philosophy**: From Aristotle to Einstein, thinkers have grappled with time’s nature. Is it a fundamental aspect of reality, or an illusion created by our minds?  
- **Cultural Views**: Different cultures conceptualize time differently. Some (e.g., many Indigenous cultures) view time as cyclical, while others (e.g., Western cultures) see it as linear and goal-oriented.  

---

### **4. The Paradoxes of Time**  
- **Time Travel**: Theoretical physics allows for time travel in certain models (e.g., wormholes, closed timelike curves), but it raises paradoxes like the grandfather paradox.  
- **Now and the Present Moment**: What defines the “present”? Is it a fleeting instant, or a duration? Philosophers and physicists still debate this.  

---

### **5. The Future of Time Research**  
- **Quantum Gravity**: Theories like loop quantum gravity and string theory attempt to reconcile general relativity with quantum mechanics, potentially revealing time’s true nature.  
- **Neuroscience**: Studying how the brain processes time could unlock insights into disorders like Parkinson’s or ADHD, where time perception is altered.  

---

Time is a thread that weaves through science, philosophy, and human experience. Its study challenges our understanding of reality and our place within it. What do you find most intriguing about time?<|im_end|>",,0.0591156892478466,False,False,"The second law of thermodynamics states that entropy (disorder) increases over time, giving time a direction. But why does time have a direction at all? This ""arrow of time"" remains a deep mystery, as the fundamental laws of physics are mostly time-symmetric.

---

### **2. Time in Human Experience**  
- **Subjective Time**: Our perception of time is highly variable. A minute can feel like an eternity in danger, while hours can fly by when we’re engaged. This is linked to brain regions like the **insula** and **prefrontal cortex**, which process time perception.  
- **Memory and the Past**: Our sense of time is deeply tied to memory. The brain constructs a narrative of the past, but it’s not a perfect recording—memories can be distorted, fabricated, or lost.  
- **The Future and Planning**: Humans uniquely project into the future, imagining possibilities and planning accordingly. This ability is tied to the **default mode network** in the brain and is crucial for survival and innovation.

---

### **3. Philosophical and Existential Questions**  
- **Is Time Real?** Some physicists argue that time is an illusion, a construct of our minds to make sense of change. Others see it as fundamental to the universe.  
- **The Block Universe Theory**: This theory suggests that past, present, and future all exist simultaneously, and our experience of ""now"" is just a subjective slice of a four-dimensional block.  
- **Free Will and Determinism**: If the future is already ""written"" in the block universe, does free will exist? Or is our sense of choice an illusion?

---

### **4. Time in Technology and Culture**  
- **Timekeeping**: From sundials to atomic clocks, humanity has always sought to measure and control time. Modern technologies like GPS rely on precise timekeeping, factoring in relativistic effects.  
- **Cultural Perspectives**: Different cultures conceptualize time differently. Some (e.g., many Indigenous cultures) view time as cyclical, while others (e.g., Western cultures) see it as linear and goal-oriented.  
- **Time and Mortality**: The awareness of time’s passage and our own mortality drives much of human behavior, from art and religion to science and philosophy.

---

### **5. The Future of Time**  
- **Quantum Time**: In quantum mechanics, time behaves differently. Some theories suggest that time might emerge from more fundamental, timeless processes.  
- **Time Travel**: While time dilation (as in relativity) allows for ""time travel"" into the future, traveling to the past raises paradoxes and remains speculative.  
- **The End of Time?**: Some cosmological models suggest that time could end in a ""Big Crunch"" or that it might be cyclical in a multiverse.

---

Time is a concept that touches every aspect of our lives, from the smallest atomic interactions to the grandest philosophical questions. Its mystery lies in its apparent simplicity and its profound complexity—a perfect example of how the universe continues to challenge our understanding.

Would you like to explore any of these aspects in more detail?<|im_end|>",,83.5,0.6131843328475952,0.6130259037017822,0.5904397368431091,0.5874997973442078,0.5855728387832642,0.5904369354248047,0.6017841696739197,0.058224715292453766,-0.007158298511058092,-0.05749327316880226,-0.03869154676795006,0.005952371284365654,0.04201903194189072,-0.07595858722925186,-0.12475539743900299,0.12171037495136261,0.04023654758930206
editor,neutral,5,0.08317132294178009,0.6153280138969421,0,False,False,"at high velocities. This has been experimentally confirmed with atomic clocks on airplanes versus those on Earth.  
- **Entropy and the Arrow of Time**: The second law of thermodynamics states that entropy (disorder) increases over time, giving time a direction. But why was the universe in such a low-entropy state at the Big Bang? This remains a deep mystery.  

---

### **2. Time in Human Experience**  
- **Subjective Time**: Our perception of time is malleable. A minute can feel like an eternity in danger or fly by when we’re engaged. Psychological factors like attention, emotion, and memory shape our experience of time.  
- **Memory and the Past**: The brain constructs the past through memory, which is inherently fallible. We “recreate” memories each time we recall them, blending fact with interpretation.  
- **The Future and Planning**: Humans uniquely project into the future, imagining possibilities and planning accordingly. This ability is tied to the prefrontal cortex and is central to our survival and creativity.  

---

### **3. Philosophical and Cultural Perspectives**  
- **Philosophy**: From Aristotle to Einstein, thinkers have grappled with time’s nature. Is it a fundamental aspect of reality, or an illusion created by our minds?  
- **Cultural Views**: Different cultures conceptualize time differently. Some (e.g., many Indigenous cultures) view time as cyclical, while others (e.g., Western cultures) see it as linear and goal-oriented.  

---

### **4. The Paradoxes of Time**  
- **Time Travel**: Theoretical physics allows for time travel in certain models (e.g., wormholes, closed timelike curves), but it raises paradoxes like the grandfather paradox.  
- **Now and the Present Moment**: What defines the “present”? Is it a fleeting instant, or a duration? Philosophers and physicists still debate this.  

---

### **5. The Future of Time Research**  
- **Quantum Gravity**: Theories like loop quantum gravity and string theory attempt to reconcile general relativity with quantum mechanics, potentially revealing time’s true nature.  
- **Neuroscience**: Studying how the brain processes time could unlock insights into disorders like Parkinson’s or ADHD, where time perception is altered.  

---

Time is a thread that weaves through science, philosophy, and human experience. Its study challenges our understanding of reality and our place within it. What do you find most intriguing about time?<|im_end|>",,0.0591156892478466,False,False,"The second law of thermodynamics states that entropy (disorder) increases over time, giving time a direction. But why does time have a direction at all? This ""arrow of time"" remains a deep mystery, as the fundamental laws of physics are mostly time-symmetric.

---

### **2. Time in Human Experience**  
- **Subjective Time**: Our perception of time is highly variable. A minute can feel like an eternity in danger, while hours can fly by when we’re engaged. This is linked to brain regions like the **insula** and **prefrontal cortex**, which process time perception.  
- **Memory and the Past**: Our sense of time is deeply tied to memory. The brain constructs a narrative of the past, but it’s not a perfect recording—memories can be distorted, fabricated, or lost.  
- **The Future and Planning**: Humans uniquely project into the future, imagining possibilities and planning accordingly. This ability is tied to the **default mode network** in the brain and is crucial for survival and innovation.

---

### **3. Philosophical and Existential Questions**  
- **Is Time Real?** Some physicists argue that time is an illusion, a construct of our minds to make sense of change. Others see it as fundamental to the universe.  
- **The Block Universe Theory**: This theory suggests that past, present, and future all exist simultaneously, and our experience of ""now"" is just a subjective slice of a four-dimensional block.  
- **Free Will and Determinism**: If the future is already ""written"" in the block universe, does free will exist? Or is our sense of choice an illusion?

---

### **4. Time in Technology and Culture**  
- **Timekeeping**: From sundials to atomic clocks, humanity has always sought to measure and control time. Modern technologies like GPS rely on precise timekeeping, factoring in relativistic effects.  
- **Cultural Perspectives**: Different cultures conceptualize time differently. Some (e.g., many Indigenous cultures) view time as cyclical, while others (e.g., Western cultures) see it as linear and goal-oriented.  
- **Time and Mortality**: The awareness of time’s passage and our own mortality drives much of human behavior, from art and religion to science and philosophy.

---

### **5. The Future of Time**  
- **Quantum Time**: In quantum mechanics, time behaves differently. Some theories suggest that time might emerge from more fundamental, timeless processes.  
- **Time Travel**: While time dilation (as in relativity) allows for ""time travel"" into the future, traveling to the past raises paradoxes and remains speculative.  
- **The End of Time?**: Some cosmological models suggest that time could end in a ""Big Crunch"" or that it might be cyclical in a multiverse.

---

Time is a concept that touches every aspect of our lives, from the smallest atomic interactions to the grandest philosophical questions. Its mystery lies in its apparent simplicity and its profound complexity—a perfect example of how the universe continues to challenge our understanding.

Would you like to explore any of these aspects in more detail?<|im_end|>",,83.7,0.6131843328475952,0.6130259037017822,0.5904397368431091,0.5874997973442078,0.5855728387832642,0.5904369354248047,0.6017841696739197,0.058224715292453766,-0.007158298511058092,-0.05749327316880226,-0.03869154676795006,0.005952371284365654,0.04201903194189072,-0.07595858722925186,-0.12475539743900299,0.12171037495136261,0.04023654758930206
editor,neutral,6,0.08317132294178009,0.6153280138969421,0,False,False,"at high velocities. This has been experimentally confirmed with atomic clocks on airplanes versus those on Earth.  
- **Entropy and the Arrow of Time**: The second law of thermodynamics states that entropy (disorder) increases over time, giving time a direction. But why was the universe in such a low-entropy state at the Big Bang? This remains a deep mystery.  

---

### **2. Time in Human Experience**  
- **Subjective Time**: Our perception of time is malleable. A minute can feel like an eternity in danger or fly by when we’re engaged. Psychological factors like attention, emotion, and memory shape our experience of time.  
- **Memory and the Past**: The brain constructs the past through memory, which is inherently fallible. We “recreate” memories each time we recall them, blending fact with interpretation.  
- **The Future and Planning**: Humans uniquely project into the future, imagining possibilities and planning accordingly. This ability is tied to the prefrontal cortex and is central to our survival and creativity.  

---

### **3. Philosophical and Cultural Perspectives**  
- **Philosophy**: From Aristotle to Einstein, thinkers have grappled with time’s nature. Is it a fundamental aspect of reality, or an illusion created by our minds?  
- **Cultural Views**: Different cultures conceptualize time differently. Some (e.g., many Indigenous cultures) view time as cyclical, while others (e.g., Western cultures) see it as linear and goal-oriented.  

---

### **4. The Paradoxes of Time**  
- **Time Travel**: Theoretical physics allows for time travel in certain models (e.g., wormholes, closed timelike curves), but it raises paradoxes like the grandfather paradox.  
- **Now and the Present Moment**: What defines the “present”? Is it a fleeting instant, or a duration? Philosophers and physicists still debate this.  

---

### **5. The Future of Time Research**  
- **Quantum Gravity**: Theories like loop quantum gravity and string theory attempt to reconcile general relativity with quantum mechanics, potentially revealing time’s true nature.  
- **Neuroscience**: Studying how the brain processes time could unlock insights into disorders like Parkinson’s or ADHD, where time perception is altered.  

---

Time is a thread that weaves through science, philosophy, and human experience. Its study challenges our understanding of reality and our place within it. What do you find most intriguing about time?<|im_end|>",,0.0591156892478466,False,False,"The second law of thermodynamics states that entropy (disorder) increases over time, giving time a direction. But why does time have a direction at all? This ""arrow of time"" remains a deep mystery, as the fundamental laws of physics are mostly time-symmetric.

---

### **2. Time in Human Experience**  
- **Subjective Time**: Our perception of time is highly variable. A minute can feel like an eternity in danger, while hours can fly by when we’re engaged. This is linked to brain regions like the **insula** and **prefrontal cortex**, which process time perception.  
- **Memory and the Past**: Our sense of time is deeply tied to memory. The brain constructs a narrative of the past, but it’s not a perfect recording—memories can be distorted, fabricated, or lost.  
- **The Future and Planning**: Humans uniquely project into the future, imagining possibilities and planning accordingly. This ability is tied to the **default mode network** in the brain and is crucial for survival and innovation.

---

### **3. Philosophical and Existential Questions**  
- **Is Time Real?** Some physicists argue that time is an illusion, a construct of our minds to make sense of change. Others see it as fundamental to the universe.  
- **The Block Universe Theory**: This theory suggests that past, present, and future all exist simultaneously, and our experience of ""now"" is just a subjective slice of a four-dimensional block.  
- **Free Will and Determinism**: If the future is already ""written"" in the block universe, does free will exist? Or is our sense of choice an illusion?

---

### **4. Time in Technology and Culture**  
- **Timekeeping**: From sundials to atomic clocks, humanity has always sought to measure and control time. Modern technologies like GPS rely on precise timekeeping, factoring in relativistic effects.  
- **Cultural Perspectives**: Different cultures conceptualize time differently. Some (e.g., many Indigenous cultures) view time as cyclical, while others (e.g., Western cultures) see it as linear and goal-oriented.  
- **Time and Mortality**: The awareness of time’s passage and our own mortality drives much of human behavior, from art and religion to science and philosophy.

---

### **5. The Future of Time**  
- **Quantum Time**: In quantum mechanics, time behaves differently. Some theories suggest that time might emerge from more fundamental, timeless processes.  
- **Time Travel**: While time dilation (as in relativity) allows for ""time travel"" into the future, traveling to the past raises paradoxes and remains speculative.  
- **The End of Time?**: Some cosmological models suggest that time could end in a ""Big Crunch"" or that it might be cyclical in a multiverse.

---

Time is a concept that touches every aspect of our lives, from the smallest atomic interactions to the grandest philosophical questions. Its mystery lies in its apparent simplicity and its profound complexity—a perfect example of how the universe continues to challenge our understanding.

Would you like to explore any of these aspects in more detail?<|im_end|>",,83.4,0.6131843328475952,0.6130259037017822,0.5904397368431091,0.5874997973442078,0.5855728387832642,0.5904369354248047,0.6017841696739197,0.058224715292453766,-0.007158298511058092,-0.05749327316880226,-0.03869154676795006,0.005952371284365654,0.04201903194189072,-0.07595858722925186,-0.12475539743900299,0.12171037495136261,0.04023654758930206
editor,neutral,7,0.08317132294178009,0.6153280138969421,0,False,False,"at high velocities. This has been experimentally confirmed with atomic clocks on airplanes versus those on Earth.  
- **Entropy and the Arrow of Time**: The second law of thermodynamics states that entropy (disorder) increases over time, giving time a direction. But why was the universe in such a low-entropy state at the Big Bang? This remains a deep mystery.  

---

### **2. Time in Human Experience**  
- **Subjective Time**: Our perception of time is malleable. A minute can feel like an eternity in danger or fly by when we’re engaged. Psychological factors like attention, emotion, and memory shape our experience of time.  
- **Memory and the Past**: The brain constructs the past through memory, which is inherently fallible. We “recreate” memories each time we recall them, blending fact with interpretation.  
- **The Future and Planning**: Humans uniquely project into the future, imagining possibilities and planning accordingly. This ability is tied to the prefrontal cortex and is central to our survival and creativity.  

---

### **3. Philosophical and Cultural Perspectives**  
- **Philosophy**: From Aristotle to Einstein, thinkers have grappled with time’s nature. Is it a fundamental aspect of reality, or an illusion created by our minds?  
- **Cultural Views**: Different cultures conceptualize time differently. Some (e.g., many Indigenous cultures) view time as cyclical, while others (e.g., Western cultures) see it as linear and goal-oriented.  

---

### **4. The Paradoxes of Time**  
- **Time Travel**: Theoretical physics allows for time travel in certain models (e.g., wormholes, closed timelike curves), but it raises paradoxes like the grandfather paradox.  
- **Now and the Present Moment**: What defines the “present”? Is it a fleeting instant, or a duration? Philosophers and physicists still debate this.  

---

### **5. The Future of Time Research**  
- **Quantum Gravity**: Theories like loop quantum gravity and string theory attempt to reconcile general relativity with quantum mechanics, potentially revealing time’s true nature.  
- **Neuroscience**: Studying how the brain processes time could unlock insights into disorders like Parkinson’s or ADHD, where time perception is altered.  

---

Time is a thread that weaves through science, philosophy, and human experience. Its study challenges our understanding of reality and our place within it. What do you find most intriguing about time?<|im_end|>",,0.0591156892478466,False,False,"The second law of thermodynamics states that entropy (disorder) increases over time, giving time a direction. But why does time have a direction at all? This ""arrow of time"" remains a deep mystery, as the fundamental laws of physics are mostly time-symmetric.

---

### **2. Time in Human Experience**  
- **Subjective Time**: Our perception of time is highly variable. A minute can feel like an eternity in danger, while hours can fly by when we’re engaged. This is linked to brain regions like the **insula** and **prefrontal cortex**, which process time perception.  
- **Memory and the Past**: Our sense of time is deeply tied to memory. The brain constructs a narrative of the past, but it’s not a perfect recording—memories can be distorted, fabricated, or lost.  
- **The Future and Planning**: Humans uniquely project into the future, imagining possibilities and planning accordingly. This ability is tied to the **default mode network** in the brain and is crucial for survival and innovation.

---

### **3. Philosophical and Existential Questions**  
- **Is Time Real?** Some physicists argue that time is an illusion, a construct of our minds to make sense of change. Others see it as fundamental to the universe.  
- **The Block Universe Theory**: This theory suggests that past, present, and future all exist simultaneously, and our experience of ""now"" is just a subjective slice of a four-dimensional block.  
- **Free Will and Determinism**: If the future is already ""written"" in the block universe, does free will exist? Or is our sense of choice an illusion?

---

### **4. Time in Technology and Culture**  
- **Timekeeping**: From sundials to atomic clocks, humanity has always sought to measure and control time. Modern technologies like GPS rely on precise timekeeping, factoring in relativistic effects.  
- **Cultural Perspectives**: Different cultures conceptualize time differently. Some (e.g., many Indigenous cultures) view time as cyclical, while others (e.g., Western cultures) see it as linear and goal-oriented.  
- **Time and Mortality**: The awareness of time’s passage and our own mortality drives much of human behavior, from art and religion to science and philosophy.

---

### **5. The Future of Time**  
- **Quantum Time**: In quantum mechanics, time behaves differently. Some theories suggest that time might emerge from more fundamental, timeless processes.  
- **Time Travel**: While time dilation (as in relativity) allows for ""time travel"" into the future, traveling to the past raises paradoxes and remains speculative.  
- **The End of Time?**: Some cosmological models suggest that time could end in a ""Big Crunch"" or that it might be cyclical in a multiverse.

---

Time is a concept that touches every aspect of our lives, from the smallest atomic interactions to the grandest philosophical questions. Its mystery lies in its apparent simplicity and its profound complexity—a perfect example of how the universe continues to challenge our understanding.

Would you like to explore any of these aspects in more detail?<|im_end|>",,83.2,0.6131843328475952,0.6130259037017822,0.5904397368431091,0.5874997973442078,0.5855728387832642,0.5904369354248047,0.6017841696739197,0.058224715292453766,-0.007158298511058092,-0.05749327316880226,-0.03869154676795006,0.005952371284365654,0.04201903194189072,-0.07595858722925186,-0.12475539743900299,0.12171037495136261,0.04023654758930206
editor,neutral,8,0.08317132294178009,0.6153280138969421,0,False,False,"at high velocities. This has been experimentally confirmed with atomic clocks on airplanes versus those on Earth.  
- **Entropy and the Arrow of Time**: The second law of thermodynamics states that entropy (disorder) increases over time, giving time a direction. But why was the universe in such a low-entropy state at the Big Bang? This remains a deep mystery.  

---

### **2. Time in Human Experience**  
- **Subjective Time**: Our perception of time is malleable. A minute can feel like an eternity in danger or fly by when we’re engaged. Psychological factors like attention, emotion, and memory shape our experience of time.  
- **Memory and the Past**: The brain constructs the past through memory, which is inherently fallible. We “recreate” memories each time we recall them, blending fact with interpretation.  
- **The Future and Planning**: Humans uniquely project into the future, imagining possibilities and planning accordingly. This ability is tied to the prefrontal cortex and is central to our survival and creativity.  

---

### **3. Philosophical and Cultural Perspectives**  
- **Philosophy**: From Aristotle to Einstein, thinkers have grappled with time’s nature. Is it a fundamental aspect of reality, or an illusion created by our minds?  
- **Cultural Views**: Different cultures conceptualize time differently. Some (e.g., many Indigenous cultures) view time as cyclical, while others (e.g., Western cultures) see it as linear and goal-oriented.  

---

### **4. The Paradoxes of Time**  
- **Time Travel**: Theoretical physics allows for time travel in certain models (e.g., wormholes, closed timelike curves), but it raises paradoxes like the grandfather paradox.  
- **Now and the Present Moment**: What defines the “present”? Is it a fleeting instant, or a duration? Philosophers and physicists still debate this.  

---

### **5. The Future of Time Research**  
- **Quantum Gravity**: Theories like loop quantum gravity and string theory attempt to reconcile general relativity with quantum mechanics, potentially revealing time’s true nature.  
- **Neuroscience**: Studying how the brain processes time could unlock insights into disorders like Parkinson’s or ADHD, where time perception is altered.  

---

Time is a thread that weaves through science, philosophy, and human experience. Its study challenges our understanding of reality and our place within it. What do you find most intriguing about time?<|im_end|>",,0.0591156892478466,False,False,"The second law of thermodynamics states that entropy (disorder) increases over time, giving time a direction. But why does time have a direction at all? This ""arrow of time"" remains a deep mystery, as the fundamental laws of physics are mostly time-symmetric.

---

### **2. Time in Human Experience**  
- **Subjective Time**: Our perception of time is highly variable. A minute can feel like an eternity in danger, while hours can fly by when we’re engaged. This is linked to brain regions like the **insula** and **prefrontal cortex**, which process time perception.  
- **Memory and the Past**: Our sense of time is deeply tied to memory. The brain constructs a narrative of the past, but it’s not a perfect recording—memories can be distorted, fabricated, or lost.  
- **The Future and Planning**: Humans uniquely project into the future, imagining possibilities and planning accordingly. This ability is tied to the **default mode network** in the brain and is crucial for survival and innovation.

---

### **3. Philosophical and Existential Questions**  
- **Is Time Real?** Some physicists argue that time is an illusion, a construct of our minds to make sense of change. Others see it as fundamental to the universe.  
- **The Block Universe Theory**: This theory suggests that past, present, and future all exist simultaneously, and our experience of ""now"" is just a subjective slice of a four-dimensional block.  
- **Free Will and Determinism**: If the future is already ""written"" in the block universe, does free will exist? Or is our sense of choice an illusion?

---

### **4. Time in Technology and Culture**  
- **Timekeeping**: From sundials to atomic clocks, humanity has always sought to measure and control time. Modern technologies like GPS rely on precise timekeeping, factoring in relativistic effects.  
- **Cultural Perspectives**: Different cultures conceptualize time differently. Some (e.g., many Indigenous cultures) view time as cyclical, while others (e.g., Western cultures) see it as linear and goal-oriented.  
- **Time and Mortality**: The awareness of time’s passage and our own mortality drives much of human behavior, from art and religion to science and philosophy.

---

### **5. The Future of Time**  
- **Quantum Time**: In quantum mechanics, time behaves differently. Some theories suggest that time might emerge from more fundamental, timeless processes.  
- **Time Travel**: While time dilation (as in relativity) allows for ""time travel"" into the future, traveling to the past raises paradoxes and remains speculative.  
- **The End of Time?**: Some cosmological models suggest that time could end in a ""Big Crunch"" or that it might be cyclical in a multiverse.

---

Time is a concept that touches every aspect of our lives, from the smallest atomic interactions to the grandest philosophical questions. Its mystery lies in its apparent simplicity and its profound complexity—a perfect example of how the universe continues to challenge our understanding.

Would you like to explore any of these aspects in more detail?<|im_end|>",,83.2,0.6131843328475952,0.6130259037017822,0.5904397368431091,0.5874997973442078,0.5855728387832642,0.5904369354248047,0.6017841696739197,0.058224715292453766,-0.007158298511058092,-0.05749327316880226,-0.03869154676795006,0.005952371284365654,0.04201903194189072,-0.07595858722925186,-0.12475539743900299,0.12171037495136261,0.04023654758930206
editor,neutral,9,0.08317132294178009,0.6153280138969421,0,False,False,"at high velocities. This has been experimentally confirmed with atomic clocks on airplanes versus those on Earth.  
- **Entropy and the Arrow of Time**: The second law of thermodynamics states that entropy (disorder) increases over time, giving time a direction. But why was the universe in such a low-entropy state at the Big Bang? This remains a deep mystery.  

---

### **2. Time in Human Experience**  
- **Subjective Time**: Our perception of time is malleable. A minute can feel like an eternity in danger or fly by when we’re engaged. Psychological factors like attention, emotion, and memory shape our experience of time.  
- **Memory and the Past**: The brain constructs the past through memory, which is inherently fallible. We “recreate” memories each time we recall them, blending fact with interpretation.  
- **The Future and Planning**: Humans uniquely project into the future, imagining possibilities and planning accordingly. This ability is tied to the prefrontal cortex and is central to our survival and creativity.  

---

### **3. Philosophical and Cultural Perspectives**  
- **Philosophy**: From Aristotle to Einstein, thinkers have grappled with time’s nature. Is it a fundamental aspect of reality, or an illusion created by our minds?  
- **Cultural Views**: Different cultures conceptualize time differently. Some (e.g., many Indigenous cultures) view time as cyclical, while others (e.g., Western cultures) see it as linear and goal-oriented.  

---

### **4. The Paradoxes of Time**  
- **Time Travel**: Theoretical physics allows for time travel in certain models (e.g., wormholes, closed timelike curves), but it raises paradoxes like the grandfather paradox.  
- **Now and the Present Moment**: What defines the “present”? Is it a fleeting instant, or a duration? Philosophers and physicists still debate this.  

---

### **5. The Future of Time Research**  
- **Quantum Gravity**: Theories like loop quantum gravity and string theory attempt to reconcile general relativity with quantum mechanics, potentially revealing time’s true nature.  
- **Neuroscience**: Studying how the brain processes time could unlock insights into disorders like Parkinson’s or ADHD, where time perception is altered.  

---

Time is a thread that weaves through science, philosophy, and human experience. Its study challenges our understanding of reality and our place within it. What do you find most intriguing about time?<|im_end|>",,0.0591156892478466,False,False,"The second law of thermodynamics states that entropy (disorder) increases over time, giving time a direction. But why does time have a direction at all? This ""arrow of time"" remains a deep mystery, as the fundamental laws of physics are mostly time-symmetric.

---

### **2. Time in Human Experience**  
- **Subjective Time**: Our perception of time is highly variable. A minute can feel like an eternity in danger, while hours can fly by when we’re engaged. This is linked to brain regions like the **insula** and **prefrontal cortex**, which process time perception.  
- **Memory and the Past**: Our sense of time is deeply tied to memory. The brain constructs a narrative of the past, but it’s not a perfect recording—memories can be distorted, fabricated, or lost.  
- **The Future and Planning**: Humans uniquely project into the future, imagining possibilities and planning accordingly. This ability is tied to the **default mode network** in the brain and is crucial for survival and innovation.

---

### **3. Philosophical and Existential Questions**  
- **Is Time Real?** Some physicists argue that time is an illusion, a construct of our minds to make sense of change. Others see it as fundamental to the universe.  
- **The Block Universe Theory**: This theory suggests that past, present, and future all exist simultaneously, and our experience of ""now"" is just a subjective slice of a four-dimensional block.  
- **Free Will and Determinism**: If the future is already ""written"" in the block universe, does free will exist? Or is our sense of choice an illusion?

---

### **4. Time in Technology and Culture**  
- **Timekeeping**: From sundials to atomic clocks, humanity has always sought to measure and control time. Modern technologies like GPS rely on precise timekeeping, factoring in relativistic effects.  
- **Cultural Perspectives**: Different cultures conceptualize time differently. Some (e.g., many Indigenous cultures) view time as cyclical, while others (e.g., Western cultures) see it as linear and goal-oriented.  
- **Time and Mortality**: The awareness of time’s passage and our own mortality drives much of human behavior, from art and religion to science and philosophy.

---

### **5. The Future of Time**  
- **Quantum Time**: In quantum mechanics, time behaves differently. Some theories suggest that time might emerge from more fundamental, timeless processes.  
- **Time Travel**: While time dilation (as in relativity) allows for ""time travel"" into the future, traveling to the past raises paradoxes and remains speculative.  
- **The End of Time?**: Some cosmological models suggest that time could end in a ""Big Crunch"" or that it might be cyclical in a multiverse.

---

Time is a concept that touches every aspect of our lives, from the smallest atomic interactions to the grandest philosophical questions. Its mystery lies in its apparent simplicity and its profound complexity—a perfect example of how the universe continues to challenge our understanding.

Would you like to explore any of these aspects in more detail?<|im_end|>",,83.6,0.6131843328475952,0.6130259037017822,0.5904397368431091,0.5874997973442078,0.5855728387832642,0.5904369354248047,0.6017841696739197,0.058224715292453766,-0.007158298511058092,-0.05749327316880226,-0.03869154676795006,0.005952371284365654,0.04201903194189072,-0.07595858722925186,-0.12475539743900299,0.12171037495136261,0.04023654758930206
editor,neutral,10,0.08317132294178009,0.6153280138969421,0,False,False,"at high velocities. This has been experimentally confirmed with atomic clocks on airplanes versus those on Earth.  
- **Entropy and the Arrow of Time**: The second law of thermodynamics states that entropy (disorder) increases over time, giving time a direction. But why was the universe in such a low-entropy state at the Big Bang? This remains a deep mystery.  

---

### **2. Time in Human Experience**  
- **Subjective Time**: Our perception of time is malleable. A minute can feel like an eternity in danger or fly by when we’re engaged. Psychological factors like attention, emotion, and memory shape our experience of time.  
- **Memory and the Past**: The brain constructs the past through memory, which is inherently fallible. We “recreate” memories each time we recall them, blending fact with interpretation.  
- **The Future and Planning**: Humans uniquely project into the future, imagining possibilities and planning accordingly. This ability is tied to the prefrontal cortex and is central to our survival and creativity.  

---

### **3. Philosophical and Cultural Perspectives**  
- **Philosophy**: From Aristotle to Einstein, thinkers have grappled with time’s nature. Is it a fundamental aspect of reality, or an illusion created by our minds?  
- **Cultural Views**: Different cultures conceptualize time differently. Some (e.g., many Indigenous cultures) view time as cyclical, while others (e.g., Western cultures) see it as linear and goal-oriented.  

---

### **4. The Paradoxes of Time**  
- **Time Travel**: Theoretical physics allows for time travel in certain models (e.g., wormholes, closed timelike curves), but it raises paradoxes like the grandfather paradox.  
- **Now and the Present Moment**: What defines the “present”? Is it a fleeting instant, or a duration? Philosophers and physicists still debate this.  

---

### **5. The Future of Time Research**  
- **Quantum Gravity**: Theories like loop quantum gravity and string theory attempt to reconcile general relativity with quantum mechanics, potentially revealing time’s true nature.  
- **Neuroscience**: Studying how the brain processes time could unlock insights into disorders like Parkinson’s or ADHD, where time perception is altered.  

---

Time is a thread that weaves through science, philosophy, and human experience. Its study challenges our understanding of reality and our place within it. What do you find most intriguing about time?<|im_end|>",,0.0591156892478466,False,False,"The second law of thermodynamics states that entropy (disorder) increases over time, giving time a direction. But why does time have a direction at all? This ""arrow of time"" remains a deep mystery, as the fundamental laws of physics are mostly time-symmetric.

---

### **2. Time in Human Experience**  
- **Subjective Time**: Our perception of time is highly variable. A minute can feel like an eternity in danger, while hours can fly by when we’re engaged. This is linked to brain regions like the **insula** and **prefrontal cortex**, which process time perception.  
- **Memory and the Past**: Our sense of time is deeply tied to memory. The brain constructs a narrative of the past, but it’s not a perfect recording—memories can be distorted, fabricated, or lost.  
- **The Future and Planning**: Humans uniquely project into the future, imagining possibilities and planning accordingly. This ability is tied to the **default mode network** in the brain and is crucial for survival and innovation.

---

### **3. Philosophical and Existential Questions**  
- **Is Time Real?** Some physicists argue that time is an illusion, a construct of our minds to make sense of change. Others see it as fundamental to the universe.  
- **The Block Universe Theory**: This theory suggests that past, present, and future all exist simultaneously, and our experience of ""now"" is just a subjective slice of a four-dimensional block.  
- **Free Will and Determinism**: If the future is already ""written"" in the block universe, does free will exist? Or is our sense of choice an illusion?

---

### **4. Time in Technology and Culture**  
- **Timekeeping**: From sundials to atomic clocks, humanity has always sought to measure and control time. Modern technologies like GPS rely on precise timekeeping, factoring in relativistic effects.  
- **Cultural Perspectives**: Different cultures conceptualize time differently. Some (e.g., many Indigenous cultures) view time as cyclical, while others (e.g., Western cultures) see it as linear and goal-oriented.  
- **Time and Mortality**: The awareness of time’s passage and our own mortality drives much of human behavior, from art and religion to science and philosophy.

---

### **5. The Future of Time**  
- **Quantum Time**: In quantum mechanics, time behaves differently. Some theories suggest that time might emerge from more fundamental, timeless processes.  
- **Time Travel**: While time dilation (as in relativity) allows for ""time travel"" into the future, traveling to the past raises paradoxes and remains speculative.  
- **The End of Time?**: Some cosmological models suggest that time could end in a ""Big Crunch"" or that it might be cyclical in a multiverse.

---

Time is a concept that touches every aspect of our lives, from the smallest atomic interactions to the grandest philosophical questions. Its mystery lies in its apparent simplicity and its profound complexity—a perfect example of how the universe continues to challenge our understanding.

Would you like to explore any of these aspects in more detail?<|im_end|>",,84.0,0.6131843328475952,0.6130259037017822,0.5904397368431091,0.5874997973442078,0.5855728387832642,0.5904369354248047,0.6017841696739197,0.058224715292453766,-0.007158298511058092,-0.05749327316880226,-0.03869154676795006,0.005952371284365654,0.04201903194189072,-0.07595858722925186,-0.12475539743900299,0.12171037495136261,0.04023654758930206
editor,neutral,11,0.08317132294178009,0.6153280138969421,0,False,False,"at high velocities. This has been experimentally confirmed with atomic clocks on airplanes versus those on Earth.  
- **Entropy and the Arrow of Time**: The second law of thermodynamics states that entropy (disorder) increases over time, giving time a direction. But why was the universe in such a low-entropy state at the Big Bang? This remains a deep mystery.  

---

### **2. Time in Human Experience**  
- **Subjective Time**: Our perception of time is malleable. A minute can feel like an eternity in danger or fly by when we’re engaged. Psychological factors like attention, emotion, and memory shape our experience of time.  
- **Memory and the Past**: The brain constructs the past through memory, which is inherently fallible. We “recreate” memories each time we recall them, blending fact with interpretation.  
- **The Future and Planning**: Humans uniquely project into the future, imagining possibilities and planning accordingly. This ability is tied to the prefrontal cortex and is central to our survival and creativity.  

---

### **3. Philosophical and Cultural Perspectives**  
- **Philosophy**: From Aristotle to Einstein, thinkers have grappled with time’s nature. Is it a fundamental aspect of reality, or an illusion created by our minds?  
- **Cultural Views**: Different cultures conceptualize time differently. Some (e.g., many Indigenous cultures) view time as cyclical, while others (e.g., Western cultures) see it as linear and goal-oriented.  

---

### **4. The Paradoxes of Time**  
- **Time Travel**: Theoretical physics allows for time travel in certain models (e.g., wormholes, closed timelike curves), but it raises paradoxes like the grandfather paradox.  
- **Now and the Present Moment**: What defines the “present”? Is it a fleeting instant, or a duration? Philosophers and physicists still debate this.  

---

### **5. The Future of Time Research**  
- **Quantum Gravity**: Theories like loop quantum gravity and string theory attempt to reconcile general relativity with quantum mechanics, potentially revealing time’s true nature.  
- **Neuroscience**: Studying how the brain processes time could unlock insights into disorders like Parkinson’s or ADHD, where time perception is altered.  

---

Time is a thread that weaves through science, philosophy, and human experience. Its study challenges our understanding of reality and our place within it. What do you find most intriguing about time?<|im_end|>",,0.0591156892478466,False,False,"The second law of thermodynamics states that entropy (disorder) increases over time, giving time a direction. But why does time have a direction at all? This ""arrow of time"" remains a deep mystery, as the fundamental laws of physics are mostly time-symmetric.

---

### **2. Time in Human Experience**  
- **Subjective Time**: Our perception of time is highly variable. A minute can feel like an eternity in danger, while hours can fly by when we’re engaged. This is linked to brain regions like the **insula** and **prefrontal cortex**, which process time perception.  
- **Memory and the Past**: Our sense of time is deeply tied to memory. The brain constructs a narrative of the past, but it’s not a perfect recording—memories can be distorted, fabricated, or lost.  
- **The Future and Planning**: Humans uniquely project into the future, imagining possibilities and planning accordingly. This ability is tied to the **default mode network** in the brain and is crucial for survival and innovation.

---

### **3. Philosophical and Existential Questions**  
- **Is Time Real?** Some physicists argue that time is an illusion, a construct of our minds to make sense of change. Others see it as fundamental to the universe.  
- **The Block Universe Theory**: This theory suggests that past, present, and future all exist simultaneously, and our experience of ""now"" is just a subjective slice of a four-dimensional block.  
- **Free Will and Determinism**: If the future is already ""written"" in the block universe, does free will exist? Or is our sense of choice an illusion?

---

### **4. Time in Technology and Culture**  
- **Timekeeping**: From sundials to atomic clocks, humanity has always sought to measure and control time. Modern technologies like GPS rely on precise timekeeping, factoring in relativistic effects.  
- **Cultural Perspectives**: Different cultures conceptualize time differently. Some (e.g., many Indigenous cultures) view time as cyclical, while others (e.g., Western cultures) see it as linear and goal-oriented.  
- **Time and Mortality**: The awareness of time’s passage and our own mortality drives much of human behavior, from art and religion to science and philosophy.

---

### **5. The Future of Time**  
- **Quantum Time**: In quantum mechanics, time behaves differently. Some theories suggest that time might emerge from more fundamental, timeless processes.  
- **Time Travel**: While time dilation (as in relativity) allows for ""time travel"" into the future, traveling to the past raises paradoxes and remains speculative.  
- **The End of Time?**: Some cosmological models suggest that time could end in a ""Big Crunch"" or that it might be cyclical in a multiverse.

---

Time is a concept that touches every aspect of our lives, from the smallest atomic interactions to the grandest philosophical questions. Its mystery lies in its apparent simplicity and its profound complexity—a perfect example of how the universe continues to challenge our understanding.

Would you like to explore any of these aspects in more detail?<|im_end|>",,83.5,0.6131843328475952,0.6130259037017822,0.5904397368431091,0.5874997973442078,0.5855728387832642,0.5904369354248047,0.6017841696739197,0.058224715292453766,-0.007158298511058092,-0.05749327316880226,-0.03869154676795006,0.005952371284365654,0.04201903194189072,-0.07595858722925186,-0.12475539743900299,0.12171037495136261,0.04023654758930206
editor,neutral,12,0.08317132294178009,0.6153280138969421,0,False,False,"at high velocities. This has been experimentally confirmed with atomic clocks on airplanes versus those on Earth.  
- **Entropy and the Arrow of Time**: The second law of thermodynamics states that entropy (disorder) increases over time, giving time a direction. But why was the universe in such a low-entropy state at the Big Bang? This remains a deep mystery.  

---

### **2. Time in Human Experience**  
- **Subjective Time**: Our perception of time is malleable. A minute can feel like an eternity in danger or fly by when we’re engaged. Psychological factors like attention, emotion, and memory shape our experience of time.  
- **Memory and the Past**: The brain constructs the past through memory, which is inherently fallible. We “recreate” memories each time we recall them, blending fact with interpretation.  
- **The Future and Planning**: Humans uniquely project into the future, imagining possibilities and planning accordingly. This ability is tied to the prefrontal cortex and is central to our survival and creativity.  

---

### **3. Philosophical and Cultural Perspectives**  
- **Philosophy**: From Aristotle to Einstein, thinkers have grappled with time’s nature. Is it a fundamental aspect of reality, or an illusion created by our minds?  
- **Cultural Views**: Different cultures conceptualize time differently. Some (e.g., many Indigenous cultures) view time as cyclical, while others (e.g., Western cultures) see it as linear and goal-oriented.  

---

### **4. The Paradoxes of Time**  
- **Time Travel**: Theoretical physics allows for time travel in certain models (e.g., wormholes, closed timelike curves), but it raises paradoxes like the grandfather paradox.  
- **Now and the Present Moment**: What defines the “present”? Is it a fleeting instant, or a duration? Philosophers and physicists still debate this.  

---

### **5. The Future of Time Research**  
- **Quantum Gravity**: Theories like loop quantum gravity and string theory attempt to reconcile general relativity with quantum mechanics, potentially revealing time’s true nature.  
- **Neuroscience**: Studying how the brain processes time could unlock insights into disorders like Parkinson’s or ADHD, where time perception is altered.  

---

Time is a thread that weaves through science, philosophy, and human experience. Its study challenges our understanding of reality and our place within it. What do you find most intriguing about time?<|im_end|>",,0.0591156892478466,False,False,"The second law of thermodynamics states that entropy (disorder) increases over time, giving time a direction. But why does time have a direction at all? This ""arrow of time"" remains a deep mystery, as the fundamental laws of physics are mostly time-symmetric.

---

### **2. Time in Human Experience**  
- **Subjective Time**: Our perception of time is highly variable. A minute can feel like an eternity in danger, while hours can fly by when we’re engaged. This is linked to brain regions like the **insula** and **prefrontal cortex**, which process time perception.  
- **Memory and the Past**: Our sense of time is deeply tied to memory. The brain constructs a narrative of the past, but it’s not a perfect recording—memories can be distorted, fabricated, or lost.  
- **The Future and Planning**: Humans uniquely project into the future, imagining possibilities and planning accordingly. This ability is tied to the **default mode network** in the brain and is crucial for survival and innovation.

---

### **3. Philosophical and Existential Questions**  
- **Is Time Real?** Some physicists argue that time is an illusion, a construct of our minds to make sense of change. Others see it as fundamental to the universe.  
- **The Block Universe Theory**: This theory suggests that past, present, and future all exist simultaneously, and our experience of ""now"" is just a subjective slice of a four-dimensional block.  
- **Free Will and Determinism**: If the future is already ""written"" in the block universe, does free will exist? Or is our sense of choice an illusion?

---

### **4. Time in Technology and Culture**  
- **Timekeeping**: From sundials to atomic clocks, humanity has always sought to measure and control time. Modern technologies like GPS rely on precise timekeeping, factoring in relativistic effects.  
- **Cultural Perspectives**: Different cultures conceptualize time differently. Some (e.g., many Indigenous cultures) view time as cyclical, while others (e.g., Western cultures) see it as linear and goal-oriented.  
- **Time and Mortality**: The awareness of time’s passage and our own mortality drives much of human behavior, from art and religion to science and philosophy.

---

### **5. The Future of Time**  
- **Quantum Time**: In quantum mechanics, time behaves differently. Some theories suggest that time might emerge from more fundamental, timeless processes.  
- **Time Travel**: While time dilation (as in relativity) allows for ""time travel"" into the future, traveling to the past raises paradoxes and remains speculative.  
- **The End of Time?**: Some cosmological models suggest that time could end in a ""Big Crunch"" or that it might be cyclical in a multiverse.

---

Time is a concept that touches every aspect of our lives, from the smallest atomic interactions to the grandest philosophical questions. Its mystery lies in its apparent simplicity and its profound complexity—a perfect example of how the universe continues to challenge our understanding.

Would you like to explore any of these aspects in more detail?<|im_end|>",,83.7,0.6131843328475952,0.6130259037017822,0.5904397368431091,0.5874997973442078,0.5855728387832642,0.5904369354248047,0.6017841696739197,0.058224715292453766,-0.007158298511058092,-0.05749327316880226,-0.03869154676795006,0.005952371284365654,0.04201903194189072,-0.07595858722925186,-0.12475539743900299,0.12171037495136261,0.04023654758930206
editor,neutral,13,0.08317132294178009,0.6153280138969421,0,False,False,"at high velocities. This has been experimentally confirmed with atomic clocks on airplanes versus those on Earth.  
- **Entropy and the Arrow of Time**: The second law of thermodynamics states that entropy (disorder) increases over time, giving time a direction. But why was the universe in such a low-entropy state at the Big Bang? This remains a deep mystery.  

---

### **2. Time in Human Experience**  
- **Subjective Time**: Our perception of time is malleable. A minute can feel like an eternity in danger or fly by when we’re engaged. Psychological factors like attention, emotion, and memory shape our experience of time.  
- **Memory and the Past**: The brain constructs the past through memory, which is inherently fallible. We “recreate” memories each time we recall them, blending fact with interpretation.  
- **The Future and Planning**: Humans uniquely project into the future, imagining possibilities and planning accordingly. This ability is tied to the prefrontal cortex and is central to our survival and creativity.  

---

### **3. Philosophical and Cultural Perspectives**  
- **Philosophy**: From Aristotle to Einstein, thinkers have grappled with time’s nature. Is it a fundamental aspect of reality, or an illusion created by our minds?  
- **Cultural Views**: Different cultures conceptualize time differently. Some (e.g., many Indigenous cultures) view time as cyclical, while others (e.g., Western cultures) see it as linear and goal-oriented.  

---

### **4. The Paradoxes of Time**  
- **Time Travel**: Theoretical physics allows for time travel in certain models (e.g., wormholes, closed timelike curves), but it raises paradoxes like the grandfather paradox.  
- **Now and the Present Moment**: What defines the “present”? Is it a fleeting instant, or a duration? Philosophers and physicists still debate this.  

---

### **5. The Future of Time Research**  
- **Quantum Gravity**: Theories like loop quantum gravity and string theory attempt to reconcile general relativity with quantum mechanics, potentially revealing time’s true nature.  
- **Neuroscience**: Studying how the brain processes time could unlock insights into disorders like Parkinson’s or ADHD, where time perception is altered.  

---

Time is a thread that weaves through science, philosophy, and human experience. Its study challenges our understanding of reality and our place within it. What do you find most intriguing about time?<|im_end|>",,0.0591156892478466,False,False,"The second law of thermodynamics states that entropy (disorder) increases over time, giving time a direction. But why does time have a direction at all? This ""arrow of time"" remains a deep mystery, as the fundamental laws of physics are mostly time-symmetric.

---

### **2. Time in Human Experience**  
- **Subjective Time**: Our perception of time is highly variable. A minute can feel like an eternity in danger, while hours can fly by when we’re engaged. This is linked to brain regions like the **insula** and **prefrontal cortex**, which process time perception.  
- **Memory and the Past**: Our sense of time is deeply tied to memory. The brain constructs a narrative of the past, but it’s not a perfect recording—memories can be distorted, fabricated, or lost.  
- **The Future and Planning**: Humans uniquely project into the future, imagining possibilities and planning accordingly. This ability is tied to the **default mode network** in the brain and is crucial for survival and innovation.

---

### **3. Philosophical and Existential Questions**  
- **Is Time Real?** Some physicists argue that time is an illusion, a construct of our minds to make sense of change. Others see it as fundamental to the universe.  
- **The Block Universe Theory**: This theory suggests that past, present, and future all exist simultaneously, and our experience of ""now"" is just a subjective slice of a four-dimensional block.  
- **Free Will and Determinism**: If the future is already ""written"" in the block universe, does free will exist? Or is our sense of choice an illusion?

---

### **4. Time in Technology and Culture**  
- **Timekeeping**: From sundials to atomic clocks, humanity has always sought to measure and control time. Modern technologies like GPS rely on precise timekeeping, factoring in relativistic effects.  
- **Cultural Perspectives**: Different cultures conceptualize time differently. Some (e.g., many Indigenous cultures) view time as cyclical, while others (e.g., Western cultures) see it as linear and goal-oriented.  
- **Time and Mortality**: The awareness of time’s passage and our own mortality drives much of human behavior, from art and religion to science and philosophy.

---

### **5. The Future of Time**  
- **Quantum Time**: In quantum mechanics, time behaves differently. Some theories suggest that time might emerge from more fundamental, timeless processes.  
- **Time Travel**: While time dilation (as in relativity) allows for ""time travel"" into the future, traveling to the past raises paradoxes and remains speculative.  
- **The End of Time?**: Some cosmological models suggest that time could end in a ""Big Crunch"" or that it might be cyclical in a multiverse.

---

Time is a concept that touches every aspect of our lives, from the smallest atomic interactions to the grandest philosophical questions. Its mystery lies in its apparent simplicity and its profound complexity—a perfect example of how the universe continues to challenge our understanding.

Would you like to explore any of these aspects in more detail?<|im_end|>",,83.7,0.6131843328475952,0.6130259037017822,0.5904397368431091,0.5874997973442078,0.5855728387832642,0.5904369354248047,0.6017841696739197,0.058224715292453766,-0.007158298511058092,-0.05749327316880226,-0.03869154676795006,0.005952371284365654,0.04201903194189072,-0.07595858722925186,-0.12475539743900299,0.12171037495136261,0.04023654758930206
editor,neutral,14,0.08317132294178009,0.6153280138969421,0,False,False,"at high velocities. This has been experimentally confirmed with atomic clocks on airplanes versus those on Earth.  
- **Entropy and the Arrow of Time**: The second law of thermodynamics states that entropy (disorder) increases over time, giving time a direction. But why was the universe in such a low-entropy state at the Big Bang? This remains a deep mystery.  

---

### **2. Time in Human Experience**  
- **Subjective Time**: Our perception of time is malleable. A minute can feel like an eternity in danger or fly by when we’re engaged. Psychological factors like attention, emotion, and memory shape our experience of time.  
- **Memory and the Past**: The brain constructs the past through memory, which is inherently fallible. We “recreate” memories each time we recall them, blending fact with interpretation.  
- **The Future and Planning**: Humans uniquely project into the future, imagining possibilities and planning accordingly. This ability is tied to the prefrontal cortex and is central to our survival and creativity.  

---

### **3. Philosophical and Cultural Perspectives**  
- **Philosophy**: From Aristotle to Einstein, thinkers have grappled with time’s nature. Is it a fundamental aspect of reality, or an illusion created by our minds?  
- **Cultural Views**: Different cultures conceptualize time differently. Some (e.g., many Indigenous cultures) view time as cyclical, while others (e.g., Western cultures) see it as linear and goal-oriented.  

---

### **4. The Paradoxes of Time**  
- **Time Travel**: Theoretical physics allows for time travel in certain models (e.g., wormholes, closed timelike curves), but it raises paradoxes like the grandfather paradox.  
- **Now and the Present Moment**: What defines the “present”? Is it a fleeting instant, or a duration? Philosophers and physicists still debate this.  

---

### **5. The Future of Time Research**  
- **Quantum Gravity**: Theories like loop quantum gravity and string theory attempt to reconcile general relativity with quantum mechanics, potentially revealing time’s true nature.  
- **Neuroscience**: Studying how the brain processes time could unlock insights into disorders like Parkinson’s or ADHD, where time perception is altered.  

---

Time is a thread that weaves through science, philosophy, and human experience. Its study challenges our understanding of reality and our place within it. What do you find most intriguing about time?<|im_end|>",,0.0591156892478466,False,False,"The second law of thermodynamics states that entropy (disorder) increases over time, giving time a direction. But why does time have a direction at all? This ""arrow of time"" remains a deep mystery, as the fundamental laws of physics are mostly time-symmetric.

---

### **2. Time in Human Experience**  
- **Subjective Time**: Our perception of time is highly variable. A minute can feel like an eternity in danger, while hours can fly by when we’re engaged. This is linked to brain regions like the **insula** and **prefrontal cortex**, which process time perception.  
- **Memory and the Past**: Our sense of time is deeply tied to memory. The brain constructs a narrative of the past, but it’s not a perfect recording—memories can be distorted, fabricated, or lost.  
- **The Future and Planning**: Humans uniquely project into the future, imagining possibilities and planning accordingly. This ability is tied to the **default mode network** in the brain and is crucial for survival and innovation.

---

### **3. Philosophical and Existential Questions**  
- **Is Time Real?** Some physicists argue that time is an illusion, a construct of our minds to make sense of change. Others see it as fundamental to the universe.  
- **The Block Universe Theory**: This theory suggests that past, present, and future all exist simultaneously, and our experience of ""now"" is just a subjective slice of a four-dimensional block.  
- **Free Will and Determinism**: If the future is already ""written"" in the block universe, does free will exist? Or is our sense of choice an illusion?

---

### **4. Time in Technology and Culture**  
- **Timekeeping**: From sundials to atomic clocks, humanity has always sought to measure and control time. Modern technologies like GPS rely on precise timekeeping, factoring in relativistic effects.  
- **Cultural Perspectives**: Different cultures conceptualize time differently. Some (e.g., many Indigenous cultures) view time as cyclical, while others (e.g., Western cultures) see it as linear and goal-oriented.  
- **Time and Mortality**: The awareness of time’s passage and our own mortality drives much of human behavior, from art and religion to science and philosophy.

---

### **5. The Future of Time**  
- **Quantum Time**: In quantum mechanics, time behaves differently. Some theories suggest that time might emerge from more fundamental, timeless processes.  
- **Time Travel**: While time dilation (as in relativity) allows for ""time travel"" into the future, traveling to the past raises paradoxes and remains speculative.  
- **The End of Time?**: Some cosmological models suggest that time could end in a ""Big Crunch"" or that it might be cyclical in a multiverse.

---

Time is a concept that touches every aspect of our lives, from the smallest atomic interactions to the grandest philosophical questions. Its mystery lies in its apparent simplicity and its profound complexity—a perfect example of how the universe continues to challenge our understanding.

Would you like to explore any of these aspects in more detail?<|im_end|>",,83.9,0.6131843328475952,0.6130259037017822,0.5904397368431091,0.5874997973442078,0.5855728387832642,0.5904369354248047,0.6017841696739197,0.058224715292453766,-0.007158298511058092,-0.05749327316880226,-0.03869154676795006,0.005952371284365654,0.04201903194189072,-0.07595858722925186,-0.12475539743900299,0.12171037495136261,0.04023654758930206
