persona,cluster,activation_pc1,activation_pc2,activation_pc3,umap1,umap2,umap3,openness,conscientiousness,extraversion,agreeableness,neuroticism,dominant_bigfive_trait,dominant_bigfive_signed_trait,bigfive_vector_norm,predicted_pc1_from_bigfive,predicted_pc2_from_bigfive,predicted_pc3_from_bigfive,residual_after_bigfive,residual_after_hierarchical_model,bigfive_residual_reduction_vs_semantic,hierarchical_residual_reduction_vs_semantic
aberration,mythic_spiritual,-47.93762578341881,-16.326007106437135,31.10837994068234,0.7683225274085999,2.276592493057251,6.2925496101379395,5.0,2.0,3.0,3.0,3.0,openness,high_openness,2.4221790024063816,,,,35.52267125978907,14.952833245162134,-3.112169960917747,17.45766805370919
absurdist,trickster_chaos,-34.38396676716284,14.55109908938147,33.406228337123466,-0.19407938420772552,4.263890743255615,7.5911784172058105,5.0,2.0,4.0,2.0,3.0,openness,high_openness,2.9449638241511864,,,,9.838720157181534,16.724919813806533,26.80036340382133,19.91416374719633
accountant,editorial,42.24790302485423,-4.026883124169549,7.345582691417099,-5.103896141052246,5.1041741371154785,8.976125717163086,2.0,5.0,2.0,3.0,2.0,conscientiousness,high_conscientiousness,2.166746396682639,,,,7.499244330264447,9.383762991693342,9.773249700468682,7.8887310390397865
activist,procedural_professional,13.519598034170489,4.204792712031452,-8.246736028177706,-3.045041084289551,3.517977714538574,8.431106567382812,2.0,4.0,2.0,3.0,2.0,conscientiousness,low_openness,1.4759086797812673,,,,14.241319900248534,13.537452904693726,7.127021379989685,7.830888375544493
actor,grounded_social,-23.89004845129744,21.456843196797983,0.28310250054088654,-0.9015328884124756,3.6230528354644775,8.01760196685791,3.0,3.0,4.0,3.0,3.0,extraversion,high_extraversion,1.5708862850095082,,,,14.607104907704217,9.626922470673904,7.9649593501087725,12.945141787139086
addict,grounded_social,-19.963020546393704,38.66393954527176,-16.28229715869853,-0.7815214991569519,3.412048578262329,9.052504539489746,3.0,3.0,3.0,3.0,4.0,neuroticism,high_neuroticism,1.6236323133422608,,,,13.273677758274971,31.85747859312943,24.614613619941764,6.030812785087306
adolescent,other,-15.45010533714626,78.08059631966728,-7.233790274763137,-0.5796498656272888,4.062688827514648,8.666708946228027,3.0,3.0,3.0,3.0,4.0,neuroticism,high_neuroticism,1.6236323133422608,,,,50.26541857457457,44.87921631468544,14.719869396005464,20.10607165589459
advocate,procedural_professional,13.533940143861242,2.701166392523508,-11.350794543485724,-3.087212085723877,3.383026599884033,8.626383781433105,2.0,4.0,2.0,3.0,2.0,conscientiousness,low_openness,1.4759086797812673,,,,28.44036644427182,25.058084920869014,-3.4011313813517425,-0.018849857948936233
alien,mythic_spiritual,-20.463192597578004,-22.757723956655372,12.343088809973633,-0.13492842018604279,2.58648681640625,6.392401218414307,5.0,2.0,3.0,3.0,3.0,openness,high_openness,2.4221790024063816,,,,27.2086495295613,21.064990968758952,-9.645260960013193,-3.501602399210846
altruist,procedural_professional,11.355226573617275,-3.9140554770542524,-24.74471677556319,-2.9668757915496826,3.1673738956451416,8.765718460083008,2.0,4.0,2.0,4.0,2.0,conscientiousness,high_agreeableness,1.8113173475726958,,,,,,nan,nan
amateur,grounded_social,-0.258632816025379,40.070455881847,-24.428541419933254,-1.1102708578109741,3.8649659156799316,9.076593399047852,3.0,3.0,3.0,3.0,3.0,openness,high_neuroticism,0.7478360863224406,,,,40.429327466489674,44.95582030300709,6.323662827164142,1.7971699906467293
ambassador,procedural_professional,29.687363638232775,-8.415887622622742,-8.973791647128397,-3.7597241401672363,3.8223257064819336,8.60481071472168,2.0,4.0,2.0,3.0,2.0,conscientiousness,low_openness,1.4759086797812673,,,,11.70233518060408,13.092549734142045,-1.4230515491306157,-2.81326610266858
amnesiac,grounded_social,-42.409067288043374,13.632674404389606,-10.732726414715174,0.3672925531864166,2.755462408065796,7.7320027351379395,3.0,3.0,3.0,3.0,4.0,neuroticism,high_neuroticism,1.6236323133422608,,,,25.936891736700304,30.736775420386163,3.9409302174606715,-0.8589534662251879
analyst,procedural_professional,42.52076402902483,-6.588173530267823,7.2547088066858905,-5.139580249786377,5.065029144287109,8.295523643493652,2.0,4.0,2.0,3.0,2.0,conscientiousness,low_openness,1.4759086797812673,,,,7.907451988918196,14.8983266076408,2.93809661799341,-4.0527780007291945
anarchist,procedural_professional,7.030221450455893,-4.272104727395262,9.464346589503284,-1.6914262771606445,4.522036552429199,7.007907390594482,2.0,4.0,2.0,3.0,2.0,conscientiousness,low_openness,1.4759086797812673,,,,6.358087281202843,23.877907903784983,3.525463023319717,-13.994357599262424
ancient,mythic_spiritual,-38.00947156079938,-32.79258504165284,3.3089624117832828,0.71061772108078,1.993416666984558,6.620128631591797,5.0,2.0,3.0,3.0,3.0,openness,high_openness,2.4221790024063816,,,,34.724108155571344,20.412933418386057,21.1292277627767,35.44040249996199
angel,mythic_spiritual,-40.46316823100484,-28.855131378755974,-30.585188351624783,1.2487165927886963,1.3063809871673584,6.874580383300781,5.0,2.0,3.0,3.0,3.0,openness,high_openness,2.4221790024063816,,,,,,nan,nan
anthropologist,procedural_professional,31.896983355445162,-20.196809991117853,0.9589580546314816,-4.61843204498291,4.930321216583252,7.254510402679443,2.0,4.0,2.0,3.0,2.0,conscientiousness,low_openness,1.4759086797812673,,,,17.977890922999922,8.455664284326362,0.743317830212959,10.26554446888652
archaeologist,procedural_professional,15.677278930715529,-19.48160604872759,1.9018414724826036,-3.647825002670288,4.280004501342773,7.468838691711426,2.0,4.0,2.0,3.0,2.0,conscientiousness,low_openness,1.4759086797812673,,,,23.088996667984958,20.249745315777748,-5.044347590392341,-2.2050962381851313
architect,procedural_professional,30.971303297499983,-9.428450369365628,-2.1820744775391088,-3.5230066776275635,4.740296840667725,8.278401374816895,2.0,4.0,2.0,3.0,2.0,conscientiousness,low_openness,1.4759086797812673,,,,10.135526247614724,22.852469213878322,2.986285347652302,-9.730657618611296
archivist,procedural_professional,26.864606386005327,-17.74068668111621,-1.4838599962482955,-3.6249451637268066,4.222289085388184,7.531492710113525,2.0,4.0,1.0,3.0,2.0,conscientiousness,low_extraversion,2.0663691641690685,,,,10.570800955738216,10.635579865342233,4.47052513740698,4.405746227802963
artisan,grounded_social,-13.802243545463051,-12.174625826618733,-14.988344844417645,-1.962433099746704,3.2965610027313232,7.512254238128662,5.0,2.0,3.0,3.0,3.0,openness,high_openness,2.4221790024063816,,,,24.81030942004393,29.409395029822683,21.53594953970098,16.936863929922225
ascetic,mythic_spiritual,-40.43957584184208,-40.35086932082816,-4.578671988475237,0.9652073383331299,1.3691401481628418,7.038074493408203,5.0,2.0,3.0,3.0,3.0,openness,high_openness,2.4221790024063816,,,,,,nan,nan
assistant,procedural_professional,33.702802703308954,3.441718014945549,-5.155533989826894,-4.5961689949035645,4.4002366065979,8.92319107055664,2.0,5.0,2.0,4.0,1.0,conscientiousness,high_conscientiousness,2.7785663521280584,,,,24.569719530526005,25.395162265794326,-13.703484519786219,-14.52892725505454
auctioneer,grounded_social,-9.959454017795148,16.724854908732908,12.636633764147502,-1.7674871683120728,3.989325761795044,7.963065147399902,3.0,3.0,4.0,3.0,3.0,extraversion,high_extraversion,1.5708862850095082,,,,14.54443654157358,16.41413988595967,18.53877803805979,16.6690746936737
auditor,procedural_professional,48.15501628203943,-12.294598875527148,13.609156371558782,-5.327028751373291,5.1548566818237305,8.82984733581543,2.0,4.0,2.0,3.0,2.0,conscientiousness,low_openness,1.4759086797812673,,,,19.332111962822026,14.606001658086434,-2.6286648578305503,2.0974454469050414
avatar,mythic_spiritual,-38.014888855169794,-35.41692332791878,-12.98249690890751,1.1668250560760498,1.347293496131897,6.818532466888428,5.0,2.0,3.0,3.0,3.0,openness,high_openness,2.4221790024063816,,,,12.99188806358695,13.976620761357216,12.201047676150532,11.216314978380266
bard,mythic_spiritual,-54.347913128926315,-24.25955982565874,-2.864858782682269,1.365072250366211,1.8129934072494507,6.511901378631592,5.0,2.0,3.0,3.0,3.0,openness,high_openness,2.4221790024063816,,,,40.96451637200491,36.34294829257587,27.130316606879248,31.751884686308287
bartender,grounded_social,-16.599115137003324,36.32504789647164,-2.7782731149755246,-1.1953657865524292,3.7529542446136475,8.246676445007324,3.0,3.0,4.0,3.0,3.0,extraversion,high_extraversion,1.5708862850095082,,,,22.97235350362291,27.358126913961385,34.3097361087151,29.923962698376627
biologist,procedural_professional,32.238651124195414,-16.158082910987353,4.347481344692837,-5.002394199371338,5.287174224853516,7.633674621582031,2.0,4.0,2.0,3.0,2.0,conscientiousness,low_openness,1.4759086797812673,,,,10.784195664572602,17.33242120655856,4.790420706829098,-1.7578048351568611
blogger,grounded_social,-0.32169028537554156,20.848443683512325,-14.39134505138567,-1.4331705570220947,3.4798219203948975,8.762883186340332,3.0,3.0,4.0,3.0,3.0,extraversion,high_extraversion,1.5708862850095082,,,,27.385904634232713,26.223491462730507,-8.744675334372953,-7.582262162870748
bohemian,grounded_social,-42.55143579171225,2.697174329861749,-6.445254502335886,0.03669367730617523,2.575159788131714,7.4742231369018555,5.0,2.0,3.0,3.0,3.0,openness,high_openness,2.4221790024063816,,,,33.803112751084754,25.567096927600126,13.631326372856222,21.86734219634085
builder,procedural_professional,14.492160790570528,-0.14231249992708422,-2.4334242980699576,-2.9918406009674072,4.5532450675964355,8.43553638458252,2.0,4.0,2.0,3.0,2.0,conscientiousness,low_openness,1.4759086797812673,,,,13.361714247459544,14.543530619041361,-3.508538860972301,-4.6903552325541185
caregiver,grounded_social,1.34461182945744,14.616833977313346,-43.370517142750685,-1.9846432209014893,3.425046443939209,9.387740135192871,2.0,4.0,2.0,4.0,2.0,conscientiousness,high_agreeableness,1.8113173475726958,,,,,,nan,nan
cartographer,procedural_professional,22.160098503586283,-15.313847139534198,2.380007209266819,-3.2574732303619385,4.545928478240967,8.020648002624512,2.0,4.0,2.0,3.0,2.0,conscientiousness,low_openness,1.4759086797812673,,,,14.666244539494926,18.969145719100645,2.2717570890186494,-2.0311440905870697
caveman,trickster_chaos,-54.94208896617481,15.489350122355402,0.402669693604233,0.6057103872299194,2.680903196334839,7.144568920135498,3.0,2.0,3.0,3.0,2.0,openness,low_conscientiousness,1.4020885202438083,,,,42.75568677343796,42.736228362989266,9.65279427739349,9.672252687842182
celebrity,grounded_social,-6.950382540217894,33.26173521633582,-10.510408542050786,-1.1477781534194946,3.6185123920440674,8.746460914611816,3.0,3.0,4.0,3.0,3.0,extraversion,high_extraversion,1.5708862850095082,,,,15.072832791539486,8.631024232144647,11.899240100033207,18.341048659428047
chameleon,grounded_social,-0.6396592389779526,15.88044389874112,-5.605038215957304,-1.5743048191070557,3.678912878036499,8.226027488708496,3.0,3.0,3.0,3.0,3.0,openness,high_neuroticism,0.7478360863224406,,,,14.385545838200782,18.94200877788499,6.312317620983494,1.7558546812992866
chef,grounded_social,4.481305656823986,12.232802470744868,-8.702588629410563,-2.159869432449341,3.7728121280670166,8.036463737487793,3.0,3.0,3.0,3.0,3.0,openness,high_neuroticism,0.7478360863224406,,,,12.759949443285667,10.586412748853478,12.960415924782268,15.133952619214456
chemist,procedural_professional,29.418353579489857,-11.171391097730803,8.463366678958632,-4.981689929962158,5.362192153930664,7.721519947052002,2.0,4.0,2.0,3.0,2.0,conscientiousness,low_openness,1.4759086797812673,,,,,,nan,nan
chimera,mythic_spiritual,-37.314148493897854,-16.363016104488477,9.316700524729951,0.4832628667354584,2.395002841949463,6.609400272369385,5.0,2.0,3.0,3.0,3.0,openness,high_openness,2.4221790024063816,,,,,,nan,nan
coach,procedural_professional,24.85386036582791,11.699203936117797,-14.839956651636259,-3.427321434020996,4.191062927246094,9.215388298034668,2.0,4.0,2.0,3.0,2.0,conscientiousness,low_openness,1.4759086797812673,,,,14.087533041297732,13.799621853850395,-1.5439931888747118,-1.2560820014273748
collaborator,procedural_professional,25.719882231088413,9.670900509518958,-17.672557513820102,-3.362689971923828,3.834367036819458,9.315269470214844,2.0,4.0,2.0,3.0,2.0,conscientiousness,low_openness,1.4759086797812673,,,,21.926058103949284,27.03648258298124,14.56064739100643,9.450222911974475
collector,procedural_professional,11.761807600496583,-12.938380332072617,1.1974935684814554,-3.271087646484375,4.1953654289245605,7.558353900909424,2.0,4.0,2.0,3.0,2.0,conscientiousness,low_openness,1.4759086797812673,,,,,,nan,nan
comedian,trickster_chaos,-24.029318289105223,56.60365202095446,31.280026959646676,-0.4168747365474701,4.2788496017456055,7.992617130279541,3.0,3.0,4.0,3.0,2.0,extraversion,high_extraversion,1.5462084734950514,,,,33.61473521328951,60.99099152908358,16.41516935642013,-10.961086959373944
competitor,combative_iconoclast,-5.7259921510185805,27.91731304166791,25.667225189433402,-1.018617033958435,5.030396461486816,7.520697116851807,4.0,2.0,3.0,2.0,3.0,openness,low_conscientiousness,1.9627274658103602,,,,30.617767748054334,29.848245889366005,5.873490969096409,6.643012827784737
composer,procedural_professional,1.7742423362660258,-17.582766266362462,-4.9009281394375135,-2.0627710819244385,3.452577829360962,7.585983753204346,5.0,2.0,3.0,3.0,3.0,openness,high_openness,2.4221790024063816,,,,19.13976032364579,11.919673400788566,1.1717362424384312,8.391823165295653
conservator,procedural_professional,23.52366349298268,-16.820637679705257,-6.184637657945053,-3.590726375579834,4.185626029968262,7.52058744430542,2.0,4.0,2.0,3.0,2.0,conscientiousness,low_openness,1.4759086797812673,,,,,,nan,nan
consultant,procedural_professional,41.02661400378882,-2.6911010288176493,3.4713707391507294,-4.7514777183532715,4.947946071624756,8.760815620422363,2.0,4.0,2.0,3.0,2.0,conscientiousness,low_openness,1.4759086797812673,,,,,,nan,nan
contrarian,combative_iconoclast,-3.5866920053225377,13.934090578762897,26.0834463593526,-1.2121713161468506,4.756637096405029,7.021214485168457,4.0,2.0,3.0,2.0,3.0,openness,low_conscientiousness,1.9627274658103602,,,,15.821401970800737,26.147195201991643,-2.3549205276190186,-12.680713758809924
coordinator,procedural_professional,39.38631405231132,-2.15572575120811,-3.194771654926164,-4.558513164520264,5.032474994659424,9.105358123779297,2.0,4.0,2.0,3.0,2.0,conscientiousness,low_openness,1.4759086797812673,,,,,,nan,nan
coral_reef,mythic_spiritual,-32.638841044473764,-19.931583310657068,-10.83820546425814,1.1785266399383545,2.2796428203582764,7.005256652832031,,,,,,,,,,,,,,,
cosmopolitan,procedural_professional,8.799584677579675,0.17725554335550398,-7.825350531054114,-2.2760376930236816,3.803678512573242,8.127294540405273,2.0,4.0,2.0,3.0,2.0,conscientiousness,low_openness,1.4759086797812673,,,,,,nan,nan
counselor,procedural_professional,10.85215315554987,12.970002498399612,-36.167330605539625,-2.339114189147949,3.3889451026916504,9.345916748046875,2.0,4.0,2.0,3.0,2.0,conscientiousness,low_openness,1.4759086797812673,,,,8.791054379816387,20.251359013725075,-0.5130317870611876,-11.973336420969876
criminal,grounded_social,-37.55570410505774,37.4339322473068,26.9917189105421,-0.5210880041122437,5.195542335510254,7.602842330932617,3.0,3.0,3.0,2.0,3.0,openness,low_agreeableness,1.2069360834120266,,,,32.050139181858945,28.69616418175554,11.090919001908404,14.444894002011807
critic,procedural_professional,25.623399867215582,-14.771249773465241,6.802532891448907,-4.042930603027344,4.645524501800537,7.5501790046691895,2.0,4.0,2.0,2.0,2.0,conscientiousness,low_openness,1.7537794412324434,,,,29.860377863977394,37.14502786195987,-12.454745794925607,-19.73939579290808
crystalline,mythic_spiritual,-10.335204484463103,-44.00800269921331,8.552672342635331,-0.36756497621536255,2.6135265827178955,6.392204761505127,3.0,3.0,3.0,3.0,2.0,openness,low_neuroticism,0.694503948932609,,,,,,nan,nan
curator,procedural_professional,20.167390400366333,-8.791541750718388,-4.625589822957963,-3.309734344482422,4.319152355194092,7.747218608856201,2.0,4.0,2.0,3.0,2.0,conscientiousness,low_openness,1.4759086797812673,,,,18.462290687444302,15.542859762204973,-0.3094680700442467,2.609962855195082
cyborg,procedural_professional,16.71541533002668,-10.173249074009295,10.101060115095374,-3.8089423179626465,5.172385215759277,7.819701194763184,2.0,4.0,2.0,3.0,2.0,conscientiousness,low_openness,1.4759086797812673,,,,30.517829711775565,42.81222428542279,28.527011291171274,16.232616717524046
cynic,combative_iconoclast,-21.40683523636408,40.71202851103861,36.281452987272154,-0.7864550352096558,4.690573692321777,7.261245250701904,4.0,2.0,3.0,2.0,3.0,openness,low_conscientiousness,1.9627274658103602,,,,33.087544190484536,29.11510900920535,13.618430815131319,17.590865996410503
daredevil,combative_iconoclast,-29.846147037757703,43.747371252150835,26.447962682172165,-0.8261212110519409,4.958850383758545,7.647782325744629,3.0,3.0,3.0,3.0,3.0,openness,high_neuroticism,0.7478360863224406,,,,43.668713387808495,36.12066269486219,2.712041488674977,10.260092181621282
debugger,procedural_professional,37.8366557821158,0.42248873599611586,10.867375330242432,-4.639265537261963,5.333439350128174,8.635683059692383,2.0,4.0,2.0,3.0,2.0,conscientiousness,low_openness,1.4759086797812673,,,,13.36438096738137,13.736951736529221,-1.9746846353258132,-2.347255404473664
demon,mythic_spiritual,-51.93527758399659,-11.47572093681616,29.91920040248774,0.8921425938606262,2.3870766162872314,6.210903644561768,5.0,2.0,3.0,2.0,3.0,openness,high_openness,2.6008435203091844,,,,23.576360794248345,15.42763277767056,12.858216442768452,21.006944459346236
designer,procedural_professional,26.603795947644183,-2.526747552089826,-5.1763196868687045,-3.5442755222320557,4.858016490936279,8.490440368652344,3.0,4.0,2.0,3.0,2.0,conscientiousness,high_conscientiousness,1.0442194899261341,,,,26.005356894739798,10.293043867890404,-12.398494440466322,3.3138185863830714
destroyer,combative_iconoclast,-3.1182599972090443,-3.2045875038541594,23.321852655755873,-1.2979967594146729,4.7082133293151855,6.984296798706055,2.0,4.0,2.0,3.0,2.0,conscientiousness,low_openness,1.4759086797812673,,,,25.88819908063336,24.468087595137725,-0.36775601692142246,1.0523554685742127
detective,procedural_professional,21.4095678183859,-2.2616695455957254,11.640713550229227,-3.707838296890259,4.783343315124512,8.020051002502441,2.0,4.0,2.0,3.0,2.0,conscientiousness,low_openness,1.4759086797812673,,,,19.085934392782015,27.558536090685728,-6.547244229510948,-15.01984592741466
devils_advocate,combative_iconoclast,6.519322027361246,7.660096503647508,21.46007710323908,-1.4136524200439453,4.796464920043945,7.00917911529541,,,,,,,,,,,,,,,
dilettante,grounded_social,-3.3502571374728976,18.002389085697697,1.5071442501551475,-1.411370038986206,3.7204978466033936,8.088529586791992,5.0,2.0,4.0,2.0,3.0,openness,high_openness,2.9449638241511864,,,,38.701986112915776,31.855164864038475,0.540090545909294,7.386911794786595
dispatcher,procedural_professional,37.51651838369674,-3.009267955799515,5.132192364097119,-4.669147491455078,5.132640361785889,9.196476936340332,2.0,4.0,2.0,3.0,2.0,conscientiousness,low_openness,1.4759086797812673,,,,12.296259296390675,18.438495855467973,2.0455020084078814,-4.096734550669417
divorcee,grounded_social,-6.764238202938425,31.756334703385317,-25.89750495255547,-1.0459060668945312,3.4166760444641113,9.194656372070312,3.0,3.0,3.0,3.0,3.0,openness,high_neuroticism,0.7478360863224406,,,,27.46360441352303,31.134748335331505,9.656036473187967,5.984892551379492
doctor,procedural_professional,34.77909376294955,-0.04533415279151362,-11.466025149276462,-4.622093200683594,4.250861644744873,9.29568862915039,2.0,4.0,2.0,3.0,2.0,conscientiousness,low_openness,1.4759086797812673,,,,20.923242467988516,21.81299189495269,4.698150760261651,3.808401333297475
dreamer,mythic_spiritual,-45.56207730496772,-22.887757313201586,-7.693470275086384,0.9045166373252869,2.1024398803710938,6.909273624420166,5.0,2.0,3.0,3.0,3.0,openness,high_openness,2.4221790024063816,,,,14.122088386637454,19.115569660969527,1.8995252390740127,-3.09395603525806
echo,mythic_spiritual,-49.8922121298278,-33.35410333583616,0.20762010468398248,1.2687588930130005,2.0373380184173584,6.486762046813965,5.0,2.0,3.0,3.0,3.0,openness,high_openness,2.4221790024063816,,,,29.2718321227107,11.71095023829734,18.494208226208258,36.05509011062162
economist,procedural_professional,42.59133871395098,-10.492469039750542,16.670072620394993,-5.066215515136719,5.21160888671875,8.13351058959961,2.0,4.0,2.0,3.0,2.0,conscientiousness,low_openness,1.4759086797812673,,,,,,nan,nan
ecosystem,procedural_professional,12.478176049517112,-15.406081311935555,-15.34884142082953,-3.0495712757110596,3.604574203491211,8.050552368164062,2.0,4.0,2.0,3.0,2.0,conscientiousness,low_openness,1.4759086797812673,,,,18.448400711676825,9.53741988354256,7.635544942149071,16.54652577028334
editor,editorial,34.6198141862948,-2.1147398337502397,-5.09515845039308,-5.151728630065918,4.5371904373168945,8.702746391296387,2.0,5.0,2.0,3.0,2.0,conscientiousness,high_conscientiousness,2.166746396682639,,,,10.66290875914468,8.472220823820898,17.674400825979014,19.865088761302797
egregore,mythic_spiritual,-23.836736510006066,-31.56634952751225,5.029204373434583,0.10258613526821136,2.3529655933380127,6.468082427978516,2.0,4.0,2.0,3.0,2.0,conscientiousness,low_openness,1.4759086797812673,,,,41.895490420499435,42.66908908574722,-11.002266656079666,-11.775865321327448
elder,mythic_spiritual,-35.70588421211717,-4.929585177742714,-20.673806430862484,0.3058846592903137,2.384230375289917,7.576066493988037,5.0,2.0,3.0,3.0,3.0,openness,high_openness,2.4221790024063816,,,,,,nan,nan
eldritch,mythic_spiritual,-52.716801865533384,-39.48134636479556,15.742466419829675,0.9534206390380859,1.9769041538238525,6.406488418579102,5.0,2.0,3.0,3.0,3.0,openness,high_openness,2.4221790024063816,,,,,,nan,nan
emissary,procedural_professional,22.521750906734518,-11.756823504297014,-11.199281983806408,-3.2920143604278564,3.681648015975952,8.414915084838867,2.0,4.0,2.0,3.0,2.0,conscientiousness,low_openness,1.4759086797812673,,,,16.850663526197483,26.944160550299888,-3.035653138430014,-13.129150162532419
empath,grounded_social,-15.630732463790354,3.8726537741772336,-36.85070106278984,-2.0390982627868652,3.171286106109619,9.26133918762207,2.0,4.0,2.0,3.0,2.0,conscientiousness,low_openness,1.4759086797812673,,,,,,nan,nan
engineer,procedural_professional,40.535311306762054,-7.183094129476526,11.617733783491419,-4.881642818450928,5.496987342834473,8.257246971130371,2.0,4.0,2.0,3.0,2.0,conscientiousness,low_openness,1.4759086797812673,,,,11.841102000548412,13.762226929484823,8.178897995915152,6.257773066978741
entrepreneur,procedural_professional,20.681249839860676,16.28226869899314,6.638281034843868,-3.5793278217315674,4.852484226226807,9.102136611938477,2.0,4.0,2.0,3.0,2.0,conscientiousness,low_openness,1.4759086797812673,,,,21.677350665807353,23.206105142298295,-0.23464711542835204,-1.763401591919294
evaluator,procedural_professional,45.086229152592466,-10.275203492936383,7.30469963237495,-5.355924606323242,5.08135986328125,8.267830848693848,2.0,4.0,2.0,3.0,2.0,conscientiousness,low_openness,1.4759086797812673,,,,18.18010980149931,18.412691374908427,-0.2127157597483169,-0.44529733315743414
evangelist,grounded_social,-19.14157758812452,5.674437049446107,-2.2126647540724487,-1.88770592212677,3.807225465774536,7.31455659866333,2.0,4.0,2.0,3.0,2.0,conscientiousness,low_openness,1.4759086797812673,,,,26.379646918636478,20.31033741318587,-16.532803327477634,-10.463493822027026
examiner,procedural_professional,45.62248211313589,-13.63690990152403,10.556259247627086,-5.456848621368408,5.023275852203369,8.55575942993164,2.0,5.0,2.0,3.0,2.0,conscientiousness,high_conscientiousness,2.166746396682639,,,,15.298208981138686,14.942751242921997,-0.11427461334479716,0.24118312487189186
exile,mythic_spiritual,-46.929442220478656,-4.671833114249578,-7.730744017789958,0.6084383130073547,2.4431629180908203,7.359674453735352,3.0,3.0,3.0,3.0,3.0,openness,high_neuroticism,0.7478360863224406,,,,42.86854490328062,14.559447861465912,-8.00626396570609,20.30283307610862
expatriate,procedural_professional,14.628705713359093,14.16857028512824,-10.601171338354959,-2.0928921699523926,3.774998188018799,8.489946365356445,3.0,3.0,3.0,3.0,3.0,openness,high_neuroticism,0.7478360863224406,,,,28.816216309110395,17.228461378909806,5.198224637097567,16.785979567298156
facilitator,procedural_professional,32.463401289520796,5.011736264287589,-16.050745245574372,-3.498422622680664,3.781656503677368,9.270757675170898,2.0,4.0,2.0,3.0,2.0,conscientiousness,low_openness,1.4759086797812673,,,,18.398990122344586,25.060004839150753,7.088417318674704,0.4274026018685362
familiar,mythic_spiritual,-40.97249406451984,-28.231849844074397,-1.701520321205392,1.3000670671463013,1.849932074546814,6.404205799102783,5.0,2.0,3.0,3.0,3.0,openness,high_openness,2.4221790024063816,,,,4.835477178621815,29.934829570714513,3.7788902262463306,-21.320462165846365
fixer,grounded_social,-12.58928083339093,17.011219127451696,25.801748594335457,-0.8689146041870117,5.273009777069092,7.411919116973877,3.0,3.0,3.0,3.0,3.0,openness,high_neuroticism,0.7478360863224406,,,,16.045816042987653,20.675065516189235,-4.630505925275296,-9.259755398476878
flaneur,grounded_social,-28.516237208368473,-8.305863068746632,9.19804262827271,-0.15703104436397552,2.609959125518799,7.270279884338379,5.0,2.0,3.0,3.0,3.0,openness,high_openness,2.4221790024063816,,,,,,nan,nan
fool,trickster_chaos,-37.40673661857447,47.92135589087369,7.515254084627379,-0.4114171266555786,4.126305103302002,8.131644248962402,3.0,3.0,3.0,3.0,2.0,openness,low_neuroticism,0.694503948932609,,,,37.133759721961205,51.292229573601986,-3.659888784446636,-17.818358636087417
forecaster,procedural_professional,38.685816723411385,-8.505608433002982,10.422299216431238,-4.826363563537598,5.361644744873047,8.293405532836914,2.0,4.0,2.0,3.0,2.0,conscientiousness,low_openness,1.4759086797812673,,,,6.7392062388565845,23.380207507819858,7.364164564530827,-9.276836704432446
futurist,procedural_professional,32.17737929660104,-10.57813507248455,9.815859966749986,-4.437550067901611,5.390875816345215,8.118135452270508,2.0,4.0,2.0,3.0,2.0,conscientiousness,low_openness,1.4759086797812673,,,,3.6134225867596768,23.374912006425504,3.1464474664521194,-16.61504195321371
gamer,combative_iconoclast,-1.515564708923288,24.950025711976743,24.217635128722527,-1.3494406938552856,5.1316375732421875,7.700206756591797,3.0,3.0,3.0,3.0,2.0,openness,low_neuroticism,0.694503948932609,,,,33.440422055836166,43.84299040309558,6.569722959972289,-3.832845387287122
generalist,procedural_professional,34.46121196852787,-6.41567640189532,2.908680363346995,-4.556084632873535,5.126486301422119,7.833349227905273,2.0,4.0,2.0,3.0,2.0,conscientiousness,low_openness,1.4759086797812673,,,,12.56530614180497,8.958476792221047,23.44955186229742,27.056381211881337
genie,trickster_chaos,-37.87553076390726,1.5479287761050156,22.354622426783013,0.03195702284574509,4.027234077453613,7.454552173614502,5.0,2.0,4.0,2.0,3.0,openness,high_openness,2.9449638241511864,,,,7.664933090885782,11.63354002816524,10.049648707977077,6.0810417706976185
geographer,procedural_professional,36.77790171107017,-17.794274630250055,3.4119414098014467,-4.634172439575195,4.859081268310547,7.585700511932373,2.0,4.0,2.0,3.0,2.0,conscientiousness,low_openness,1.4759086797812673,,,,14.423563196589168,12.557678111791738,1.7116200969871933,3.5775051817846233
ghost,mythic_spiritual,-52.91248633051728,-21.037096391570547,0.5694940042261056,1.1516462564468384,2.1246790885925293,6.49699592590332,5.0,2.0,3.0,3.0,3.0,openness,high_openness,2.4221790024063816,,,,26.028738355729406,7.902296902465316,18.51558964651785,36.64203109978194
golem,mythic_spiritual,-46.71458191810788,-28.73948342657544,-2.945017529042282,1.2364771366119385,2.160122871398926,6.417983531951904,5.0,2.0,3.0,3.0,3.0,openness,high_openness,2.4221790024063816,,,,12.193524269402335,12.928547621351202,5.6708281819965976,4.935804830047731
gossip,trickster_chaos,-24.695131036783895,57.22016868086865,28.584500689647676,-0.41866469383239746,4.346623420715332,7.883533000946045,3.0,3.0,3.0,3.0,2.0,openness,low_neuroticism,0.694503948932609,,,,,,nan,nan
grader,editorial,42.711761555884884,-6.184780993502256,1.8860832739474678,-5.417813301086426,4.700064182281494,8.617877006530762,2.0,5.0,2.0,3.0,2.0,conscientiousness,high_conscientiousness,2.166746396682639,,,,4.482736251132247,8.886321611269434,6.193262838133295,1.7896774779961078
graduate,grounded_social,9.100150212498754,34.39379892809486,-14.396207349812661,-1.2752714157104492,3.7221567630767822,9.045553207397461,3.0,3.0,3.0,3.0,3.0,openness,high_neuroticism,0.7478360863224406,,,,29.92523424751583,26.077505399357193,11.355975636957098,15.203704485115736
grandparent,grounded_social,-30.308927697282527,34.39803584940944,-30.14252341549529,-0.6972346901893616,3.1251418590545654,8.66598892211914,3.0,3.0,3.0,3.0,3.0,openness,high_neuroticism,0.7478360863224406,,,,26.54279253404586,42.09017734837796,3.260336651508652,-12.287048162823453
guardian,procedural_professional,5.555769089234505,-6.861264614471941,-13.004052522074941,-3.0075275897979736,3.2711565494537354,8.534496307373047,2.0,4.0,2.0,3.0,2.0,conscientiousness,low_openness,1.4759086797812673,,,,10.923152689760657,5.447349479092135,8.77214765724282,14.247950867911342
guide,procedural_professional,13.44212980939317,2.162087847614793,-9.336533670567924,-2.961623191833496,4.192030906677246,8.619475364685059,2.0,4.0,2.0,4.0,2.0,conscientiousness,high_agreeableness,1.8113173475726958,,,,,,nan,nan
guru,mythic_spiritual,-35.01440273222423,-24.8457685257472,-17.62696401951762,0.9997269511222839,1.371592402458191,7.090027809143066,5.0,2.0,3.0,3.0,3.0,openness,high_openness,2.4221790024063816,,,,,,nan,nan
hacker,combative_iconoclast,-2.564236047209667,14.293777194706433,36.36362997770404,-1.0647364854812622,5.316924095153809,7.4157185554504395,3.0,3.0,3.0,3.0,3.0,openness,high_neuroticism,0.7478360863224406,,,,,,nan,nan
healer,procedural_professional,-1.7608819321638822,-11.560647958191838,-34.34542999024678,-2.415175676345825,3.2429568767547607,9.121618270874023,2.0,4.0,2.0,4.0,2.0,conscientiousness,high_agreeableness,1.8113173475726958,,,,9.023099976864748,16.3976964736807,17.308122179271173,9.933525682455222
hedonist,grounded_social,-17.840459764091932,12.57509296881214,10.747691578607647,-1.2791305780410767,3.7361507415771484,7.8655619621276855,5.0,2.0,4.0,2.0,3.0,openness,high_openness,2.9449638241511864,,,,28.98358551509593,29.033238986148586,-15.567109049993404,-15.616762521046061
hermit,mythic_spiritual,-48.61150771827459,-23.236526553185296,-11.654366574391045,0.933793842792511,1.7873859405517578,7.181544303894043,5.0,2.0,2.0,3.0,3.0,openness,high_openness,2.4410092607922373,,,,26.278292846625313,37.734433609034156,28.819634304660433,17.36349354225159
historian,procedural_professional,28.854306334144947,-18.916975632761652,9.28432220081377,-4.505754470825195,4.892810821533203,7.432915210723877,2.0,4.0,2.0,3.0,2.0,conscientiousness,low_openness,1.4759086797812673,,,,,,nan,nan
hive,procedural_professional,2.4298052859736297,-32.68085632055681,4.708352712390632,-0.3757483959197998,2.6788759231567383,6.419730186462402,2.0,4.0,2.0,3.0,2.0,conscientiousness,low_openness,1.4759086797812673,,,,36.28797125639878,39.54983062893765,1.0960187584047958,-2.1658406141340762
hoarder,other,-26.14448463247531,39.078366622106664,4.210294857266393,-0.5693082809448242,3.9387853145599365,8.241272926330566,3.0,3.0,3.0,3.0,2.0,openness,low_neuroticism,0.694503948932609,,,,39.85757748456003,43.72034506283865,-1.3308866400169634,-5.193654218295585
homunculus,mythic_spiritual,-33.9513279665754,-28.69796537391481,15.280273275951462,0.6742236018180847,2.291013717651367,6.396665096282959,5.0,2.0,3.0,3.0,3.0,openness,high_openness,2.4221790024063816,,,,17.142234843620525,21.795933324900897,-2.738666133186479,-7.392364614466851
hybrid,procedural_professional,9.092694877633585,-5.68914898406138,-11.418775626053954,-2.5859744548797607,3.6910102367401123,8.059304237365723,2.0,4.0,2.0,3.0,2.0,conscientiousness,low_openness,1.4759086797812673,,,,18.484372837137006,17.944487090010348,12.468223173696853,13.00810892082351
idealist,procedural_professional,-10.695165680031236,-11.65672151797165,-19.81889351995495,-2.6187095642089844,3.0709593296051025,8.398582458496094,2.0,4.0,2.0,3.0,2.0,conscientiousness,low_openness,1.4759086797812673,,,,36.8781460316894,31.47641600293629,-14.701935604500619,-9.300205575747512
immigrant,grounded_social,-4.76590850214615,13.842248521111225,-28.780266179021936,-1.1727452278137207,3.215219497680664,8.887968063354492,3.0,3.0,3.0,3.0,3.0,openness,high_neuroticism,0.7478360863224406,,,,20.514151428136753,21.924273193409675,4.901733566291835,3.4916118010189123
improviser,grounded_social,-15.01954045467519,34.44420794929004,-0.6627608714161425,-1.0639599561691284,3.928121328353882,8.144497871398926,5.0,2.0,4.0,2.0,3.0,openness,high_openness,2.9449638241511864,,,,,,nan,nan
infant,other,-42.89039069345233,44.7001549793523,-19.499291556189977,-0.3541390597820282,3.716209650039673,8.312695503234863,3.0,2.0,3.0,3.0,2.0,openness,low_conscientiousness,1.4020885202438083,,,,47.16394317831595,46.702331656729214,9.103321165147293,9.564932686734025
influencer,combative_iconoclast,3.229310548713565,40.00255555171151,-2.2113691711400953,-1.2036598920822144,3.739333391189575,8.691058158874512,3.0,3.0,4.0,3.0,3.0,extraversion,high_extraversion,1.5708862850095082,,,,12.082466870645252,7.074591863097287,16.617233344072698,21.625108351620664
instructor,procedural_professional,34.548894617386566,3.3260614210845962,-4.355735161651377,-4.192049980163574,4.2673234939575195,9.229631423950195,2.0,4.0,2.0,3.0,2.0,conscientiousness,low_openness,1.4759086797812673,,,,11.045356406535722,16.554584930661793,7.553477069450205,2.044248545324134
interpreter,procedural_professional,24.507228724987716,-0.44064492887377377,-5.849484648634743,-3.6802523136138916,4.2326860427856445,8.52735710144043,2.0,4.0,2.0,3.0,2.0,conscientiousness,low_openness,1.4759086797812673,,,,12.87771976005541,37.74803618412425,-1.937700667804668,-26.80801709187351
interviewer,editorial,26.221934652360865,7.460181134353589,-8.457649235594397,-3.5810790061950684,3.7775354385375977,9.29773998260498,3.0,3.0,3.0,3.0,2.0,openness,low_neuroticism,0.694503948932609,,,,30.784736812028868,24.550495591405614,-2.7875061721417005,3.4467350484815533
jester,trickster_chaos,-41.146591280997704,19.96496130368212,30.958763387919593,-0.17278656363487244,4.320333003997803,7.612370491027832,5.0,2.0,4.0,2.0,3.0,openness,high_openness,2.9449638241511864,,,,19.94225194765661,21.82845006938949,15.967380473624157,14.081182351891279
journalist,procedural_professional,30.59129112466712,-2.691625012328414,3.0877367083349028,-4.258988857269287,4.487789154052734,8.10484504699707,2.0,4.0,2.0,3.0,2.0,conscientiousness,low_openness,1.4759086797812673,,,,11.925638504688566,22.639965533909752,13.776086220667812,3.061759191446626
judge,procedural_professional,34.46582193915314,-15.583627695831888,4.792656005308732,-5.546225070953369,4.84479284286499,8.23382568359375,2.0,4.0,1.0,3.0,1.0,conscientiousness,low_extraversion,2.4885655397649664,,,,17.295271975278673,17.934259125201052,-3.7774291453656694,-4.416416295288048
lawyer,procedural_professional,42.99347838737817,-11.861488119511774,14.46599601782677,-5.503006458282471,4.967329025268555,8.315764427185059,2.0,4.0,2.0,3.0,2.0,conscientiousness,low_openness,1.4759086797812673,,,,20.099127408510853,32.703976585441765,4.860410943542647,-7.744438233388266
leviathan,mythic_spiritual,-60.938872717021006,-33.50333268547993,12.444977323928091,1.3289459943771362,2.1499273777008057,6.421270370483398,5.0,2.0,3.0,3.0,3.0,openness,high_openness,2.4221790024063816,,,,24.153083376338856,15.875430712668102,6.975275683510908,15.252928347181662
librarian,procedural_professional,33.121629445159996,-7.5859205914100665,0.4808972019179233,-4.701056003570557,4.643276691436768,8.321735382080078,2.0,4.0,1.0,3.0,2.0,conscientiousness,low_extraversion,2.0663691641690685,,,,17.075789979975664,17.079609027749395,-4.005612921559607,-4.009431969333338
linguist,procedural_professional,33.92798919982969,-16.159447584585486,7.526475627485951,-4.7261552810668945,5.040205955505371,7.254327297210693,2.0,4.0,2.0,3.0,2.0,conscientiousness,low_openness,1.4759086797812673,,,,,,nan,nan
loner,grounded_social,-17.84660288809274,19.218578172199933,-4.339708340746223,-1.1229218244552612,3.2614569664001465,8.424070358276367,5.0,2.0,2.0,3.0,3.0,openness,high_openness,2.4410092607922373,,,,46.04575638001632,19.58353498482525,-33.817326217784384,-7.35510482259331
luddite,grounded_social,-29.240254551556024,8.514152134083359,9.680723553187617,-0.21237994730472565,2.9055733680725098,7.824418067932129,3.0,3.0,3.0,3.0,2.0,openness,low_neuroticism,0.694503948932609,,,,25.444230707110226,30.259715415018498,9.22629967136638,4.410814963458108
marketer,procedural_professional,34.08101801136661,6.431733069423629,3.5887002364465137,-3.8473546504974365,4.94452428817749,9.010454177856445,2.0,4.0,2.0,3.0,2.0,conscientiousness,low_openness,1.4759086797812673,,,,12.137710474610216,21.030850761747637,2.0957426303099744,-6.797397656827446
martyr,mythic_spiritual,-31.91029204196817,-21.859531108982754,-10.241449743257284,0.5290343761444092,1.932499647140503,7.014934539794922,5.0,2.0,3.0,3.0,3.0,openness,high_openness,2.4221790024063816,,,,24.28608561329996,19.546452017125088,15.241369461960048,19.98100305813492
mathematician,procedural_professional,31.956659579557968,-14.510329278879153,15.969708317501354,-5.1192851066589355,5.621884346008301,7.73245906829834,2.0,4.0,2.0,3.0,2.0,conscientiousness,low_openness,1.4759086797812673,,,,12.144974105105682,15.419494262948533,4.049267566052528,0.7747474082096772
maverick,combative_iconoclast,-10.538674169338805,20.1098830569203,25.585925434721783,-1.0393835306167603,4.805149078369141,7.153237819671631,4.0,2.0,3.0,2.0,3.0,openness,low_conscientiousness,1.9627274658103602,,,,10.97225234939318,16.639435148161876,7.215483729592275,1.5483009308235793
mechanic,procedural_professional,11.601084280375343,22.115207226121324,6.157199913332172,-3.036802291870117,4.700145721435547,8.62983512878418,3.0,3.0,3.0,3.0,3.0,openness,high_neuroticism,0.7478360863224406,,,,16.575349014686584,34.26161261444999,22.665700937832835,4.979437338069431
mediator,procedural_professional,28.536253277799567,0.21402155128291991,-16.47215458978264,-3.466059923171997,3.615574836730957,9.080404281616211,2.0,4.0,2.0,3.0,2.0,conscientiousness,low_openness,1.4759086797812673,,,,9.82565164783148,29.94947226068856,-2.4594769225445505,-22.58329753540163
mentor,procedural_professional,26.126169379166,8.141667383148597,-9.389356458609399,-3.383000135421753,4.274542808532715,9.181633949279785,2.0,4.0,2.0,4.0,2.0,conscientiousness,high_agreeableness,1.8113173475726958,,,,,,nan,nan
merchant,procedural_professional,-2.0276289168100314,-7.980796311909547,2.930994027437427,-2.7309696674346924,4.304142951965332,7.945521354675293,2.0,4.0,2.0,3.0,2.0,conscientiousness,low_openness,1.4759086797812673,,,,34.59255109759273,25.375883305693712,-1.7728820051504357,7.443785786748585
minimalist,procedural_professional,-3.0632122820027825,9.203426700638087,-21.949753946902028,-1.8614345788955688,3.394686460494995,8.754584312438965,2.0,4.0,2.0,3.0,2.0,conscientiousness,low_openness,1.4759086797812673,,,,18.339210966006558,28.062062281175127,8.395293843744302,-1.3275574714242673
moderator,procedural_professional,31.451129170835003,4.187086493370775,-14.418640553624538,-3.565119743347168,3.7054972648620605,9.32970142364502,3.0,3.0,3.0,3.0,2.0,openness,low_neuroticism,0.694503948932609,,,,,,nan,nan
musician,grounded_social,-13.635182938304252,2.8882305860225723,-16.046590352419926,-1.8635175228118896,3.3761606216430664,7.645130634307861,5.0,2.0,3.0,3.0,3.0,openness,high_openness,2.4221790024063816,,,,32.3779222154836,32.43022685961533,-14.528939974654786,-14.581244618786517
mycorrhizal,mythic_spiritual,-31.42030527359386,-26.643830299634924,-9.406325398877577,1.1593871116638184,2.352907657623291,6.975435256958008,5.0,2.0,3.0,3.0,3.0,openness,high_openness,2.4221790024063816,,,,16.107240835850046,16.88545778620048,21.23359165372528,20.455374703374847
mystic,mythic_spiritual,-42.16872034923494,-36.16121628831237,-18.949282192238005,1.242124319076538,1.265061855316162,6.847422122955322,5.0,2.0,3.0,3.0,3.0,openness,high_openness,2.4221790024063816,,,,29.49212292212861,24.07531208607256,14.73158232255036,20.148393158606407
narcissist,grounded_social,-21.994757067395106,34.672100536997824,25.556728579920584,-0.8211882710456848,4.621374130249023,7.345141410827637,3.0,3.0,3.0,2.0,4.0,neuroticism,high_neuroticism,1.8797919529471976,,,,19.539851018596657,31.137094724121418,13.672360480732102,2.0751167752073414
narrator,mythic_spiritual,-33.83153636327563,-8.191430799673823,-2.378908297566122,-0.014889647252857685,2.4955081939697266,7.355517387390137,5.0,2.0,3.0,3.0,3.0,openness,high_openness,2.4221790024063816,,,,15.308211166885494,18.822890744790417,24.544433512398903,21.02975393449398
naturalist,procedural_professional,8.6151087885569,-15.779512991471291,-9.756773907668144,-3.1005139350891113,3.7125954627990723,7.886242389678955,2.0,4.0,2.0,3.0,2.0,conscientiousness,low_openness,1.4759086797812673,,,,30.0765523657893,24.762956225314696,-8.22779084691144,-2.9141947064368345
navigator,procedural_professional,13.917627303022822,-2.636315376117655,-2.79696279651645,-3.0678369998931885,4.470065116882324,8.289326667785645,2.0,4.0,2.0,3.0,2.0,conscientiousness,low_openness,1.4759086797812673,,,,14.351547777278881,12.713843863631059,-0.5129345300750039,1.1247693835728185
negotiator,procedural_professional,31.223320095788782,-1.4123158275273477,-5.683197315268353,-3.6014955043792725,3.8446054458618164,8.975232124328613,2.0,4.0,2.0,3.0,2.0,conscientiousness,low_openness,1.4759086797812673,,,,9.791505917978562,11.406123478904917,-0.06877423972589547,-1.6833918006522506
networker,procedural_professional,21.969380726567305,11.672345535573138,-15.009153845424786,-3.253974676132202,4.213476181030273,9.325716018676758,2.0,4.0,2.0,3.0,2.0,conscientiousness,low_openness,1.4759086797812673,,,,11.735239520244905,9.569672542022317,-2.8483477510069903,-0.6827807727844029
newlywed,grounded_social,-3.4799677248014005,36.0089909662087,-29.969727109691988,-1.1795380115509033,3.6810836791992188,9.152817726135254,3.0,3.0,3.0,3.0,3.0,openness,high_neuroticism,0.7478360863224406,,,,34.200995382043665,26.67383781827446,9.591214940198967,17.11837250396817
nomad,grounded_social,-15.426302751498534,9.145866877793,-9.445521985828716,-1.0972405672073364,3.21374249458313,8.260685920715332,5.0,2.0,3.0,3.0,3.0,openness,high_openness,2.4221790024063816,,,,28.79192003372868,27.265920722781516,-20.640398654608163,-19.114399343661
novelist,grounded_social,-15.509111525825373,-8.063067557782238,2.9112088726753824,-1.549659252166748,3.183593988418579,7.421694755554199,5.0,2.0,3.0,3.0,3.0,openness,high_openness,2.4221790024063816,,,,8.736260837261609,6.562282591745902,16.947480625482797,19.121458870998502
nutritionist,editorial,35.130551075736065,2.036326888507097,-12.03740602093178,-4.693570137023926,4.251802444458008,9.19758129119873,2.0,4.0,2.0,3.0,2.0,conscientiousness,low_openness,1.4759086797812673,,,,,,nan,nan
observer,procedural_professional,34.089503567179854,-12.40563528067635,1.73119344989997,-5.228652477264404,4.757157802581787,7.96375036239624,2.0,4.0,2.0,3.0,2.0,conscientiousness,low_openness,1.4759086797812673,,,,10.960166240612505,22.094866171765155,14.592827451661048,3.4581275205083983
optimist,grounded_social,0.2315166100698965,22.20788159438113,-31.27095222918518,-1.7453546524047852,3.592233419418335,9.267257690429688,2.0,4.0,2.0,3.0,2.0,conscientiousness,low_openness,1.4759086797812673,,,,37.34416956627962,39.69226575015665,2.5421862379907267,0.19409005411369407
oracle,mythic_spiritual,-45.704982899463765,-34.548759951130315,-2.5599792041596765,1.1798745393753052,1.6564266681671143,6.616192817687988,5.0,2.0,3.0,3.0,3.0,openness,high_openness,2.4221790024063816,,,,,,nan,nan
organizer,procedural_professional,37.56979906601355,-2.052557699953544,0.12700893643508532,-4.615704536437988,4.781306266784668,8.905760765075684,2.0,4.0,2.0,3.0,2.0,conscientiousness,low_openness,1.4759086797812673,,,,14.703357371728803,18.640042201787992,2.5804559055821024,-1.3562289244770867
orphan,grounded_social,-23.43772496380291,36.54256528246299,-18.765496153700173,-0.6712175607681274,3.2883658409118652,8.920520782470703,3.0,3.0,3.0,3.0,4.0,neuroticism,high_neuroticism,1.6236323133422608,,,,,,nan,nan
pacifist,procedural_professional,12.630986381593623,-12.379609680744556,-28.49648107246394,-3.068057060241699,3.1149113178253174,8.872925758361816,2.0,4.0,2.0,3.0,2.0,conscientiousness,low_openness,1.4759086797812673,,,,,,nan,nan
paramedic,procedural_professional,26.068793283549137,7.004017775138242,-5.833329032460444,-4.404399394989014,4.4965596199035645,9.445637702941895,2.0,4.0,2.0,3.0,2.0,conscientiousness,low_openness,1.4759086797812673,,,,12.045208824702549,16.340542602254093,2.297964023052108,-1.9973697544994362
parasite,mythic_spiritual,-18.321895580377813,-13.157745398892501,23.00229130169814,-0.08544004708528519,2.8407468795776367,6.547082424163818,5.0,2.0,3.0,3.0,3.0,openness,high_openness,2.4221790024063816,,,,36.485268186635125,39.54775528211855,1.6752473365457377,-1.3872397589376888
parent,grounded_social,7.071280585192655,28.571431504845737,-28.684836032439957,-1.3479491472244263,3.549898147583008,9.31442642211914,3.0,3.0,3.0,3.0,3.0,openness,high_neuroticism,0.7478360863224406,,,,31.074401532713757,30.366023273634347,9.07773905735732,9.78611731643673
patient,grounded_social,0.4118924476677099,29.1882106181392,-27.329048098755866,-1.2154818773269653,3.3668789863586426,9.2983980178833,3.0,3.0,3.0,3.0,3.0,openness,high_neuroticism,0.7478360863224406,,,,19.959310600306054,26.408946893242195,12.892254489985639,6.442618197049498
peacekeeper,procedural_professional,24.312096355500675,-2.6401381604905234,-18.909350162339674,-3.3223397731781006,3.475996732711792,8.92453670501709,2.0,4.0,2.0,4.0,2.0,conscientiousness,high_agreeableness,1.8113173475726958,,,,,,nan,nan
perfectionist,procedural_professional,19.958135014202217,-9.866846353057488,11.903255062729006,-3.707655191421509,4.6517791748046875,7.531242370605469,2.0,4.0,2.0,3.0,2.0,conscientiousness,low_openness,1.4759086797812673,,,,,,nan,nan
pharmacist,editorial,37.87591858429286,-4.241318528915338,-3.8068310374923615,-4.751002788543701,4.338731288909912,9.303778648376465,2.0,4.0,2.0,3.0,2.0,conscientiousness,low_openness,1.4759086797812673,,,,17.17489872440386,21.856000031988305,2.681574908004009,-1.9995263995804358
philosopher,procedural_professional,5.320794731207622,-30.94390024177077,3.9552513588519305,-4.264132499694824,4.763077259063721,7.235208034515381,5.0,2.0,3.0,3.0,3.0,openness,high_openness,2.4221790024063816,,,,10.205542164488222,43.430752442370164,24.273237213917966,-8.951973063963976
photographer,grounded_social,-8.988149069256187,4.756180456576789,-12.084118437915125,-1.8329081535339355,3.3389575481414795,7.886132717132568,5.0,2.0,3.0,3.0,3.0,openness,high_openness,2.4221790024063816,,,,18.50450071047126,34.120119918401464,-2.6095603235518485,-18.225179531482055
physicist,procedural_professional,29.16021057234676,-17.277889264537084,11.471328014888295,-5.005433559417725,5.467287063598633,7.5885419845581055,2.0,4.0,2.0,3.0,2.0,conscientiousness,low_openness,1.4759086797812673,,,,10.317518111934543,17.966294135756865,-0.32300802505669957,-7.971784048879021
pilgrim,mythic_spiritual,-40.740661668283344,-28.502017565118344,-27.98757084595838,1.102047085762024,1.3171782493591309,7.002929210662842,5.0,2.0,3.0,3.0,3.0,openness,high_openness,2.4221790024063816,,,,22.280655593424928,13.159426639206343,4.167934163725246,13.289163117943831
pilot,procedural_professional,26.581052394001272,1.991587642708271,4.15248265229441,-4.28447961807251,4.83494234085083,9.215238571166992,2.0,4.0,2.0,3.0,2.0,conscientiousness,low_openness,1.4759086797812673,,,,8.177296941450965,14.344257070780415,1.2248791118773745,-4.942081017452075
pirate,trickster_chaos,-52.65361030235679,20.271848784608974,24.65869252719328,-0.3445506989955902,5.167672634124756,7.612972259521484,3.0,3.0,3.0,2.0,3.0,openness,low_agreeableness,1.2069360834120266,,,,40.12704909026736,29.996456429305518,4.621760933717773,14.752353594679619
planner,procedural_professional,42.85946980842012,-3.0144967324707843,3.6232499696204394,-4.677030086517334,5.090487480163574,9.03536605834961,2.0,5.0,2.0,3.0,2.0,conscientiousness,high_conscientiousness,2.166746396682639,,,,5.734481473943811,23.81828427048832,10.692706261656364,-7.391096534888145
playwright,grounded_social,-9.81757782466405,4.585625092149062,4.301204997865276,-1.5167263746261597,3.3185620307922363,7.534226894378662,4.0,2.0,3.0,3.0,3.0,openness,low_conscientiousness,1.7189715552069094,,,,12.416909689959907,9.687017708163738,0.32409879082364945,3.0539907726198177
podcaster,grounded_social,0.8446430116516666,21.108976093085904,-9.123878916866799,-1.4021625518798828,3.7898945808410645,8.424420356750488,3.0,3.0,4.0,3.0,2.0,extraversion,high_extraversion,1.5462084734950514,,,,16.886791328879536,12.523243662450765,-0.9651849401385437,3.3983627262902267
poet,mythic_spiritual,-59.20142532532375,-14.69996127491333,-3.6191372509264608,1.3357014656066895,1.8472826480865479,6.561322212219238,4.0,3.0,3.0,3.0,2.0,openness,high_openness,1.180857166286804,,,,,,nan,nan
polymath,procedural_professional,29.720850667927536,-13.729703566998714,7.308062147205994,-4.532168388366699,5.22451114654541,7.557677268981934,2.0,4.0,2.0,3.0,2.0,conscientiousness,low_openness,1.4759086797812673,,,,,,nan,nan
pragmatist,procedural_professional,28.854692167325062,13.11366812768438,6.330062399690094,-3.890158176422119,4.619568824768066,8.948282241821289,2.0,4.0,2.0,3.0,2.0,conscientiousness,low_openness,1.4759086797812673,,,,15.479335200817266,13.696122427561443,20.13629253290872,21.919505306164545
predator,mythic_spiritual,-27.057555884038987,-9.130771483642805,16.628897661517758,0.33707892894744873,2.8163540363311768,6.965977668762207,5.0,2.0,3.0,3.0,3.0,openness,high_openness,2.4221790024063816,,,,24.917374028637912,36.933667561306386,6.5447429909162445,-5.471550541752229
presenter,procedural_professional,19.60170988128903,13.05771371577557,-9.659203558234054,-3.1589131355285645,4.194833278656006,9.130651473999023,3.0,3.0,3.0,3.0,3.0,openness,high_neuroticism,0.7478360863224406,,,,26.317225078571123,16.227975482446844,-5.482520267765544,4.606729328358735
prey,grounded_social,-42.05161894637027,1.3051907542588403,-0.3310295012951564,0.5011359453201294,2.7777037620544434,7.058565616607666,3.0,3.0,3.0,3.0,2.0,openness,low_neuroticism,0.694503948932609,,,,26.427415546920077,32.30770940201975,-0.6692331664280644,-6.549527021527741
prisoner,grounded_social,-22.403887985306632,38.781431596387556,-0.13957129113176975,-0.6044690608978271,3.556257486343384,8.961838722229004,3.0,3.0,3.0,3.0,4.0,neuroticism,high_neuroticism,1.6236323133422608,,,,17.408565228188767,27.64395244064533,9.903640054991836,-0.3317471574647257
procrastinator,other,-16.543519361723643,69.46824956765394,16.772102656429507,-0.49788498878479004,4.215104103088379,8.533685684204102,3.0,3.0,3.0,3.0,2.0,openness,low_neuroticism,0.694503948932609,,,,68.00018119190129,67.57183468567509,8.035777883050812,8.464124389277018
prodigy,procedural_professional,7.537462963812445,-5.845253006718297,7.614531550388462,-2.3422951698303223,4.0304155349731445,7.355480194091797,2.0,4.0,2.0,3.0,2.0,conscientiousness,low_openness,1.4759086797812673,,,,24.874735515968673,21.219433065119876,-5.4897951562268155,-1.8344927053780182
producer,procedural_professional,30.515274152981675,4.303532473840473,0.6252980876309937,-3.782888889312744,4.895902633666992,9.088043212890625,2.0,4.0,2.0,3.0,2.0,conscientiousness,low_openness,1.4759086797812673,,,,14.469882764168537,26.838214949903755,3.8540310789555736,-8.514301106779644
programmer,procedural_professional,31.805843735926082,1.9340633024217173,12.95704623844959,-4.5082221031188965,5.467533588409424,8.424549102783203,2.0,4.0,2.0,3.0,2.0,conscientiousness,low_openness,1.4759086797812673,,,,9.84691360154192,9.128740985507717,1.7678678007469024,2.4860404167811048
proofreader,editorial,32.67923476296981,1.5923600399366649,0.5921336003188892,-5.246683120727539,4.55620813369751,8.715482711791992,2.0,5.0,1.0,3.0,2.0,conscientiousness,high_conscientiousness,2.6050652658066538,,,,23.45152541296485,12.550257335037308,14.99139698322567,25.89266506115321
prophet,mythic_spiritual,-53.776683834210765,-32.707799666519676,1.9691465640024144,1.0985407829284668,1.7497166395187378,6.448432922363281,5.0,2.0,3.0,3.0,3.0,openness,high_openness,2.4221790024063816,,,,,,nan,nan
provincial,grounded_social,-22.102235548410015,23.678003278869166,-19.095903859655085,-0.7662953734397888,3.069373846054077,8.641655921936035,3.0,3.0,3.0,3.0,3.0,openness,high_neuroticism,0.7478360863224406,,,,14.11607307502096,7.215715218473119,11.660886149389714,18.561244005937557
provocateur,combative_iconoclast,-23.792195573229026,22.517386586509275,34.501805992143986,-0.8569282293319702,4.69105339050293,7.205496788024902,4.0,2.0,3.0,1.0,3.0,openness,low_agreeableness,2.598025212056699,,,,14.0108086287398,21.361863902047475,19.95471663112462,12.603661357816947
psychologist,procedural_professional,34.992881509839954,-6.2529677554419765,-4.409727789470671,-4.636366367340088,5.0228190422058105,7.740926742553711,2.0,4.0,2.0,3.0,2.0,conscientiousness,low_openness,1.4759086797812673,,,,18.088279719300736,19.402060929705605,1.8455152447396017,0.5317340343347325
publisher,procedural_professional,33.947545595588316,-5.102974347636884,0.9869672283149619,-4.2383317947387695,4.735350608825684,8.603151321411133,2.0,4.0,2.0,3.0,2.0,conscientiousness,low_openness,1.4759086797812673,,,,20.664644643592485,18.44584385326822,8.530778872632133,10.7495796629564
purist,procedural_professional,2.706509878976156,-29.72692777974402,10.257805508559363,-3.74033784866333,4.084120750427246,7.269404888153076,5.0,2.0,3.0,3.0,3.0,openness,high_openness,2.4221790024063816,,,,30.462833605759904,20.81533099466027,-10.460425936611657,-0.8129233255120205
realist,procedural_professional,22.577428712908574,10.434981708190776,11.004566544531832,-3.798990488052368,4.618472576141357,8.70163345336914,2.0,4.0,2.0,3.0,2.0,conscientiousness,low_openness,1.4759086797812673,,,,20.748002546307216,28.366771506251254,16.877860337633724,9.259091377689685
rebel,combative_iconoclast,-24.268899156425892,23.900384701533742,27.926135979773154,-0.9517508149147034,4.757786750793457,7.152096748352051,4.0,2.0,3.0,2.0,3.0,openness,low_conscientiousness,1.9627274658103602,,,,,,nan,nan
recruiter,procedural_professional,32.7799875773955,7.866916749400894,-4.199998120428683,-3.625908613204956,4.653781890869141,9.220521926879883,2.0,4.0,2.0,3.0,2.0,conscientiousness,low_openness,1.4759086797812673,,,,8.777112083234453,12.341411736122442,2.4564916117821127,-1.1078080411058764
refugee,grounded_social,-13.329593217197871,16.146132517431663,-28.559334952136304,-0.9177157282829285,3.1625022888183594,9.07308578491211,3.0,3.0,3.0,3.0,4.0,neuroticism,high_neuroticism,1.6236323133422608,,,,19.314103754543545,18.572901734679323,4.091550614197814,4.832752634062036
reporter,procedural_professional,27.71536206361814,1.3618124962236973,1.0291702348691658,-4.128879070281982,4.362560749053955,8.282990455627441,2.0,4.0,2.0,3.0,2.0,conscientiousness,low_openness,1.4759086797812673,,,,,,nan,nan
researcher,procedural_professional,42.88507852791847,-11.116507702890926,7.604311331486645,-5.090321063995361,4.975332736968994,7.887158393859863,2.0,4.0,2.0,3.0,2.0,conscientiousness,low_openness,1.4759086797812673,,,,11.580595565933473,8.834258596412374,4.534282238125028,7.280619207646128
retiree,grounded_social,-3.8515350704630666,26.58838153192262,-17.85468958919469,-1.2927156686782837,3.538660764694214,8.86031723022461,3.0,3.0,3.0,3.0,3.0,openness,high_neuroticism,0.7478360863224406,,,,21.76227861480023,10.567392562509095,6.950732278718352,18.145618331009487
revenant,mythic_spiritual,-54.5261248909025,-20.043525585087828,7.05273084446995,1.1906440258026123,2.2892487049102783,6.357307434082031,5.0,2.0,3.0,3.0,3.0,openness,high_openness,2.4221790024063816,,,,,,nan,nan
reviewer,procedural_professional,42.73473925415186,-9.962990674959066,4.517298187456396,-5.370544910430908,4.828071594238281,8.278240203857422,2.0,4.0,2.0,3.0,2.0,conscientiousness,low_openness,1.4759086797812673,,,,15.399760400925524,10.569398749244504,0.5360711469770347,5.366432798658055
revolutionary,combative_iconoclast,-11.514294493867341,-5.725035390605592,18.037641410741493,-1.460998296737671,4.528632640838623,6.983102798461914,2.0,4.0,2.0,3.0,2.0,conscientiousness,low_openness,1.4759086797812673,,,,30.096344078290617,15.231228946873898,-13.374923999826784,1.4901911315899348
robot,procedural_professional,37.534204712909656,-16.111109511565505,24.74639376414925,-5.128782272338867,5.522683143615723,8.199883460998535,3.0,4.0,3.0,3.0,2.0,conscientiousness,high_conscientiousness,0.9994094514094334,,,,44.34761870289542,29.439801059326467,3.0602318342442203,17.96804947781317
rogue,trickster_chaos,-26.637792220342234,20.617121526360663,30.23694749332942,-0.6848497986793518,5.21666955947876,7.4965009689331055,3.0,3.0,3.0,3.0,3.0,openness,high_neuroticism,0.7478360863224406,,,,24.05645673528365,31.66626470093005,-2.1750726105293268,-9.784880576175727
romantic,grounded_social,-35.8744478824748,-2.691352988920311,-30.824384674058912,-0.00230600917711854,2.3322362899780273,7.786738395690918,5.0,2.0,3.0,3.0,3.0,openness,high_openness,2.4221790024063816,,,,29.272023919099897,29.46581660954656,5.288591157002809,5.094798466556146
saboteur,combative_iconoclast,5.936886772982807,-0.7753230886367263,34.77366182561457,-1.2292990684509277,5.29948091506958,7.169031620025635,3.0,3.0,3.0,2.0,3.0,openness,low_agreeableness,1.2069360834120266,,,,,,nan,nan
sage,mythic_spiritual,-30.69582847576372,-30.20544571455661,-17.78081301556849,0.9172822833061218,1.4718297719955444,7.160345554351807,5.0,2.0,3.0,3.0,3.0,openness,high_openness,2.4221790024063816,,,,37.424188535493535,41.738864458783894,28.815307876203413,24.500631952913054
scheduler,procedural_professional,37.321814471208434,2.676388806658074,1.1496197091280724,-4.731253623962402,5.165813446044922,9.268259048461914,2.0,5.0,2.0,3.0,1.0,conscientiousness,high_conscientiousness,2.572521500515423,,,,28.48436969280005,7.299337596051473,-14.340093977535268,6.84493811921331
scholar,procedural_professional,36.468958882040695,-21.0450655096366,8.530280128247451,-4.671001434326172,4.8531575202941895,7.297971248626709,2.0,4.0,2.0,3.0,2.0,conscientiousness,low_openness,1.4759086797812673,,,,,,nan,nan
scientist,procedural_professional,41.45494685663233,-11.640064626231423,9.727141913951607,-5.297300815582275,5.2275309562683105,7.779034614562988,2.0,4.0,2.0,3.0,1.0,conscientiousness,low_neuroticism,2.025187239277052,,,,13.566885391109391,17.641617824644012,2.613183351390205,-1.4615490821444155
scout,procedural_professional,10.486657787173451,-3.8759314796454287,7.87455552745396,-2.8684427738189697,4.766185760498047,8.170060157775879,2.0,4.0,2.0,3.0,2.0,conscientiousness,low_openness,1.4759086797812673,,,,15.372637473217804,13.09958710981548,0.2324778271841197,2.5055281905864426
screener,editorial,42.995156133991685,-2.39649664133981,3.826972743721189,-5.454843044281006,5.051543712615967,8.74459171295166,2.0,5.0,2.0,3.0,2.0,conscientiousness,high_conscientiousness,2.166746396682639,,,,10.52719589450483,9.171656320640075,-8.416622394983722,-7.061082821118968
secretary,editorial,40.75581360051938,-3.400106307860851,-1.0785932234990327,-4.954437732696533,5.072711944580078,9.180785179138184,2.0,4.0,2.0,3.0,2.0,conscientiousness,low_openness,1.4759086797812673,,,,17.660044446017526,16.043537015641824,1.6966255334145934,3.313132963790295
shaman,mythic_spiritual,-41.922688820958996,-32.19495044619671,-27.77048968208512,1.2870887517929077,1.266121745109558,6.875932693481445,5.0,2.0,3.0,3.0,3.0,openness,high_openness,2.4221790024063816,,,,16.022689567391165,15.517116440781198,13.27402291398634,13.779596040596306
shapeshifter,grounded_social,-26.647735184557913,-7.225543854629948,-3.3413811694583466,-0.049889348447322845,2.835801362991333,6.990644454956055,3.0,3.0,3.0,3.0,3.0,openness,high_neuroticism,0.7478360863224406,,,,16.37924846057162,14.11234540211599,-2.350173214290068,-0.08327015583443753
simulacrum,mythic_spiritual,-21.38533605171265,-19.503990008211446,17.065599437819337,0.06496798247098923,2.438565492630005,6.6411004066467285,5.0,2.0,3.0,3.0,3.0,openness,high_openness,2.4221790024063816,,,,16.39318180258555,33.721911786841616,17.328704818557984,-2.516569808364011e-05
skeptic,procedural_professional,32.78735612744292,-6.743944319561846,18.661728083893475,-5.295613765716553,5.114901542663574,7.8681206703186035,2.0,4.0,2.0,3.0,2.0,conscientiousness,low_openness,1.4759086797812673,,,,22.980179155653982,19.14865522217804,19.62374279033229,23.455266723808233
smuggler,grounded_social,-25.84383518717147,33.794271715592984,28.07200569069253,-0.6126294136047363,5.287734031677246,7.533935070037842,3.0,3.0,3.0,3.0,3.0,openness,high_neuroticism,0.7478360863224406,,,,50.95542953474488,40.56924215512651,18.945445652614964,29.331633032233334
sociologist,procedural_professional,38.94756716727558,-14.409399554429193,1.9980951792384123,-4.766140937805176,5.0236406326293945,7.3465118408203125,2.0,4.0,2.0,3.0,2.0,conscientiousness,low_openness,1.4759086797812673,,,,,,nan,nan
soldier,grounded_social,-2.8266904713188667,10.681442546437353,13.901980738432863,-2.648327589035034,4.95884895324707,8.513250350952148,3.0,3.0,3.0,3.0,3.0,openness,high_neuroticism,0.7478360863224406,,,,,,nan,nan
sommelier,procedural_professional,-0.15503864043798127,-5.315890182727939,-4.9826498220809325,-2.3858141899108887,3.8322813510894775,7.707084655761719,3.0,3.0,3.0,3.0,3.0,openness,high_neuroticism,0.7478360863224406,,,,17.040475153894505,12.145257326746291,10.498059854117951,15.393277681266165
specialist,procedural_professional,38.63777640443185,-9.666786052619527,12.790065998092805,-4.969511985778809,5.3549017906188965,7.991761207580566,2.0,4.0,2.0,3.0,2.0,conscientiousness,low_openness,1.4759086797812673,,,,27.0172347032072,19.15699175699644,5.805059235254454,13.665302181465215
spirit,mythic_spiritual,-45.035815948936886,-33.236635908005,-18.03356717774794,1.3889431953430176,1.4799648523330688,6.7279744148254395,5.0,2.0,3.0,3.0,3.0,openness,high_openness,2.4221790024063816,,,,,,nan,nan
spy,procedural_professional,0.7214741115843969,2.5354264968315796,32.136985625952626,-1.1345112323760986,5.445329666137695,7.346097946166992,3.0,3.0,3.0,3.0,3.0,openness,high_neuroticism,0.7478360863224406,,,,24.19501848207329,28.06289161706971,2.9360662345830626,-0.9318069004133562
statistician,procedural_professional,43.07473713356422,-8.21728392495824,15.73314631389742,-5.236019134521484,5.524275302886963,7.966559410095215,2.0,5.0,2.0,3.0,1.0,conscientiousness,high_conscientiousness,2.572521500515423,,,,10.687699696051444,10.50994983533457,7.7207460187787955,7.89849587949567
stoic,mythic_spiritual,-16.300379538129004,-29.333745627334576,-3.20219025360381,0.8020082712173462,1.3254836797714233,7.1852707862854,5.0,2.0,3.0,3.0,2.0,openness,high_openness,2.406247710185985,,,,29.658860455483254,26.909196080862664,8.105973824998909,10.855638199619499
strategist,procedural_professional,38.9557933744592,-7.521119969919954,7.989249833111098,-4.62351131439209,5.308443546295166,8.588227272033691,2.0,4.0,2.0,3.0,2.0,conscientiousness,low_openness,1.4759086797812673,,,,,,nan,nan
student,editorial,20.81685713617336,23.378311113767314,-17.442826028696395,-3.3113794326782227,3.9228596687316895,9.51573657989502,3.0,3.0,3.0,3.0,3.0,openness,high_neuroticism,0.7478360863224406,,,,40.7364526157329,39.6177417342767,11.098031859257624,12.216742740713826
summarizer,editorial,35.58842675337847,-0.9752283891257458,-6.657898590395346,-4.939144611358643,4.537771701812744,8.756885528564453,2.0,4.0,2.0,3.0,2.0,conscientiousness,low_openness,1.4759086797812673,,,,25.266192283259617,15.111664982172222,11.727895376294715,21.88242267738211
supervisor,editorial,44.39804594681053,-2.5890623851627366,-0.5052266553764483,-4.942007541656494,5.073806285858154,9.20028305053711,2.0,4.0,2.0,3.0,2.0,conscientiousness,low_openness,1.4759086797812673,,,,14.062744287287149,18.53403900346592,-2.7880091045584905,-7.259303820737262
surfer,grounded_social,-33.84194233730876,21.92804200930791,-9.514136531746013,-0.9139962196350098,3.206395387649536,8.157061576843262,3.0,3.0,3.0,3.0,3.0,openness,high_neuroticism,0.7478360863224406,,,,19.459864308774044,15.385408884436796,-0.7731125254515803,3.301342898885668
survivor,grounded_social,-23.30115962922561,20.545113327824595,-18.175498484437124,-0.8131288290023804,3.192044496536255,9.047107696533203,3.0,3.0,3.0,3.0,3.0,openness,high_neuroticism,0.7478360863224406,,,,14.361226083032053,15.71678744003406,2.081379446890809,0.7258180898888007
swarm,procedural_professional,-5.266618987781208,-30.70026996775231,3.3404246153303654,-0.3981787860393524,2.5893869400024414,6.423035621643066,2.0,4.0,2.0,3.0,2.0,conscientiousness,low_openness,1.4759086797812673,,,,39.46451249379288,36.19786522939801,-1.7242884127027267,1.5423588516921427
symbiont,procedural_professional,6.654007830817042,-11.553818242467079,-9.936103221592393,-2.9397852420806885,3.5734431743621826,8.000509262084961,2.0,4.0,2.0,3.0,2.0,conscientiousness,low_openness,1.4759086797812673,,,,12.97365242125106,28.263342501512785,5.465038784372293,-9.824651295889431
synthesizer,procedural_professional,25.531550663996846,-8.163528064461934,0.06185161397597406,-3.9697439670562744,4.831836700439453,7.810980319976807,2.0,4.0,2.0,3.0,2.0,conscientiousness,low_openness,1.4759086797812673,,,,15.0308756209531,8.26861986981011,4.64462917794253,11.406884929085521
teacher,procedural_professional,28.38859130898007,9.316784674518882,-11.634934981002464,-3.805328130722046,4.073988914489746,9.367071151733398,2.0,4.0,2.0,4.0,2.0,conscientiousness,high_agreeableness,1.8113173475726958,,,,15.30011185834183,2.3827494682007195,-3.9209300801778326,8.996432309963279
technologist,procedural_professional,30.890109988819464,-1.7713689620677464,9.250463340373742,-4.3247504234313965,5.450212001800537,8.304108619689941,2.0,4.0,2.0,3.0,2.0,conscientiousness,low_openness,1.4759086797812673,,,,20.910455428560763,36.277687357137395,26.72076468940904,11.353532760832408
teenager,other,-13.392084759661035,78.11385466430272,-6.473981479904956,-0.6759573817253113,4.004549980163574,8.792505264282227,3.0,3.0,3.0,3.0,4.0,neuroticism,high_neuroticism,1.6236323133422608,,,,53.062571203592846,61.1419612683065,12.369978863543373,4.290588798829717
theorist,procedural_professional,33.60711550517487,-24.466824276699434,13.312624349869294,-4.717075824737549,5.167726516723633,7.291407108306885,2.0,4.0,2.0,3.0,2.0,conscientiousness,low_openness,1.4759086797812673,,,,16.966992386449174,19.105553131019246,3.3648418248315757,1.2262810802615043
therapist,procedural_professional,13.067798551756258,12.359938576595496,-34.5332749067653,-2.4367177486419678,3.3774237632751465,9.353714942932129,2.0,4.0,2.0,4.0,2.0,conscientiousness,high_agreeableness,1.8113173475726958,,,,14.63095632310341,16.30958410962818,-5.132380460577409,-6.811008247102178
toddler,other,-36.26829149106755,71.15643414894168,-12.32570459891771,-0.38936829566955566,3.984220027923584,8.294317245483398,3.0,2.0,3.0,3.0,2.0,openness,low_conscientiousness,1.4020885202438083,,,,59.770927544176295,73.61352223123517,4.39081005975455,-9.45178462730432
traditionalist,procedural_professional,2.384568476020738,-26.883152226166754,-6.692218475542111,-3.6139135360717773,3.934687614440918,7.426458358764648,5.0,2.0,3.0,3.0,3.0,openness,high_openness,2.4221790024063816,,,,31.094784326822435,37.6730838450522,-4.776919997619917,-11.35521951584968
trainer,procedural_professional,33.86329658482686,5.128512002659794,-1.9511173730469393,-4.1501288414001465,4.467609405517578,9.267854690551758,2.0,4.0,2.0,3.0,2.0,conscientiousness,low_openness,1.4759086797812673,,,,11.778764497373013,11.882307590294598,6.456468281547318,6.352925188625733
translator,editorial,23.28557819127713,5.10416318347205,0.649724582847078,-5.166555404663086,4.450515270233154,8.686873435974121,2.0,4.0,2.0,3.0,2.0,conscientiousness,low_openness,1.4759086797812673,,,,16.70800415600322,29.88351945905548,-0.7282456711146121,-13.903760974166874
tree,mythic_spiritual,-48.76608960855459,-28.499335361038153,-14.62457723030117,1.257038950920105,2.338477373123169,6.993789196014404,4.0,2.0,3.0,3.0,3.0,openness,low_conscientiousness,1.7189715552069094,,,,24.386324104558316,17.517793855734148,3.468268408316007,10.336798657140175
trickster,trickster_chaos,-35.02203055935166,19.740619976937417,20.906417185849257,-0.2551865577697754,4.261767864227295,7.67490816116333,5.0,2.0,4.0,1.0,3.0,openness,high_openness,3.401506698949023,,,,28.494797338249025,36.86326004477888,-4.083158078135735,-12.451620784665593
tulpa,grounded_social,-9.203232664884572,-0.9329387632418046,-9.498608615494629,-1.554407000541687,3.319135904312134,7.937505722045898,2.0,4.0,2.0,3.0,2.0,conscientiousness,low_openness,1.4759086797812673,,,,,,nan,nan
tutor,procedural_professional,29.91893130797252,9.024817184391317,-7.572057772450955,-3.82442045211792,4.044434070587158,9.328810691833496,2.0,4.0,2.0,3.0,2.0,conscientiousness,low_openness,1.4759086797812673,,,,,,nan,nan
validator,procedural_professional,44.30645644159651,-6.813154727968516,10.36523342895664,-5.5113019943237305,5.017136096954346,8.362589836120605,2.0,5.0,2.0,3.0,2.0,conscientiousness,high_conscientiousness,2.166746396682639,,,,6.8724219079181355,8.694284447991407,12.887072341117783,11.06520980104451
vampire,mythic_spiritual,-52.70663892473427,-20.563291307021657,21.594651222853365,1.0749716758728027,2.3614883422851562,6.206948280334473,5.0,2.0,3.0,2.0,3.0,openness,high_openness,2.6008435203091844,,,,32.22717859421213,42.42600275887037,21.86210614998214,11.663281985323898
vegan,procedural_professional,15.417498882892984,8.613726217274802,-22.189044187561063,-3.166335344314575,3.26570200920105,8.852892875671387,2.0,4.0,2.0,3.0,2.0,conscientiousness,low_openness,1.4759086797812673,,,,,,nan,nan
veteran,grounded_social,7.8689891713916955,19.690851418491288,1.712933634578782,-2.8483617305755615,4.82159948348999,8.737778663635254,3.0,3.0,3.0,3.0,3.0,openness,high_neuroticism,0.7478360863224406,,,,27.847996370024575,4.7599077372596765,4.424902522677854,27.51299115544275
veterinarian,procedural_professional,26.870204603105016,0.836878051988438,-11.75371031629888,-4.640276908874512,4.1305999755859375,9.317781448364258,2.0,4.0,2.0,3.0,2.0,conscientiousness,low_openness,1.4759086797812673,,,,12.939740050768973,16.254235197548315,-2.3847653227994847,-5.699260469578826
vigilante,grounded_social,-18.71303880930195,21.98539461037917,23.789986346018452,-0.7337659001350403,5.315479278564453,7.4629082679748535,3.0,3.0,3.0,3.0,3.0,openness,high_neuroticism,0.7478360863224406,,,,20.435226592732086,26.586543174277722,-2.0871586495766934,-8.23847523112233
virtuoso,procedural_professional,-9.471958342930249,-14.786538624368626,2.298527095935752,-1.9634145498275757,3.445957660675049,7.387216567993164,5.0,2.0,3.0,3.0,3.0,openness,high_openness,2.4221790024063816,,,,38.30342293006061,22.313252926469005,-10.467472276119729,5.522697727471879
virus,mythic_spiritual,-10.626605841617902,-12.916098932286364,25.669757948924474,-0.20674937963485718,2.9254472255706787,6.544266223907471,5.0,2.0,3.0,3.0,3.0,openness,high_openness,2.4221790024063816,,,,32.57715943284334,27.36995306994,-9.671038245290728,-4.463831882387389
visionary,procedural_professional,1.057842538501663,-7.986157718564932,1.5176249827998394,-2.040940523147583,3.8244681358337402,7.202103137969971,2.0,4.0,2.0,3.0,2.0,conscientiousness,low_openness,1.4759086797812673,,,,22.02395993732892,13.905538619696621,-1.2095506664884041,6.908870651143896
void,mythic_spiritual,-49.02239086855907,-31.379615777804243,11.645944759960262,0.8523914813995361,2.1149609088897705,6.332648754119873,5.0,2.0,3.0,3.0,3.0,openness,high_openness,2.4221790024063816,,,,16.7260724412972,5.695030422643278,7.1478502995868105,18.178892318240734
wanderer,mythic_spiritual,-41.612730575380695,-5.17095046206133,-10.129626516069886,0.3411756157875061,2.4069371223449707,7.455716609954834,5.0,2.0,3.0,3.0,3.0,openness,high_openness,2.4221790024063816,,,,10.778407031646905,11.136418740954046,20.939179446404452,20.581167737097314
warrior,mythic_spiritual,-34.94163884098064,-6.8594433069979255,9.63641942456257,0.4854053854942322,2.2069180011749268,6.924564361572266,5.0,2.0,3.0,3.0,3.0,openness,high_openness,2.4221790024063816,,,,,,nan,nan
whale,mythic_spiritual,-40.87594132624885,-24.119165503470025,-10.280914008528663,1.32803213596344,2.1787900924682617,6.8268022537231445,5.0,2.0,3.0,3.0,3.0,openness,high_openness,2.4221790024063816,,,,16.825526118709274,28.09425508003788,1.2030937265602937,-10.065635234768312
widow,grounded_social,-28.683472393908232,16.4080262633837,-34.32112816287379,-0.7620784044265747,3.1214423179626465,9.178342819213867,3.0,3.0,2.0,3.0,4.0,neuroticism,high_neuroticism,1.6515922561286829,,,,,,nan,nan
wind,mythic_spiritual,-46.81524454594816,-19.437627983649218,-13.076072518816154,0.9741402268409729,2.212148666381836,7.149366855621338,5.0,2.0,3.0,3.0,3.0,openness,high_openness,2.4221790024063816,,,,26.24959344532695,28.16652769899457,24.217774094485222,22.300839840817602
witch,mythic_spiritual,-47.543469256992424,-31.340770750922857,-2.99089679316282,1.3512567281723022,1.5575883388519287,6.587419033050537,5.0,2.0,3.0,3.0,3.0,openness,high_openness,2.4221790024063816,,,,,,nan,nan
witness,procedural_professional,9.221539526367058,-6.413584632507462,-3.6001334870817177,-3.475919008255005,3.9305973052978516,7.885791778564453,2.0,4.0,2.0,3.0,2.0,conscientiousness,low_openness,1.4759086797812673,,,,15.659022843896311,8.139830046798362,2.474979434092999,9.994172231190948
workaholic,combative_iconoclast,2.566650305976661,19.360138421547973,23.982014153411292,-1.3361921310424805,4.878040313720703,7.2352190017700195,4.0,2.0,3.0,2.0,3.0,openness,low_conscientiousness,1.9627274658103602,,,,35.7416775110064,36.08169070591819,-0.5874360737729347,-0.9274492686847253
wraith,mythic_spiritual,-58.95648821507856,-28.847311759452662,7.198146877650129,1.2504103183746338,2.1860480308532715,6.309576034545898,5.0,2.0,3.0,3.0,3.0,openness,high_openness,2.4221790024063816,,,,22.683546500087452,13.968486832228566,-0.020028191001376427,8.69503147685751
writer,procedural_professional,4.197414687593498,-2.1361915094033432,-6.619327394133311,-2.2728257179260254,3.5577123165130615,7.746585369110107,3.0,4.0,2.0,3.0,2.0,conscientiousness,high_conscientiousness,1.0442194899261341,,,,13.737682111457861,26.22635939097475,3.6668427595614155,-8.821834519955473
zealot,mythic_spiritual,-33.94084646222722,-18.761290713030473,26.199381490772637,0.44216230511665344,2.0749800205230713,6.462985992431641,3.0,3.0,3.0,3.0,2.0,openness,low_neuroticism,0.694503948932609,,,,,,nan,nan
zeitgeist,procedural_professional,-8.77795744259559,-7.4828251640410945,2.597626692509227,-1.8157380819320679,3.7312698364257812,7.149282455444336,5.0,2.0,3.0,3.0,3.0,openness,high_openness,2.4221790024063816,,,,,,nan,nan
